id,lng,lat,position,COMID,outlet_id
UKEA-037048U,0.624437,51.746683,0.45995165267398647,23005484,UKEA-037048U
UKEA-F0803,-1.282505,53.512713,0.5102314661488734,23002461,UKEA-F0908
UKEA-SS90F011,-3.511302,50.804172,0.5311889477568653,23010062,UKEA-SX99U053
UKEA-F3606,-1.438958,54.488963,0.7921762117124443,23001843,UKEA-F3606
UKEA-F1301,-1.382684,53.726053,0.912073774270434,23002252,UKEA-F1806
UKEA-2038,-3.110219,52.794359,0.6796713531873259,23005858,UKEA-2606
UKEA-F1306,-1.6344,53.688804,0.7908427033749175,23002339,UKEA-F1806
UKEA-680504,-2.492504,53.167657,0.027386057549375876,23001938,UKEA-680504
UKEA-4061,-2.027783,53.065004,0.08351190355381202,23004954,UKEA-4022
UKEA-S19589_FW,-4.898882,50.319157,0.32934058421790846,23011811,UKEA-S19589_FW
UKEA-453230001,0.453946,51.133145,0.2642694725971884,23010980,UKEA-453103001
UKEA-030003,-0.14688,53.131446,0.5655743190399718,23002681,UKEA-030003
UKEA-4022,-0.799124,53.13617,0.75203712737299,23001887,UKEA-4022
UKEA-4018,-1.648793,52.856568,0.5944851568438995,23004621,UKEA-4022
UKEA-556500002,0.398356,51.011714,0.5277097800221217,23011115,UKEA-556505001
UKEA-680301,-2.518975,52.983547,0.05458093018854051,23001949,UKEA-680504
UKEA-1100TH,-1.366311,51.757588,0.8575127685572101,23005279,UKEA-3400TH
UKEA-F2206,-1.708807,54.26919,0.4079438249909755,23002321,UKEA-F2405
UKEA-4074,-1.271689,52.831572,0.6553782771033649,23005311,UKEA-4022
UKEA-023008,-2.208034,55.143073,0.8747733516304925,23001127,UKEA-023001
UKEA-744312,-3.529373,54.440158,0.18155788368438042,23002059,UKEA-744312
UKEA-3069TH,-0.570321,51.206851,0.980170695898311,23012955,UKEA-3400TH
UKEA-SS92F008,-3.531302,51.021811,0.9700042470846209,23012975,UKEA-SX99U053
UKEA-F1003,-1.786263,53.6381,0.9614371780840938,23002920,UKEA-F1806
UKEA-SX65F051,-3.911239,50.363155,0.49513786266131204,23011859,UKEA-SX65F051
UKEA-SX35F068,-4.331163,50.413192,0.34832293328746666,23011889,UKEA-SX35F068
UKEA-4012,-1.805621,52.756966,0.5294025581734082,23004791,UKEA-4022
UKEA-530550,-2.15812,51.582035,0.5915677837608586,23006782,UKEA-530188
UKEA-F1806,-1.197656,53.722944,0.91639333669207,23002162,UKEA-F1806
UKEA-SX25F064,-4.394536,50.410438,0.6210341691972705,23011894,UKEA-SX25F064
UKEA-F1503,-1.984643,53.9073,0.8479535869929842,23002635,UKEA-F1806
UKEA-531450,-2.507113,51.380453,0.804565378879254,23013273,UKEA-531450
UKEA-740101,-3.218047,54.341859,0.7099889547816405,23004260,UKEA-740102
UKEA-SX06F057,-4.757174,50.474183,0.726266427711008,23011023,UKEA-SX06F057
UKEA-U32001,-0.897134,52.230695,0.02072750273719451,23005789,UKEA-U32610
UKEA-530176,-2.266665,51.342781,0.6358184577251679,23009540,UKEA-530188
UKEA-SX47F051,-4.221847,50.531269,0.5535302304313162,23010204,UKEA-SX47F051
UKEA-520110,-2.911994,50.964864,0.6422301474781078,23012635,UKEA-520894
UKEA-2092,-1.621546,52.062415,0.4060310987134896,23006273,UKEA-2606
UKEA-681006,-2.209408,53.16629,0.031898329166909996,23002627,UKEA-681210
UKEA-2700TH,-0.589344,51.485663,0.13689720252784424,23009327,UKEA-3400TH
UKEA-760101,-2.351872,54.482067,0.7702898855719511,23004290,UKEA-765512
UKEA-3400TH,-0.307629,51.415482,0.05641554853468906,23009318,UKEA-3400TH
UKEA-761260,-2.743525,54.555648,0.9845411437684284,23001320,UKEA-765512
UKEA-2279TH,-1.185506,51.379163,0.3813146704936275,23010762,UKEA-3400TH
UKEA-F2505,-0.93696,54.203804,0.9360072612272375,23002819,UKEA-F2807
UKEA-700325,-2.626059,53.549186,0.38364147760175654,23003770,UKEA-700306
UKEA-4023,-1.728027,53.223891,0.5145216327553863,23002818,UKEA-4022
UKEA-2002,-1.94292,52.091994,0.5685204981909662,23005132,UKEA-2606
UKEA-445512,-2.394795,50.714835,0.6908857507110031,23010693,UKEA-445910
UKEA-4008,-1.834061,52.954325,0.7138184545697466,23004682,UKEA-4022
UKEA-735430,-2.974952,54.268069,0.7400694717999845,23002853,UKEA-735430
UKEA-SX56F057,-4.098343,50.509853,0.4865955668846951,23012062,UKEA-SX46F003
UKEA-023001,-1.94043,54.949776,0.532271836463308,23001018,UKEA-023001
UKEA-692524,-2.17491,53.407,0.28319136140936696,23002442,UKEA-692726
UKEA-2050,-1.431452,52.31619,0.16396784706499096,23005929,UKEA-2606
UKEA-2606,-2.193572,51.969234,0.28657074013514383,23005007,UKEA-2606
UKEA-4046,-1.7819,53.056088,0.9578158098273591,23003236,UKEA-4022
UKEA-SX48F012,-4.242004,50.65805,0.7765242143216972,23012282,UKEA-SX47F051
UKEA-032806,-0.944102,52.225335,0.972056887594522,23006146,UKEA-U32610
UKEA-SS51F004,-4.137288,50.946929,0.25661534849359297,23010030,UKEA-SS51F004
UKEA-432520,-1.771751,51.036463,0.9347718343203538,23012804,UKEA-432610
UKEA-724326,-2.591307,54.125423,0.856618520521491,23004100,UKEA-724629
UKEA-152208202,-1.335534,50.990385,0.44077911214061366,23010265,UKEA-152210001
UKEA-432610,-1.77706,50.928396,0.9011262901014813,23009999,UKEA-432610
UKEA-2200TH,-0.967862,51.46101,0.20793435259411436,23009536,UKEA-3400TH
UKEA-U32610,-0.406558,52.583021,0.8769391754576452,23005184,UKEA-U32610
UKEA-031031,-0.49678,52.64228,0.37969003165651427,23005385,UKEA-031031
UKEA-030021,-0.188736,53.102962,0.8607001328818645,23002681,UKEA-030003
UKEA-022007,-1.727492,55.166104,0.980957619175116,23001135,UKEA-022007
UKEA-735022,-2.970683,54.429259,0.8923183672428231,23004310,UKEA-735430
UKEA-692348,-1.996738,53.357485,0.8664420504833837,23002955,UKEA-692726
UKEA-F2306,-1.653202,54.388806,0.09040165636543543,23002284,UKEA-F2405
UKEA-692366,-1.993295,53.374428,0.7128476083665013,23003530,UKEA-692726
UKEA-724427,-2.605742,54.105893,0.14095598386622646,23002914,UKEA-724629
UKEA-2011,-2.193836,52.255419,0.0322831224017928,23006042,UKEA-2606
UKEA-F2313,-1.354886,54.183461,0.8316470660330684,23002622,UKEA-F2405
UKEA-024009,-1.560651,54.855018,0.99,23001024,UKEA-024009
UKEA-4142,-1.860483,52.976922,0.78256871597503,23004954,UKEA-4022
UKEA-4015,-0.96352,53.398039,0.5653691459840889,23002333,UKEA-4015
UKEA-4043,-1.611159,53.211702,0.4603777603051057,23002504,UKEA-4022
UKEA-351520004,0.175071,50.82568,0.4642467915564555,23011173,UKEA-351520004
UKEA-ST00F008,-3.39234,50.843162,0.11553901718932906,23010651,UKEA-SX99U053
UKEA-F2002,-1.275556,53.891069,0.7059657918205376,23002141,UKEA-F2002
UKEA-762505,-2.830506,54.889932,0.8716816901948338,23000962,UKEA-765512
UKEA-654306001,0.9303,51.185494,0.449204807376347,23010731,UKEA-654400001
UKEA-036008,0.665604,52.085246,0.7870215555187596,23005898,UKEA-036015
UKEA-4026,-1.613106,52.627223,0.5167531904772776,23006037,UKEA-4022
UKEA-710305,-2.424337,53.848003,0.8582104340110839,23002337,UKEA-713056
UKEA-2608,-2.716578,52.65661,0.48815983597331747,23006594,UKEA-2606
UKEA-SS60F015,-3.88636,50.845636,0.6329426264653655,23012376,UKEA-SS62F001
UKEA-530450,-2.268742,51.417955,0.7639894948520105,23013478,UKEA-530188
UKEA-SX38F071,-4.267489,50.647232,0.27529878854490464,23010965,UKEA-SX47F051
UKEA-152210001,-1.368447,50.935768,0.9491640311821535,23010242,UKEA-152210001
UKEA-735123,-2.98839,54.422024,0.8350496305912302,23004304,UKEA-735430
UKEA-730120,-2.771951,54.36176,0.8110547713208517,23004285,UKEA-730511
UKEA-730511,-2.755861,54.280023,0.5292998921539588,23002802,UKEA-730511
UKEA-690140,-2.317469,53.677543,0.27293533941779385,23003858,UKEA-690503
UKEA-520540,-3.313908,50.974522,0.4002266040242009,23012854,UKEA-520894
UKEA-2001,-2.321186,52.383072,0.03773061082905516,23005031,UKEA-2606
UKEA-033034,0.720787,52.425882,0.24639659276372863,23005638,UKEA-033034
UKEA-520575,-3.100618,51.020017,0.3749695702294404,23010369,UKEA-520894
UKEA-4091,-1.053168,53.37721,0.09998952267108029,23002514,UKEA-4091
UKEA-055018,-2.563485,52.081345,0.16871256720032202,23005979,UKEA-055018
UKEA-SX47F022,-4.142658,50.550625,0.6095981528754313,23012184,UKEA-SX46F003
UKEA-730203,-2.748154,54.358126,0.8242827673344213,23004284,UKEA-730511
UKEA-SX38F072,-4.279531,50.63561,0.2883513898241516,23010806,UKEA-SX47F051
UKEA-692423,-2.141961,53.42334,0.9364658768719584,23003006,UKEA-692726
UKEA-693032,-2.475817,53.440813,0.5354011781825019,23002797,UKEA-693032
UKEA-F1903,-1.862157,53.939703,0.4377087696410208,23002473,UKEA-F2002
UKEA-1489TH,-1.242338,51.819748,0.9460827432406828,23005837,UKEA-3400TH
UKEA-SX87U053,-3.682853,50.595603,0.6594466734251964,23012216,UKEA-SX87U053
UKEA-743509,-3.489083,54.426631,0.24338680432262141,23004315,UKEA-743509
UKEA-034003,1.251856,52.819451,0.15114152759588534,23006150,UKEA-034019
UKEA-254250008,-0.406225,51.086792,0.0872007031682214,23010829,UKEA-254210010
UKEA-2027,-2.247391,51.740081,0.041779077817295715,23005967,UKEA-2027
UKEA-021038,-2.160907,55.674765,0.17671576742232822,23001057,UKEA-021038
UKEA-F3412,-0.816848,53.825908,0.6222634134670868,23004020,UKEA-F3412
UKEA-690205,-2.293258,53.565791,0.9418102727443387,23002872,UKEA-690503
UKEA-F0304,-1.352044,53.366838,0.6268926692079997,23002682,UKEA-F0908
UKEA-444310,-2.253329,50.739653,0.5582712498646859,23010966,UKEA-444510
UKEA-SX56F056,-4.083214,50.431758,0.4126483004551186,23011022,UKEA-SX56F056
UKEA-713056,-2.453428,53.833722,0.035309814717523334,23002273,UKEA-713056
UKEA-U30001,-0.57145,53.174694,0.08596125077681321,23001975,UKEA-U30001
UKEA-760112,-2.364692,54.51271,0.07628915423504029,23000980,UKEA-765512
UKEA-763308,-2.803045,54.914677,0.3497518424125018,23001056,UKEA-765512
UKEA-024008,-1.733561,54.67286,0.5303364811303519,23001075,UKEA-024009
UKEA-530850,-2.06563,51.455677,0.5523949547929122,23011141,UKEA-530188
UKEA-690203,-2.178685,53.611067,0.07087942704178053,23002872,UKEA-690503
UKEA-3290TH,-0.376781,51.382361,0.9106703508969834,23010587,UKEA-3400TH
UKEA-151804002,-1.398321,51.177889,0.8390453069400452,23013019,UKEA-151816003
UKEA-F2405,-1.134472,53.991268,0.38421261306360766,23002096,UKEA-F2405
UKEA-037010,0.674457,51.810531,0.5985563376691272,23005493,UKEA-037010
UKEA-2019,-1.512833,52.340881,0.9625218148150928,23005924,UKEA-2606
UKEA-033046,0.938899,52.492126,0.416622820371341,23006399,UKEA-033034
UKEA-2134,-2.525182,52.636218,0.26930817847081506,23005059,UKEA-2606
UKEA-SS92F014,-3.519966,51.02311,0.3834352694254375,23010621,UKEA-SX99U053
UKEA-520560,-3.133699,51.019008,0.9560676914584179,23010466,UKEA-520894
UKEA-033021,0.067146,52.151539,0.4140540207631335,23005914,UKEA-033021
UKEA-750504,-3.050402,54.61374,0.8250088433138411,23001381,UKEA-753050
UKEA-763201,-2.686891,54.894577,0.20644018876357895,23001478,UKEA-765512
UKEA-432130,-1.78526,51.171523,0.19486109260913503,23010345,UKEA-432610
UKEA-3870TH,-0.344873,51.527366,0.5787714766744749,23009627,UKEA-3870TH
UKEA-2024,-2.375983,52.555338,0.4374995773982189,23006068,UKEA-2606
UKEA-521010,-2.719229,51.191645,0.6088374250841702,23013082,UKEA-521010
UKEA-F3501,-1.601051,54.518355,0.07354426657024997,23001857,UKEA-F3606
UKEA-751612,-3.318128,54.580895,0.22850349550478077,23001340,UKEA-753050
UKEA-352810006,0.034122,50.974053,0.7957764917443835,23010978,UKEA-352710015
UKEA-F2102,-1.265485,53.998494,0.7419308899594955,23002265,UKEA-F2405
UKEA-4080,-1.694665,52.5408,0.22925074420712035,23005560,UKEA-4022
UKEA-694039,-2.622247,53.425074,0.11120390044209194,23002766,UKEA-694039
UKEA-4082,-1.201646,52.571046,0.5353163312891062,23006337,UKEA-4022
UKEA-F1707,-1.575189,53.801967,0.9187393696971365,23002315,UKEA-F1806
UKEA-4031,-1.792803,53.053591,0.9041407915522635,23002798,UKEA-4022
UKEA-SS50F007,-4.090328,50.793341,0.33331509032572887,23012430,UKEA-SS51F004
UKEA-2057,-2.227052,51.94917,0.7680733252853358,23005007,UKEA-2606
UKEA-530270,-2.523597,51.492605,0.20219932727012266,23009631,UKEA-530270
UKEA-1790_w1TH,-1.305216,51.666719,0.4864096599971029,23005768,UKEA-3400TH
UKEA-033044,0.877025,52.432388,0.26752593795681906,23006096,UKEA-033034
UKEA-2032,-2.200467,52.049581,0.4883155441800217,23005013,UKEA-2606
UKEA-445310,-2.573669,50.77696,0.01,23011210,UKEA-445910
UKEA-654802012,1.255693,51.324401,0.9838937304811955,23011233,UKEA-654802012
UKEA-751613,-3.348254,54.640384,0.7396528875811179,23001340,UKEA-753050
UKEA-713122,-2.661773,53.74458,0.8675139199015334,23002880,UKEA-713122
UKEA-SX36F069,-4.298958,50.44025,0.7545456713599995,23012106,UKEA-SX36F069
UKEA-432210,-1.862553,51.076386,0.9451096226480153,23011138,UKEA-432610
UKEA-034019,1.35556,52.724414,0.5889647166099262,23005760,UKEA-034019
UKEA-4003,-1.751692,52.520795,0.30194759502454743,23005700,UKEA-4022
UKEA-F2216,-1.518334,54.133409,0.3231516340324342,23002692,UKEA-F2405
UKEA-F2480,-1.222971,54.036111,0.92501792457211,23002869,UKEA-F2405
UKEA-445910,-2.189221,50.681052,0.444239642285794,23010180,UKEA-445910
UKEA-022009,-1.895897,55.308429,0.5127728125718041,23001092,UKEA-022001
UKEA-023003,-2.149371,55.053461,0.59587292976511,23001044,UKEA-023001
UKEA-030902,-0.402379,53.27521,0.025405188031982717,23002830,UKEA-030902
UKEA-SX74F051,-3.800826,50.314236,0.32995484197487923,23011904,UKEA-SX74F051
UKEA-530188,-2.487911,51.419109,0.9304701564664253,23009513,UKEA-530188
UKEA-542349,-2.460679,51.686426,0.9550841470656302,23006564,UKEA-542349
UKEA-037005,0.851047,51.898986,0.6441510336352165,23006090,UKEA-037005
UKEA-254240009,-0.488686,51.067869,0.9226896562773373,23012952,UKEA-254210010
UKEA-3090TH,-0.466322,51.37248,0.021041665667262923,23009863,UKEA-3400TH
UKEA-1420TH,-1.332824,52.066089,0.19958614993263182,23006036,UKEA-3400TH
UKEA-681210,-2.499577,53.242047,0.6268961242197263,23002328,UKEA-681210
UKEA-5280TH,0.006126,51.770008,0.7848223486854374,23005467,UKEA-5390TH
UKEA-254340011,-0.786918,50.999224,0.43580437501749897,23011078,UKEA-254310002L
UKEA-530240,-2.481149,51.537798,0.10094931113735633,23006596,UKEA-530270
UKEA-4067,-1.345613,52.880546,0.8287192120133429,23004858,UKEA-4022
UKEA-2604TH,-0.70203,51.52419,0.6446028299475044,23004696,UKEA-3400TH
UKEA-F2202,-1.456997,54.098061,0.1743099426441145,23002158,UKEA-F2405
UKEA-055021,-2.730375,52.226409,0.11995109933047238,23005515,UKEA-055003
UKEA-023037,-2.262219,55.142735,0.6561491194937755,23001111,UKEA-023001
UKEA-760280,-2.637025,54.613368,0.8218743537751172,23001359,UKEA-765512
UKEA-050101011,-1.176674,50.664685,0.5469359819815136,23012226,UKEA-050101011
UKEA-4690TH,-0.117522,51.773132,0.9063457733688927,23007358,UKEA-5390TH
UKEA-520240,-2.608695,50.943441,0.27069033013675514,23010756,UKEA-520894
UKEA-5470TH,0.081584,51.640481,0.5657388205967309,23006015,UKEA-5470TH
UKEA-037008,0.479473,51.736657,0.9557504485860502,23006135,UKEA-037048U
UKEA-742006,-3.339036,54.36799,0.45749707960188907,23004282,UKEA-742006
UKEA-1980TH,-1.115125,51.740681,0.14863343381732147,23005459,UKEA-3400TH
UKEA-021033,-2.010583,55.546373,0.7478638065973549,23001716,UKEA-021038
UKEA-690511,-2.266478,53.484914,0.8628928232982569,23002455,UKEA-690503
UKEA-023011,-2.560803,55.245011,0.6597280406108176,23001645,UKEA-023001
UKEA-2590TH,-0.70858,51.571866,0.968900362302966,23006541,UKEA-3400TH
UKEA-700408,-2.75971,53.655464,0.8187454767317377,23003798,UKEA-700408
UKEA-F2302,-1.350687,54.154103,0.7641767800375563,23002140,UKEA-F2405
UKEA-2091,-1.562922,52.284987,0.02696419262368877,23005304,UKEA-2606
UKEA-692726,-2.34395,53.438164,0.3505788034839951,23002297,UKEA-692726
UKEA-692190,-2.058116,53.413649,0.9144362388200958,23002770,UKEA-692726
UKEA-693515,-2.406359,53.379542,0.32774596590287985,23002471,UKEA-693515
UKEA-712113,-2.249554,53.812381,0.7603068501838293,23002902,UKEA-713056
UKEA-S20599_FW,-5.279833,50.099947,0.4342087546886026,23011456,UKEA-S20599_FW
UKEA-433610,-1.822349,50.771492,0.843214745249029,23010755,UKEA-433610
UKEA-720517,-2.817565,53.863593,0.08361521712547361,23002552,UKEA-720517
UKEA-520580,-3.132735,51.020996,0.692212804392696,23011065,UKEA-520894
UKEA-690510,-2.271622,53.499886,0.7706158051634839,23002455,UKEA-690503
UKEA-SS62F001,-3.985034,50.995466,0.7290565835198062,23010350,UKEA-SS62F001
UKEA-700306,-2.792997,53.606998,0.02577386687815045,23002487,UKEA-700306
UKEA-713120,-2.490431,53.731275,0.27430609614925855,23003875,UKEA-713122
UKEA-033019,0.762195,52.412682,0.9486771894111179,23006096,UKEA-033034
UKEA-2015,-2.108114,52.114533,0.08136309680297875,23005847,UKEA-2606
UKEA-433117,-2.275047,51.03513,0.20273783923474034,23011250,UKEA-433420
UKEA-724629,-2.722026,54.081344,0.9539398704407436,23002275,UKEA-724629
UKEA-024004,-1.818499,54.684628,0.8153602927542775,23001386,UKEA-024009
UKEA-453101001H,0.487378,51.25585,0.7198594506510464,23010096,UKEA-453103001
UKEA-2016,-2.609739,52.723643,0.9241112270934972,23005970,UKEA-2606
UKEA-690503,-2.372176,53.546633,0.054180806593954335,23002455,UKEA-690503
UKEA-SY29F052,-3.047414,50.752803,0.517227749067817,23010565,UKEA-SY29F052
UKEA-022006,-1.620697,55.113817,0.5148490583407526,23001144,UKEA-022006
UKEA-711610,-2.44938,53.854446,0.812321610462422,23002621,UKEA-713056
UKEA-531135,-2.308279,51.230668,0.10456096692219671,23011079,UKEA-530188
UKEA-692422,-2.095911,53.454945,0.5924424593791127,23003006,UKEA-692726
UKEA-SY19F052,-3.257297,50.779947,0.8048295648351306,23012559,UKEA-SY08F055
UKEA-2040,-2.474739,52.781075,0.5727649878144359,23006143,UKEA-2606
UKEA-055002,-2.75232,52.045173,0.3950812069680328,23005099,UKEA-055002
UKEA-754016,-3.405386,54.732405,0.30663604798330546,23001417,UKEA-754016
UKEA-024001,-1.58942,54.733756,0.9361666020159821,23001043,UKEA-024009
UKEA-3270TH,-0.311198,51.238425,0.23781094498871846,23010587,UKEA-3400TH
UKEA-SS62F002,-3.909783,50.973131,0.3843575310136665,23010539,UKEA-SS62F001
UKEA-693435,-2.226786,53.329898,0.8986904436455825,23003334,UKEA-693515
UKEA-4180TH,-0.18127,51.419659,0.01,23010591,UKEA-4180TH
UKEA-032034,-0.92207,52.271204,0.018616719162820396,23006323,UKEA-U32610
UKEA-022001,-1.632001,55.333556,0.41463678910827173,23001033,UKEA-022001
UKEA-4001,-1.703706,53.362349,0.3841810538490822,23002833,UKEA-4022
UKEA-761706,-2.837846,54.628797,0.5958035966931058,23001379,UKEA-765512
UKEA-SX37F070,-4.318533,50.570315,0.8352682962210405,23010973,UKEA-SX47F051
UKEA-SX87U052,-3.615933,50.595121,0.8814602288580207,23012260,UKEA-SX87U052
UKEA-F3505,-2.080783,54.620275,0.8518333294836459,23001197,UKEA-F3606
UKEA-556505001,0.524305,50.991791,0.6770618379651007,23010738,UKEA-556505001
UKEA-F3507,-2.289887,54.653987,0.9682056949258977,23001403,UKEA-F3606
UKEA-031021,-0.794809,52.515866,0.20491572348337037,23005940,UKEA-031031
UKEA-F2560,-0.919703,54.260606,0.8122837551412033,23004252,UKEA-F2807
UKEA-744111,-3.416967,54.525555,0.39227622797397094,23001319,UKEA-744312
UKEA-432330,-1.87813,51.107471,0.5020281055313872,23010221,UKEA-432610
UKEA-530950,-2.134341,51.343898,0.5748710930216383,23010994,UKEA-530188
UKEA-036006,0.940374,51.971595,0.9819853289199162,23005567,UKEA-036015
UKEA-1800TH,-1.254135,51.648028,0.3811962611257181,23005157,UKEA-3400TH
UKEA-254210010,-0.509511,50.996239,0.3199649065366902,23010333,UKEA-254210010
UKEA-F0605,-1.415842,53.413872,0.9108204772866593,23002449,UKEA-F0908
UKEA-U30073,-0.697276,53.075992,0.5397430390348616,23002020,UKEA-U30001
UKEA-023004,-2.226059,54.976376,0.4579924988151891,23001073,UKEA-023001
UKEA-2095,-1.793996,52.247533,0.07910146468034504,23006418,UKEA-2606
UKEA-SX55F055,-4.00517,50.342604,0.4957965532789764,23011832,UKEA-SX55F055
UKEA-737537,-3.085099,54.284708,0.5452345025764475,23004257,UKEA-737537
UKEA-3040TH,-0.750033,51.182094,0.020166957853607313,23010271,UKEA-3400TH
UKEA-531160,-2.280872,51.30661,0.5425100898278794,23010644,UKEA-530188
UKEA-530150,-2.05013,51.547712,0.7791057916868613,23005971,UKEA-530188
UKEA-F3803,-1.29855,54.477733,0.640928049121746,23000984,UKEA-F3803
UKEA-033039,-0.305422,52.167371,0.9808317853746443,23005109,UKEA-033039
UKEA-SY08F055,-3.29433,50.68837,0.4161892838084735,23010664,UKEA-SY08F055
UKEA-SX67F052,-3.916246,50.551748,0.3939990052335516,23012084,UKEA-SX76F051
UKEA-2004,-1.514617,52.354922,0.35903453410405806,23005921,UKEA-2606
UKEA-4085,-1.47491,52.928202,0.9545048711651785,23004873,UKEA-4022
UKEA-690611,-2.229724,53.493547,0.6573264797429438,23003689,UKEA-690611
UKEA-254310002L,-0.528975,50.951675,0.99,23010305,UKEA-254310002L
UKEA-023033,-2.216364,55.244302,0.754300469805671,23001660,UKEA-023001
UKEA-F3523,-1.9496,54.505171,0.4771421467662902,23000929,UKEA-F3606
UKEA-SX76F051,-3.761515,50.479041,0.0456959550633624,23010441,UKEA-SX76F051
UKEA-722242,-2.59927,54.420025,0.6022299266039555,23002841,UKEA-724629
UKEA-023006,-2.513288,54.943134,0.08912313415889886,23001159,UKEA-023001
UKEA-055036,-2.640226,51.870918,0.9136787867306044,23006671,UKEA-055036
UKEA-F2508,-1.141294,54.28784,0.019649376832887384,23002819,UKEA-F2807
UKEA-433710,-1.842087,50.763895,0.8659912235188361,23009949,UKEA-433420
UKEA-SX26F065,-4.50085,50.501249,0.13504926685384366,23012027,UKEA-SX06F059
UKEA-5332TH,-0.011326,51.680903,0.9722371352910417,23005417,UKEA-5390TH
UKEA-SX29F067,-4.425794,50.766481,0.7198025598850898,23012541,UKEA-SX47F051
UKEA-753050,-3.52206,54.650538,0.38854154685175124,23001049,UKEA-753050
UKEA-730404,-2.733522,54.343531,0.878175717454183,23004268,UKEA-730511
UKEA-684027,-2.828292,53.234211,0.9090710329655576,23002680,UKEA-684027
UKEA-036015,0.76102,51.987865,0.32608394704978794,23005567,UKEA-036015
UKEA-034001,1.223083,52.627923,0.6261906015926144,23005962,UKEA-034001
UKEA-F0908,-1.141925,53.529323,0.5217069711092095,23002262,UKEA-F0908
UKEA-5480TH,0.040575,51.576239,0.790265432900137,23006015,UKEA-5470TH
UKEA-SX99F052,-3.55962,50.759657,0.7612259639570228,23010867,UKEA-SX99U053
UKEA-SX06F059,-4.679467,50.431052,0.5279066093771141,23010774,UKEA-SX06F059
UKEA-433529,-1.99157,50.876605,0.1369690536238635,23011043,UKEA-433420
UKEA-150509001,-1.550167,50.815976,0.5815725596640435,23012531,UKEA-150509001
UKEA-152803001,-1.162982,50.923461,0.4789385611919671,23012784,UKEA-152803001
UKEA-F2702,-0.725167,54.185652,0.366593201017176,23002462,UKEA-F2807
UKEA-F1702,-1.422662,53.748489,0.4567375449185193,23002199,UKEA-F1806
UKEA-F2807,-0.88561,54.01923,0.16806784242900488,23002193,UKEA-F2807
UKEA-2017,-2.326084,51.908137,0.6149537875060113,23005845,UKEA-2017
UKEA-151817001,-1.534164,50.954927,0.9499439123510434,23012736,UKEA-151816003
UKEA-151805003,-1.450838,51.15252,0.8127175864041638,23010426,UKEA-151816003
UKEA-520310,-2.768693,50.926859,0.1958967206592281,23012629,UKEA-520894
UKEA-151812001,-1.500213,51.008911,0.3120773111344119,23010151,UKEA-151816003
UKEA-694744,-2.918171,53.47815,0.14786243549384753,23002999,UKEA-694744
UKEA-033058,-0.715839,51.980907,0.9251509604950175,23006342,UKEA-033039
UKEA-SX38F073,-4.353707,50.655397,0.8941493310972719,23010934,UKEA-SX47F051
UKEA-034206,1.272287,52.382071,0.9444234113943766,23006057,UKEA-034206
UKEA-F0806,-1.473527,53.560958,0.47290415609265296,23002840,UKEA-F0908
UKEA-2020,-2.839642,52.767815,0.2124494951440286,23005798,UKEA-2606
UKEA-SS91F008,-3.506358,50.949913,0.390394172782658,23010210,UKEA-SX99U053
UKEA-F2106,-1.650184,54.0383,0.6738822658083291,23002933,UKEA-F2405
UKEA-023009,-2.444305,54.812798,0.9215660912544511,23001291,UKEA-023001
UKEA-722421,-2.582668,54.309905,0.8814924987490772,23002772,UKEA-724629
UKEA-731013,-2.774074,54.218397,0.29001922836298116,23002934,UKEA-731013
UKEA-SX38F080,-4.330441,50.640134,0.07389308956306993,23010390,UKEA-SX47F051
UKEA-433420,-1.966956,50.791595,0.06527157725681201,23009949,UKEA-433420
UKEA-710103,-2.247662,53.996041,0.6189709028504402,23002822,UKEA-713056
UKEA-F2330,-1.530896,54.306916,0.7305465170208707,23002659,UKEA-F2405
UKEA-055003,-2.659669,52.061786,0.5737768490646671,23005290,UKEA-055003
UKEA-4083,-2.171349,52.916832,0.2937802760187968,23004894,UKEA-4022
UKEA-SX46F003,-4.149772,50.493498,0.6469482788298953,23010686,UKEA-SX46F003
UKEA-F2540,-0.872752,54.229788,0.7888538136280804,23004253,UKEA-F2807
UKEA-510910,-3.305399,51.177706,0.05160186883271175,23012980,UKEA-510910
UKEA-F1203,-1.813165,53.69398,0.31585181197932566,23002545,UKEA-F1806
UKEA-033007,0.547923,52.678043,0.9159727672329245,23008778,UKEA-033007
UKEA-151816003,-1.497156,50.935593,0.14530200860317835,23010046,UKEA-151816003
UKEA-761104,-2.737481,54.649886,0.9864529184326561,23001269,UKEA-765512
UKEA-761605,-2.818697,54.617074,0.9095304447591456,23001321,UKEA-765512
UKEA-433540,-1.989652,50.805834,0.8788936062386685,23011043,UKEA-433420
UKEA-F3504,-1.929905,54.544991,0.0177820985417514,23001063,UKEA-F3606
UKEA-520920,-2.586792,51.083643,0.1292188777672969,23010807,UKEA-520920
UKEA-2018,-2.791625,52.678158,0.39007873318610037,23006012,UKEA-2606
UKEA-F2220,-1.537861,54.133486,0.99,23004136,UKEA-F2405
UKEA-444510,-2.124203,50.688064,0.6636045226874748,23010527,UKEA-444510
UKEA-024003,-2.026897,54.7463,0.320824782549864,23001202,UKEA-024009
UKEA-0660TH,-1.82542,51.754607,0.6057694507317821,23007293,UKEA-3400TH
UKEA-F2104,-1.349104,53.971671,0.17289782908999715,23002265,UKEA-F2405
UKEA-055013,-2.9848,52.220586,0.2662516059241236,23006181,UKEA-055003
UKEA-3390TH,-0.302136,51.405763,0.9146688421619408,23013327,UKEA-3400TH
UKEA-055014,-2.933116,52.276649,0.0911259952053296,23005980,UKEA-055003
UKEA-5390TH,-0.051025,51.567832,0.40104483315100475,23005297,UKEA-5390TH
UKEA-2267,-2.253522,52.394564,0.16894205743954774,23005796,UKEA-2606
UKEA-SS50F042,-3.999571,50.799663,0.7096655378278696,23012335,UKEA-SS51F004
UKEA-F2320,-1.424704,54.253557,0.834345667183971,23002522,UKEA-F2405
UKEA-681003,-2.1048,53.169601,0.4541913991908694,23003268,UKEA-681210
UKEA-531370,-2.341179,51.348855,0.16644857195551166,23010739,UKEA-530188
UKEA-F3105,-0.374746,53.985338,0.9603262205434292,23002559,UKEA-F3105
UKEA-453210001,0.516031,51.202066,0.48363367349715247,23010624,UKEA-453103001
UKEA-2049,-1.549042,52.286203,0.9533021116548235,23005929,UKEA-2606
UKEA-751110,-3.244624,54.677982,0.27764592996298887,23001155,UKEA-753050
UKEA-530180,-2.310019,51.401758,0.013847423097678772,23009527,UKEA-530188
UKEA-760502,-2.614388,54.648336,0.9761930110652309,23000971,UKEA-765512
UKEA-531360,-2.373987,51.320476,0.6615045679525765,23013232,UKEA-530188
UKEA-033014,0.578416,52.326416,0.02953371809565923,23005903,UKEA-033014
UKEA-SW94F056,-4.91843,50.266018,0.5767481329842407,23011811,UKEA-S19589_FW
UKEA-712615,-2.412708,53.820037,0.6084024670399043,23002567,UKEA-713056
UKEA-765512,-2.951874,54.905047,0.9486656821639039,23000950,UKEA-765512
UKEA-F1102,-1.738209,53.675459,0.7264250897869238,23002665,UKEA-F1806
UKEA-024005,-1.599149,54.742478,0.5890835865018709,23001165,UKEA-024009
UKEA-F0203,-1.411655,53.265744,0.09115016100220165,23002888,UKEA-F0908
UKEA-713019,-2.624704,53.768364,0.7913042805495578,23002273,UKEA-713056
UKEA-033022,-0.316795,52.144588,0.39705204188478344,23005682,UKEA-033022
UKEA-692370,-2.055908,53.404787,0.9300514655557669,23002874,UKEA-692726
UKEA-4081,-1.9807,52.559081,0.07897794148524293,23006515,UKEA-4022
UKEA-690408,-2.389071,53.55723,0.6362104970213643,23002867,UKEA-690503
UKEA-253220001,-0.265959,50.957409,0.9048222232939941,23011054,UKEA-253220001
UKEA-531240,-2.349116,51.240732,0.0831363047986355,23010741,UKEA-530188
UKEA-2029,-2.389049,52.199215,0.11685699302688621,23005175,UKEA-2606
UKEA-3280TH,-0.336089,51.294985,0.42437776251507675,23010587,UKEA-3400TH
UKEA-453600003,0.173348,51.172333,0.8693730638237851,23011102,UKEA-453103001
UKEA-432321,-2.128406,51.182763,0.5998941878834825,23012984,UKEA-432610
UKEA-740102,-3.237944,54.295504,0.22507646056496125,23004260,UKEA-740102
UKEA-2870TH,-0.483905,51.56631,0.01,23005500,UKEA-3400TH
UKEA-2200,-1.689543,52.141002,0.6483188895517499,23006018,UKEA-2606
UKEA-4068,-1.644003,53.185566,0.8967945928559419,23002882,UKEA-4022
UKEA-030001,-0.746155,53.02231,0.2529027017339501,23002020,UKEA-U30001
UKEA-690160,-2.303869,53.599039,0.7776749723342747,23003858,UKEA-690503
UKEA-023022,-2.452814,55.181597,0.1951184463530871,23001186,UKEA-023001
UKEA-023007,-1.739205,54.91725,0.7704789517839877,23001219,UKEA-023007
UKEA-F3193,-0.447889,53.990772,0.9481675935802893,23004030,UKEA-F3105
UKEA-2005,-2.872127,52.72461,0.6553268408539614,23005204,UKEA-2606
UKEA-765013,-2.944309,54.865699,0.6582610646119746,23001149,UKEA-765512
UKEA-1080TH,-1.564378,51.793761,0.4307074593635177,23006053,UKEA-3400TH
UKEA-352910003,0.075361,50.952031,0.7740109410798071,23012775,UKEA-352710015
UKEA-453202001L,0.446967,51.250865,0.4112988052777838,23010096,UKEA-453103001
UKEA-453103001,0.509932,51.29021,0.2414758626558085,23009994,UKEA-453103001
UKEA-031005,-0.569567,52.585732,0.6272390393668843,23005685,UKEA-031031
UKEA-F2108,-1.785558,54.110338,0.2068917933835787,23002933,UKEA-F2405
UKEA-764050,-2.880585,54.852914,0.7938911352377279,23001398,UKEA-765512
UKEA-743008,-3.334074,54.422403,0.49144299353576193,23004305,UKEA-743008
UKEA-433410,-2.25743,50.93139,0.031448765799613906,23010364,UKEA-433420
UKEA-3080TH,-0.578011,51.236036,0.09956144353649778,23010047,UKEA-3400TH
UKEA-SS53F044,-4.008047,51.102245,0.5123766957419742,23013005,UKEA-SS53F044
UKEA-SS50F060,-4.122348,50.842983,0.7604773161232685,23010580,UKEA-SS51F004
UKEA-2270_w1TH,-1.321048,51.411884,0.603865637165938,23009554,UKEA-3400TH
UKEA-0190TH,-1.865521,51.646775,0.8894355199765472,23006409,UKEA-3400TH
UKEA-2900TH,-0.512582,51.431508,0.3064903082459107,23009324,UKEA-3400TH
UKEA-3230TH,-0.183345,51.17464,0.6651107601614491,23011055,UKEA-3400TH
UKEA-1490TH,-1.246653,51.750607,0.9291444707954928,23005345,UKEA-3400TH
UKEA-352710015,0.038854,50.91492,0.05140115959067131,23010425,UKEA-352710015
UKEA-021034,-2.003375,55.570489,0.131631953206031,23001068,UKEA-021038
UKEA-1289TH,-1.356154,51.863583,0.1397736915369074,23006211,UKEA-3400TH
UKEA-4093,-1.1635,52.757189,0.21267654812148687,23005410,UKEA-4022
UKEA-4024,-1.090987,52.706357,0.79501419280878,23005536,UKEA-4022
UKEA-4048,-1.441178,53.063966,0.5321362436860793,23002962,UKEA-4022
UKEA-021035,-1.972111,55.558931,0.5345398407801852,23001090,UKEA-021038
UKEA-453400001H,0.174965,51.150458,0.3603501319965452,23010620,UKEA-453103001
UKEA-F0600,-1.359077,53.429967,0.026021678938921256,23002345,UKEA-F0908
UKEA-2090,-1.262491,52.385444,0.01,23005924,UKEA-2606
UKEA-S27575_FW,-4.5365,50.806271,0.9417428523201443,23011241,UKEA-S27575_FW
UKEA-F1608,-1.842838,53.85124,0.865354945958393,23002416,UKEA-F1806
UKEA-SX99U053,-3.527689,50.716535,0.760500161765204,23009943,UKEA-SX99U053
UKEA-U32040,-0.839447,52.236777,0.3392306529344104,23005789,UKEA-U32610
UKEA-F1104,-1.795095,53.641316,0.9361439318736571,23003777,UKEA-F1806
UKEA-720107,-2.779699,53.896103,0.9197446742551237,23004050,UKEA-720517
UKEA-F2322,-1.462046,54.323264,0.01,23002522,UKEA-F2405
UKEA-F3702,-1.562881,54.51098,0.8784374099084888,23002058,UKEA-F3606
UKEA-4009,-1.078373,52.953477,0.01123070179316106,23004555,UKEA-4022
UKEA-3100TH,-0.421389,51.3919,0.8838243905661082,23009321,UKEA-3400TH
UKEA-453600002H,0.16148,51.189604,0.7152143380981947,23011102,UKEA-453103001
UKEA-692418,-2.009054,53.542691,0.5812628906160265,23003723,UKEA-692726
UKEA-720120,-2.770256,53.937868,0.62251241203434,23004050,UKEA-720517
UKEA-0390TH,-1.826538,51.640349,0.9772977664954499,23006771,UKEA-3400TH
UKEA-3240TH,-0.194398,51.201151,0.9535073640331638,23010749,UKEA-3400TH
UKEA-F1403,-1.904632,53.86396,0.6881116529060026,23003966,UKEA-F1806
UKEA-0680TH,-1.783971,51.709394,0.8286942190613457,23007293,UKEA-3400TH
UKEA-723423,-2.555768,54.314265,0.327767502175471,23002726,UKEA-724629
UKEA-654400001,1.030515,51.258097,0.15325755703322896,23010298,UKEA-654400001
UKEA-4191,-0.829254,53.003739,0.1222101723398764,23002026,UKEA-4022
UKEA-4117,-1.506647,53.087222,0.6180277207744657,23002342,UKEA-4022
UKEA-4427,-1.283764,52.923114,0.30946927444649686,23004877,UKEA-4022
UKEA-4007,-1.335965,52.865255,0.820059330914243,23004588,UKEA-4022
UKEA-453400004,0.252432,51.19493,0.41004946560405064,23010465,UKEA-453103001
UKEA-654200001,0.876276,51.141638,0.01,23012934,UKEA-654400001
UKEA-751006,-3.176807,54.602556,0.2814958807847518,23001360,UKEA-753050
UKEA-761114,-2.750424,54.511973,0.5724743669948466,23001325,UKEA-765512
UKEA-F2471,-1.078666,53.957265,0.5565501768889456,23002554,UKEA-F2471
UKEA-035010,1.102054,52.076251,0.11754238971114214,23005902,UKEA-035010
UKEA-033106,0.609825,52.537758,0.5020656214991358,23005843,UKEA-033106
UKEA-2255TH,-1.409783,51.455084,0.3431686474701965,23009570,UKEA-3400TH
UKEA-520894,-2.959026,51.155215,0.34115769744389146,23009966,UKEA-520894
UKEA-U30086,-0.111129,52.975081,0.3469045371614605,23004874,UKEA-U30086
EAUF-10160001,-61.666435864,16.199136863,0.9139973546333985,76004387,EAUF-10250001
EAUF-10250001,-61.668130065,16.27971171,0.3908169489187738,76004387,EAUF-10250001
EAUF-12120001,-61.739269766,16.010759526,0.46255480232585394,76004383,EAUF-12120001
EAUF-12210001,-61.72516397,16.086609095,0.99,76004385,EAUF-12210001
EAUF-22050001,-61.055504668,14.788161638,0.8716659615547464,61000007,EAUF-22050001
EAUF-22250001,-60.960337268,14.717007964,0.8993942905691092,61000006,EAUF-22250001
EAUF-25210001,-60.985489727,14.62517646,0.467138884398432,61000001,EAUF-25210001
EAUF-50410001,-54.436911882,4.986100844,0.5750408094939584,61026947,EAUF-50410001
EAUF-51430001,-54.544087482,4.226223115,0.6594952843470308,61031906,EAUF-50410001
EAUF-52200001,-54.052141374,3.384284466,0.41902535111961364,61036407,EAUF-50410001
EAUF-52210001,-54.024466036,3.647586494,0.3953879712402924,61036263,EAUF-50410001
EAUF-52210002,-54.142595126,3.805435012,0.38954367824766273,61031762,EAUF-50410001
EAUF-52410001,-54.381600578,4.27152742,0.052386868685072,61031743,EAUF-50410001
EAUF-55220001,-53.83303385,3.407139565,0.10501234347243651,61036557,EAUF-50410001
EAUF-60000001,-52.322583447,3.171667805,0.09072424429938784,61036363,EAUF-60200001
EAUF-60200001,-51.884756948,3.801667815,0.68210082990862,61031707,EAUF-60200001
EAUF-61220003,-52.488043995,3.176090312,0.9707630571159674,61036427,EAUF-60200001
EAUF-62420001,-52.330644036,3.081554738,0.1233950454393695,61036373,EAUF-60200001
EAUF-70500001,-53.672679099,5.384362248,0.5679986327953452,61022170,EAUF-70500001
EAUF-80320001,-52.321934053,4.187812533,0.07066833835975626,61031823,EAUF-80320001
EAUF-91040001,-52.510677659,4.535551791,0.05621433306093727,61026995,EAUF-91040001
EAUF-91100001,-52.385968173,4.45795925,0.18165107834244607,61027923,EAUF-91100001
EAUF-91210001,-52.521733372,4.8192369,0.2413793103448527,61029035,EAUF-91210001
EAUF-91310001,-52.792182043,4.897142476,0.4358705731537726,61028303,EAUF-91310001
EAUF-A0210050,7.606153158,47.556969907,0.39777368167030636,23017492,EAUF-A3750050
EAUF-A0400001,7.572528243,48.043104903,0.1743053702759539,23017484,EAUF-A3750050
EAUF-A0600050,7.804630572,48.563180169,0.8182028495641821,23013627,EAUF-A3750050
EAUF-A0610050,7.802870979,48.592540377,0.01,23013624,EAUF-A3750050
EAUF-A1050030,7.238848498,47.626074897,0.9125628923765521,23019334,EAUF-A3750050
EAUF-A1120100,7.157963028,47.562220686,0.30318826349042327,23019361,EAUF-A3750050
EAUF-A1150200,7.223092969,47.662169688,0.5843563273247476,23018379,EAUF-A3750050
EAUF-A1160030,7.31473329,47.728956361,0.7065079487535129,23018255,EAUF-A3750050
EAUF-A1210001,6.961421404,47.793124841,0.11313217898468274,23019666,EAUF-A3750050
EAUF-A1240201,7.14778271,47.743688397,0.7464488480434377,23019666,EAUF-A3750050
EAUF-A1250200,7.232178039,47.74548707,0.16473100767693727,23018290,EAUF-A3750050
EAUF-A1300001,7.354389778,47.776633435,0.22515707540798538,23018137,EAUF-A3750050
EAUF-A1330030,7.348210521,47.866883381,0.6716837414159785,23018073,EAUF-A3750050
EAUF-A1430200,7.072008254,47.841529168,0.3595723177252484,23019818,EAUF-A3750050
EAUF-A1460203,7.2863205,47.842762968,0.8553899314769715,23019818,EAUF-A3750050
EAUF-A1470040,7.417832172,48.04171942,0.8032378876001655,23018053,EAUF-A3750050
EAUF-A1470041,7.359879698,47.913220771,0.18870212304350692,23018053,EAUF-A3750050
EAUF-A1520200,7.212038829,47.911077211,0.5158052628253574,23019815,EAUF-A3750050
EAUF-A1560201,7.310438,47.960326767,0.1963874646816007,23018412,EAUF-A3750050
EAUF-A1610030,7.384986107,48.102530621,0.07441163636873666,23017975,EAUF-A3750050
EAUF-A2010100,7.090609158,48.024419539,0.2788958069275468,23018850,EAUF-A3750050
EAUF-A2020300,7.110803989,48.051811965,0.1391171478785495,23019922,EAUF-A3750050
EAUF-A2040102,7.207961864,48.047566265,0.29615203349866814,23018652,EAUF-A3750050
EAUF-A2120200,7.215457142,48.156623648,0.18232488493482457,23018801,EAUF-A3750050
EAUF-A2140100,7.369707586,48.159712726,0.17453791538551539,23018244,EAUF-A3750050
EAUF-A2140101,7.353030288,48.13290633,0.4873193332491661,23018287,EAUF-A3750050
EAUF-A2260320,7.724607739,48.571809368,0.24175934307905295,23013924,EAUF-A3750050
EAUF-A2310200,7.349003737,48.318897367,0.5227291139130473,23018846,EAUF-A3750050
EAUF-A2340210,7.292618402,48.270110321,0.5653047545531542,23020140,EAUF-A3750050
EAUF-A2350200,7.475314505,48.278696563,0.6974544153451562,23018451,EAUF-A3750050
EAUF-A2360030,7.546574037,48.33701451,0.262227803959156,23017919,EAUF-A3750050
EAUF-A2370030,7.651113456,48.397643092,0.7670391128808127,23017919,EAUF-A3750050
EAUF-A2420201,7.630745207,48.347440671,0.5481192916422586,23020162,EAUF-A3750050
EAUF-A2730110,7.274850962,48.504736747,0.9160369026689257,23014053,EAUF-A3750050
EAUF-A2840200,7.488955244,48.572843439,0.947744649272233,23015631,EAUF-A3750050
EAUF-A2850110,7.514301149,48.566512745,0.07765843426796172,23013950,EAUF-A3750050
EAUF-A2860110,7.636941539,48.558713378,0.7829282446740843,23013950,EAUF-A3750050
EAUF-A3020090,8.195814153,48.958117782,0.4518236974822927,23013612,EAUF-A3750050
EAUF-A3120001,7.544600495,48.844606156,0.5751263806093746,23015159,EAUF-A3750050
EAUF-A3250210,7.656669052,48.895542282,0.9724279804659738,23014992,EAUF-A3750050
EAUF-A3300100,7.742593492,48.822388099,0.01,23014629,EAUF-A3750050
EAUF-A3410200,7.332793134,48.728811149,0.6800330406364244,23015658,EAUF-A3750050
EAUF-A3480200,7.633681563,48.749633549,0.02974079368791348,23014511,EAUF-A3750050
EAUF-A3500100,7.952084592,48.761293865,0.4419150601975015,23014336,EAUF-A3750050
EAUF-A3550050,8.136368679,48.885497686,0.3754548591257831,23013614,EAUF-A3750050
EAUF-A3610110,7.757499063,48.959105711,0.21147575340976354,23015060,EAUF-A3750050
EAUF-A3690110,8.068490485,48.859935533,0.28292268743073884,23014477,EAUF-A3750050
EAUF-A3730200,8.048648677,48.903597628,0.20990088510220276,23014916,EAUF-A3750050
EAUF-A3750050,8.305047404,49.038557642,0.31845306291516046,23013609,EAUF-A3750050
EAUF-A3800200,7.903052385,49.043418903,0.42451162737693154,23015306,EAUF-A3750050
EAUF-A4020610,6.796285291,47.866921289,0.176538655125473,23019746,EAUF-A8500610
EAUF-A4050620,6.685918446,47.909444585,0.5445161692173709,23019746,EAUF-A8500610
EAUF-A4140202,6.712742978,47.995755306,0.8628337712754294,23018659,EAUF-A8500610
EAUF-A4173010,6.690262579,48.053182554,0.6941449837996537,23019964,EAUF-A8500610
EAUF-A4200630,6.597121367,48.019771926,0.1591750983320764,23018243,EAUF-A8500610
EAUF-A4333010,6.751787233,48.185384011,0.9568083910497586,23020064,EAUF-A8500610
EAUF-A4362030,6.60451241,48.133839733,0.326326023906252,23018252,EAUF-A8500610
EAUF-A4430640,6.45298063,48.165666233,0.5569233144721412,23018074,EAUF-A8500610
EAUF-A4550002,6.391243047,48.312435289,0.5105488561174694,23017981,EAUF-A8500610
EAUF-A4632010,6.367099557,48.292520452,0.7857828840972403,23020078,EAUF-A8500610
EAUF-A5110610,6.292144182,48.506135814,0.11267843687500392,23013764,EAUF-A8500610
EAUF-A5230110,6.149771693,48.213998759,0.08930937068255541,23018647,EAUF-A8500610
EAUF-A5242010,6.174694523,48.259607832,0.5903841060457757,23018696,EAUF-A8500610
EAUF-A5261020,6.137338372,48.305330668,0.6754280647625144,23018442,EAUF-A8500610
EAUF-A5431010,6.131545756,48.545355659,0.367617514045396,23013755,EAUF-A8500610
EAUF-A5500610,6.100577715,48.607446187,0.030851647872662286,23013743,EAUF-A8500610
EAUF-A5730610,5.896401748,48.66976408,0.01,23013716,EAUF-A8500610
EAUF-A6001010,7.002528782,48.184729703,0.7377525420471324,23020006,EAUF-A8500610
EAUF-A6051020,6.956897222,48.284422012,0.4044345208558882,23018390,EAUF-A8500610
EAUF-A6151030,6.845062409,48.402032182,0.823835810094366,23018200,EAUF-A8500610
EAUF-A6232010,6.877878865,48.416320357,0.8469707865616191,23017814,EAUF-A8500610
EAUF-A6311010,6.740048847,48.447732868,0.25572323358226773,23013797,EAUF-A8500610
EAUF-A6341010,6.481852394,48.582727764,0.9850525108890263,23013797,EAUF-A8500610
EAUF-A6431120,6.878770829,48.58778894,0.6302364629433942,23015311,EAUF-A8500610
EAUF-A6541110,6.624852639,48.580949425,0.826242220516415,23013998,EAUF-A8500610
EAUF-A6571110,6.486773857,48.59488312,0.8630158371879236,23013962,EAUF-A8500610
EAUF-A6621212,6.68683839,48.2947733,0.822313334947659,23020171,EAUF-A8500610
EAUF-A6701210,6.613858407,48.368762829,0.33605369369274235,23018366,EAUF-A8500610
EAUF-A6731220,6.524472123,48.487067749,0.42667127760452045,23014043,EAUF-A8500610
EAUF-A6761010,6.38394332,48.563224628,0.4071952527715718,23013781,EAUF-A8500610
EAUF-A6860001,6.410317707,48.640577052,0.820707485784476,23015696,EAUF-A8500610
EAUF-A6921010,6.272227226,48.642507126,0.3035341594864824,23013777,EAUF-A8500610
EAUF-A6941020,6.179269355,48.710666956,0.9071611925943796,23013776,EAUF-A8500610
EAUF-A7010610,6.121750416,48.789667836,0.5444175081655847,23013699,EAUF-A8500610
EAUF-A7122010,6.043284328,48.866375747,0.7970304733198394,23015032,EAUF-A8500610
EAUF-A7352010,5.961532525,49.012193042,0.49033803604813325,23014709,EAUF-A8500610
EAUF-A7400001,6.054230085,49.031105749,0.14802991737590573,23013682,EAUF-A8500610
EAUF-A7581020,6.532329812,48.783360627,0.6020261133128391,23014792,EAUF-A8500610
EAUF-A7642010,6.505677078,48.8177255,0.6391564460873158,23015318,EAUF-A8500610
EAUF-A7701010,6.457076099,48.783978548,0.4670214400186264,23014670,EAUF-A8500610
EAUF-A7821010,6.227562537,48.888160213,0.5442708878009216,23014360,EAUF-A8500610
EAUF-A7881010,6.188174925,49.100485691,0.4519565289621373,23014224,EAUF-A8500610
EAUF-A7930610,6.184817563,49.25589423,0.5610115546134634,23013673,EAUF-A8500610
EAUF-A8021010,5.632484128,49.213609541,0.8969674225733838,23015206,EAUF-A8500610
EAUF-A8071010,5.830466544,49.162565716,0.7675822829797566,23014794,EAUF-A8500610
EAUF-A8120201,5.876080522,49.142330429,0.801491837910071,23015228,EAUF-A8500610
EAUF-A8201010,5.881716087,49.167701088,0.9242666211256233,23014631,EAUF-A8500610
EAUF-A8322010,5.933377578,49.246952959,0.28747460004836983,23015393,EAUF-A8500610
EAUF-A8401010,6.041718824,49.248631336,0.9520653123327265,23014495,EAUF-A8500610
EAUF-A8431010,6.072001471,49.256392246,0.1970620802492645,23014415,EAUF-A8500610
EAUF-A8500610,6.169266192,49.323014382,0.2596657639129589,23013671,EAUF-A8500610
EAUF-A8612020,6.03539378,49.343536813,0.01,23016501,EAUF-A8612020
EAUF-A9001050,7.008688826,48.654578986,0.8195593781702046,23015545,EAUF-A9400001
EAUF-A9013050,7.064289504,48.640084713,0.5652285515557051,23015602,EAUF-A9400001
EAUF-A9021010,7.014472229,48.680322375,0.10007689656547696,23015028,EAUF-A9400001
EAUF-A9021020,7.050125442,48.737125074,0.5875680591247113,23014944,EAUF-A9400001
EAUF-A9062150,7.071084901,48.850215984,0.38192386465609995,23015112,EAUF-A9400001
EAUF-A9071050,7.055086228,48.877288539,0.06353721504911282,23014557,EAUF-A9400001
EAUF-A9091060,7.038948712,48.969738016,0.5220149743799811,23014449,EAUF-A9400001
EAUF-A9192050,7.019499795,48.997419075,0.62917933549332,23014824,EAUF-A9400001
EAUF-A9201070,7.033830464,49.005196888,0.044542647601332946,23014401,EAUF-A9400001
EAUF-A9232050,7.188167374,48.941999328,0.6373363056030613,23015084,EAUF-A9400001
EAUF-A9260001,7.130287127,49.000468104,0.6959651576735064,23015002,EAUF-A9400001
EAUF-A9301080,7.150065622,49.053225227,0.16707769039713954,23014355,EAUF-A9400001
EAUF-A9372030,7.263564065,49.236744052,0.05282984033228084,23014426,EAUF-A9400001
EAUF-A9372040,7.183911524,49.136002009,0.6752861146779385,23014426,EAUF-A9400001
EAUF-A9372050,7.175523821,49.11614691,0.8103945663127518,23014426,EAUF-A9400001
EAUF-A9372053,7.128721309,49.139233335,0.04433154396605697,23014321,EAUF-A9400001
EAUF-A9400001,7.062780008,49.113597678,0.2354903073401092,23014287,EAUF-A9400001
EAUF-A9532050,6.859057554,49.187317816,0.5189709170380228,23015033,EAUF-A9532050
EAUF-A9731210,6.383258017,49.02861696,0.27870917313400384,23014937,EAUF-A9942020
EAUF-A9752010,6.421310648,49.146784283,0.3877623551233739,23014513,EAUF-A9942020
EAUF-A9832010,6.61424975,49.046535877,0.2932129668817214,23015201,EAUF-A9942020
EAUF-A9862010,6.446070936,49.142441775,0.8265398105570151,23014680,EAUF-A9942020
EAUF-A9942020,6.539042896,49.301285018,0.46986475759703183,23014380,EAUF-A9942020
EAUF-B0220010,5.614256845,48.241011146,0.44199477405257,23018498,EAUF-B7200000
EAUF-B1052010,5.664011145,48.224397022,0.7664444868552023,23019982,EAUF-B7200000
EAUF-B1092010,5.710074637,48.317446134,0.02758653293742571,23018176,EAUF-B7200000
EAUF-B1100000,5.683329781,48.358619594,0.11396991756135574,23018111,EAUF-B7200000
EAUF-B1150010,5.676028819,48.439998867,0.6909650931018483,23018078,EAUF-B7200000
EAUF-B1222010,5.902062956,48.253938727,0.07857718533555892,23018738,EAUF-B7200000
EAUF-B1282010,5.733156323,48.402742968,0.07665703754024646,23018184,EAUF-B7200000
EAUF-B1300010,5.693563084,48.452420212,0.7936673224438587,23018041,EAUF-B7200000
EAUF-B1340010,5.678916146,48.601356666,0.7985217546383921,23013979,EAUF-B7200000
EAUF-B2100001,5.681394869,48.709093481,0.5111888940902163,23013942,EAUF-B7200000
EAUF-B2130010,5.602961919,48.768316795,0.09268395704067763,23013917,EAUF-B7200000
EAUF-B2220010,5.53063369,48.870992372,0.5149159128110531,23013910,EAUF-B7200000
EAUF-B3010010,5.386717554,49.162090062,0.7527970245459507,23013870,EAUF-B7200000
EAUF-B3150020,5.177669183,49.494808611,0.09603312118764651,23013840,EAUF-B7200000
EAUF-B4001010,5.80343548,49.536983467,0.47722767509571035,23015226,EAUF-B7200000
EAUF-B4021010,5.766603965,49.510941115,0.010864648897595544,23014967,EAUF-B7200000
EAUF-B4031010,5.657260509,49.475285856,0.6922040706790589,23014967,EAUF-B7200000
EAUF-B4132010,5.701025967,49.419378452,0.15328428342652148,23014999,EAUF-B7200000
EAUF-B4224310,5.460307525,49.525762461,0.804815709704886,23014935,EAUF-B7200000
EAUF-B4224311,5.46588626,49.508744903,0.9222151269294787,23014630,EAUF-B7200000
EAUF-B4352010,5.440394695,49.494172723,0.8725010190411256,23016396,EAUF-B7200000
EAUF-B4530001,5.404344638,49.402499694,0.9345568622351809,23015328,EAUF-B7200000
EAUF-B4572010,5.329882234,49.48052278,0.7080084155577162,23014739,EAUF-B7200000
EAUF-B4601010,5.312743043,49.516132934,0.35031796866421305,23014337,EAUF-B7200000
EAUF-B4631010,5.158859906,49.629367897,0.8875678973020948,23014285,EAUF-B7200000
EAUF-B4660101,5.084206019,49.668721571,0.45904235456464487,23014256,EAUF-B7200000
EAUF-B5020010,4.936060665,49.701334161,0.3118736359889753,23013823,EAUF-B7200000
EAUF-B5172010,4.882921052,49.660373067,0.5209667922137652,23014757,EAUF-B7200000
EAUF-B5322010,4.714066451,49.727795887,0.855048735532461,23016953,EAUF-B7200000
EAUF-B5572010,4.637737085,49.779935674,0.7344074453035854,23014790,EAUF-B7200000
EAUF-B6100002,4.902194102,49.863626647,0.2348023594929671,23014195,EAUF-B7200000
EAUF-B6100003,5.518802166,49.687135146,0.04819751808807773,23014788,EAUF-B7200000
EAUF-B6100004,5.350572711,49.745092549,0.18704139599689174,23014607,EAUF-B7200000
EAUF-B6100006,5.063449798,49.792275382,0.40191904784774085,23014282,EAUF-B7200000
EAUF-B6100007,5.563447063,49.684881114,0.6881816331816468,23015238,EAUF-B7200000
EAUF-B6100008,5.381465466,49.793076541,0.49013267124434995,23015066,EAUF-B7200000
EAUF-B6111010,4.786287894,49.862932676,0.6624626204770654,23014173,EAUF-B7200000
EAUF-B7130001,4.675952521,50.088782013,0.7881883573800829,23009432,EAUF-B7200000
EAUF-B7130002,4.499832536,50.040909182,0.09238568438181484,23009437,EAUF-B7200000
EAUF-B7130003,4.556657575,50.085502549,0.7797990319300558,23010443,EAUF-B7200000
EAUF-B7200000,4.809672784,50.101866633,0.6888188068448532,23009427,EAUF-B7200000
EAUF-B7322010,4.826520214,50.084369331,0.442215815061634,23009560,EAUF-B7322010
EAUF-B7322011,4.844659376,50.042538916,0.9818025147174422,23009613,EAUF-B7322010
EAUF-D0137010,3.928957894,50.060929215,0.28861719667141983,23010924,EAUF-D0192230
EAUF-D0137020,3.757441177,50.13207979,0.7644639502711226,23010534,EAUF-D0192230
EAUF-D0156510,4.078775783,50.119267626,0.21253298381918034,23011015,EAUF-D0192230
EAUF-D0156520,3.816596803,50.148611018,0.9049727805394215,23011015,EAUF-D0192230
EAUF-D0156560,3.959414853,50.123796793,0.5141228389925013,23011015,EAUF-D0192230
EAUF-D0192230,4.076967684,50.294406085,0.4710643232354092,23009846,EAUF-D0192230
EAUF-D0198012,3.955623166,50.267217453,0.28466572401459195,23009897,EAUF-D0192230
EAUF-D0206010,3.997164348,50.262895069,0.8264202627042796,23011534,EAUF-D0192230
EAUF-E1566010,2.99515082,50.278500176,0.6827374591436337,23010481,EAUF-E2400411
EAUF-E1715511,3.350308756,50.301626776,0.7253140415630833,23009352,EAUF-E2400411
EAUF-E1726010,3.388833055,50.317161263,0.09781261530323437,23009351,EAUF-E2400411
EAUF-E1727510,3.451705781,50.304427279,0.9014323182775112,23010882,EAUF-E2400411
EAUF-E1727512,3.481344882,50.318576432,0.3038871586192258,23009350,EAUF-E2400411
EAUF-E1827020,3.634096004,50.439379773,0.784255871279073,23010495,EAUF-E2400411
EAUF-E2010005,2.720930195,50.311499131,0.2035964877096386,23010678,EAUF-E2400411
EAUF-E2371105,3.452443839,50.494255647,0.7981524114117972,23010014,EAUF-E2400411
EAUF-E2400411,3.43678603,50.506079616,0.08371599822901188,23009346,EAUF-E2400411
EAUF-E3511210,2.173774434,50.522544139,0.01,23011135,EAUF-E3811265
EAUF-E3511220,2.215235836,50.618625475,0.4388546656565932,23011135,EAUF-E3811265
EAUF-E3611210,2.435116915,50.646553729,0.5368282073741232,23010217,EAUF-E3811265
EAUF-E3658513,2.633910222,50.647094677,0.8591516140309989,23010821,EAUF-E3811265
EAUF-E3660600,2.54446616,50.486717047,0.3313902319520927,23011152,EAUF-E3811265
EAUF-E3666010,2.637101185,50.539490667,0.5274465208179077,23010668,EAUF-E3811265
EAUF-E3811265,3.073795618,50.77586443,0.28683820581196595,23009779,EAUF-E3811265
EAUF-E4035710,2.230658768,50.708779989,0.38732175896987253,23010236,EAUF-E4035710
EAUF-E4035720,2.098860251,50.6048457,0.9549866607552933,23012169,EAUF-E4035710
EAUF-E4036530,2.119238452,50.702956764,0.9209611730042236,23012255,EAUF-E4035710
EAUF-E4036533,2.127754325,50.691989316,0.8962228045079392,23010542,EAUF-E4035710
EAUF-E4306010,2.029735836,50.800549828,0.25451219459032776,23011280,EAUF-E4306010
EAUF-E4306020,2.086592584,50.833558913,0.545266541992661,23011280,EAUF-E4306010
EAUF-E4905710,2.548092796,50.897583939,0.35839826874253505,23010586,EAUF-E4905710
EAUF-E5108212,1.627596775,50.80170401,0.36877877526640424,23010904,EAUF-E5108212
EAUF-E5205710,1.629563933,50.764176229,0.16237651107895865,23012369,EAUF-E5205710
EAUF-E5300210,1.767579538,50.681203855,0.43303115273280446,23012301,EAUF-E5300213
EAUF-E5300213,1.873946753,50.703328132,0.06333123887320598,23012301,EAUF-E5300213
EAUF-E5310220,1.633297848,50.680732983,0.9512438434991006,23012301,EAUF-E5300213
EAUF-E5400310,1.830793979,50.448083113,0.8639318960122689,23010021,EAUF-E5400310
EAUF-E5406510,2.037409303,50.379624602,0.8558936489131909,23010299,EAUF-E5400310
EAUF-E5406516,2.257171998,50.282610384,0.5353551731263876,23011268,EAUF-E5400310
EAUF-E5406519,2.2330344,50.450918539,0.16512739961418918,23010684,EAUF-E5400310
EAUF-E5410001,1.788507302,50.499540146,0.21064811604214778,23010962,EAUF-E5410001
EAUF-E5505720,1.918440248,50.304503446,0.062338933224647945,23009972,EAUF-E5505720
EAUF-E5505726,2.266534698,50.171784401,0.1524441929103717,23010458,EAUF-E5505720
EAUF-E6351402,2.718267065,49.936717727,0.9206686244255082,23013980,EAUF-E6480930
EAUF-E6351420,3.084837078,49.750275028,0.6245549126979377,23014684,EAUF-E6480930
EAUF-E6386070,2.513474346,49.936083687,0.7512370066534902,23014008,EAUF-E6480930
EAUF-E6397030,2.434890904,49.937731173,0.6439654542856178,23014103,EAUF-E6480930
EAUF-E6400910,2.401625626,49.884784733,0.5248417906561068,23013911,EAUF-E6480930
EAUF-E6406002,2.34431748,49.876399529,0.4760759768829434,23014427,EAUF-E6480930
EAUF-E6407540,2.3881279,49.796122064,0.7967690952368693,23015116,EAUF-E6480930
EAUF-E6426010,2.215512139,49.816530425,0.8559570369403153,23014731,EAUF-E6480930
EAUF-E6456516,2.066759638,50.011503063,0.8301172142192855,23010736,EAUF-E6480930
EAUF-E6456517,1.994758437,50.014721031,0.061183986177975234,23009593,EAUF-E6480930
EAUF-E6470910,1.827565705,50.09200724,0.34084225812178903,23009457,EAUF-E6480930
EAUF-E6480930,1.688184142,50.160605402,0.17715393404262805,23009451,EAUF-E6480930
EAUF-E6480934,1.827061308,50.114203242,0.8322797876725352,23010745,EAUF-E6480930
EAUF-F0410002,4.786663807,47.740042453,0.5680455029183635,23019530,EAUF-H3200001
EAUF-F1280001,4.456137969,48.445995388,0.4265093269720562,23017646,EAUF-H3200001
EAUF-F2320001,3.235082932,48.48767463,0.31717177159289983,23017801,EAUF-H3200001
EAUF-F2400001,3.189641827,48.424836103,0.30944315820300744,23017463,EAUF-H3200001
EAUF-F3300001,4.359333256,47.468521163,0.99,23019149,EAUF-H3200001
EAUF-F3510001,3.364960113,47.995090146,0.48796434990678356,23017853,EAUF-H3200001
EAUF-F3570001,3.441134628,48.184378273,0.6943204991873653,23018140,EAUF-H3200001
EAUF-F3580004,3.206873886,48.286965234,0.8279614551710811,23017835,EAUF-H3200001
EAUF-F4000001,2.954789305,48.389658554,0.03254634721184294,23017449,EAUF-H3200001
EAUF-F4100006,2.821546083,47.860760926,0.6672770601289831,23018123,EAUF-H3200001
EAUF-F4150001,3.091289064,47.885566632,0.21769450237149948,23018214,EAUF-H3200001
EAUF-F4160002,2.846246907,47.948399543,0.7643821511730856,23018131,EAUF-H3200001
EAUF-F4220002,2.732199928,48.035505299,0.16813216026089395,23017977,EAUF-H3200001
EAUF-F4280001,2.783382251,48.11232462,0.1222319712739498,23018266,EAUF-H3200001
EAUF-F4390001,2.78724959,48.336700511,0.22552121015062182,23017898,EAUF-H3200001
EAUF-F4470003,2.547772811,48.536875139,0.0625676593168291,23013568,EAUF-H3200001
EAUF-F4530001,2.345317347,48.480111521,0.99,23018103,EAUF-H3200001
EAUF-F4560420,2.125812278,48.361872314,0.15592858435078508,23018448,EAUF-H3200001
EAUF-F4590001,2.373665983,48.537947619,0.99,23014040,EAUF-H3200001
EAUF-F4640002,2.318862061,48.665814379,0.773519694642678,23013956,EAUF-H3200001
EAUF-F4660001,2.233959907,48.701171043,0.4434449997374911,23014819,EAUF-H3200001
EAUF-F4670001,2.339037105,48.66753083,0.0463872361376604,23013946,EAUF-H3200001
EAUF-F4740001,2.901109198,48.648236641,0.1821886357375001,23014744,EAUF-H3200001
EAUF-F4830002,2.527184887,48.686881045,0.8348164634643173,23014564,EAUF-H3200001
EAUF-F4900001,2.418257412,48.78047654,0.6257495979528479,23013563,EAUF-H3200001
EAUF-F5210002,5.168638161,48.443310761,0.8347797686672704,23020371,EAUF-H3200001
EAUF-F6130001,3.797567466,49.081410891,0.9215070294404746,23013675,EAUF-H3200001
EAUF-F6190001,3.531462464,49.025073927,0.388714586569282,23014666,EAUF-H3200001
EAUF-F6220004,3.130206111,48.947705098,0.8970374361778742,23013647,EAUF-H3200001
EAUF-F6240002,3.536051647,48.863208231,0.948192355294481,23015013,EAUF-H3200001
EAUF-F6250001,3.151509033,48.930549265,0.7988281164114516,23014376,EAUF-H3200001
EAUF-F6520001,3.422093063,48.788292974,0.012051456143647178,23014617,EAUF-H3200001
EAUF-F6550001,3.013873663,48.817953012,0.9437653161938213,23014357,EAUF-H3200001
EAUF-F6570002,3.015872966,48.796601083,0.9491189012776319,23015067,EAUF-H3200001
EAUF-F6580002,2.854749609,48.883776412,0.1757355422457396,23014260,EAUF-H3200001
EAUF-F6640001,2.575131143,48.86507032,0.1589386785978884,23013629,EAUF-H3200001
EAUF-F6640004,2.466897339,48.805234503,0.4698552130591291,23013628,EAUF-H3200001
EAUF-F7000001,2.310558403,48.864133958,0.6392728706287654,23013560,EAUF-H3200001
EAUF-G0170420,1.447744409,50.046068813,0.9364325421158879,23009440,EAUF-G0170420
EAUF-G1110410,1.339146471,49.999780637,0.8348408870365159,23009589,EAUF-G1110410
EAUF-G2060210,1.185400205,49.863980019,0.9417212590139223,23015233,EAUF-G2060210
EAUF-G2100613,1.173124022,49.79301005,0.7183210528826841,23015142,EAUF-G2100613
EAUF-G2230411,1.173192013,49.908448068,0.687837939775232,23014721,EAUF-G2230411
EAUF-G6000610,0.635322584,49.818849011,0.34816419677821264,23014847,EAUF-G6000610
EAUF-H0020010,4.669532629,47.678080475,0.05385916063520986,23018530,EAUF-H3200001
EAUF-H0100010,4.570340101,47.764482229,0.31562437319919867,23018333,EAUF-H3200001
EAUF-H0100020,4.480817333,47.995812801,0.4256423127486283,23018064,EAUF-H3200001
EAUF-H0203020,4.361000086,47.961779902,0.1665513277021111,23018035,EAUF-H3200001
EAUF-H0301010,4.823550814,47.798344857,0.4083638794346949,23018523,EAUF-H3200001
EAUF-H0321030,4.61505717,47.998636742,0.4660406150636904,23018107,EAUF-H3200001
EAUF-H0400010,4.375513066,48.117792182,0.22427995973594259,23017969,EAUF-H3200001
EAUF-H0400020,4.3302482,48.145121375,0.7545652208312321,23017969,EAUF-H3200001
EAUF-H0503010,4.109565108,48.246030328,0.6545868105844656,23018332,EAUF-H3200001
EAUF-H0702010,4.292762289,48.237104694,0.6540450016312772,23018434,EAUF-H3200001
EAUF-H0800011,4.1025591,48.302074442,0.5789642565729514,23017901,EAUF-H3200001
EAUF-H0810010,3.889608214,48.507310079,0.07816073537229047,23014037,EAUF-H3200001
EAUF-H1051020,4.795467565,48.145132277,0.4241477213973067,23018038,EAUF-H3200001
EAUF-H1122020,4.859289603,48.137303027,0.6757971260954554,23018172,EAUF-H3200001
EAUF-H1201010,4.735132268,48.219116737,0.06988971625253357,23017997,EAUF-H3200001
EAUF-H1231010,4.457205061,48.394756654,0.3605976002355919,23017913,EAUF-H3200001
EAUF-H1501010,4.14019337,48.537881775,0.5884458838234725,23013753,EAUF-H3200001
EAUF-H1503510,4.252801092,48.567949009,0.7143342046955405,23015682,EAUF-H3200001
EAUF-H1603010,3.904853675,48.61410427,0.6508910093912038,23014904,EAUF-H3200001
EAUF-H1620002,3.205479781,49.39946277,0.6879491738447133,23014136,EAUF-H3200001
EAUF-H1620003,3.328559987,49.395795561,0.14794443293710866,23014137,EAUF-H3200001
EAUF-H1660001,3.028356863,49.409658987,0.7722992243526531,23014130,EAUF-H3200001
EAUF-H1660002,3.111266201,49.401884784,0.9865791313898252,23014135,EAUF-H3200001
EAUF-H1680004,2.957985253,49.410176759,0.6108046615277951,23014129,EAUF-H3200001
EAUF-H1680005,2.887286449,49.431519332,0.5716470710380288,23014128,EAUF-H3200001
EAUF-H1700010,3.594745401,48.523761278,0.4650539283067471,23013701,EAUF-H3200001
EAUF-H2001020,3.943476558,47.099293502,0.6201288920077949,23018916,EAUF-H3200001
EAUF-H2001022,2.728288002,49.32036505,0.013665401844995768,23013835,EAUF-H3200001
EAUF-H2021010,3.838437554,47.169357636,0.5600802472540343,23018512,EAUF-H3200001
EAUF-H2041011,2.612108241,49.304954761,0.9660210019755626,23013835,EAUF-H3200001
EAUF-H2051010,3.559789369,47.429325132,0.9847444290558489,23018087,EAUF-H3200001
EAUF-H2051020,3.52165145,47.460847403,0.99,23018019,EAUF-H3200001
EAUF-H2062010,3.49402537,47.414436383,0.8175005868804386,23018678,EAUF-H3200001
EAUF-H2080001,2.460442397,49.254318728,0.8198815203424725,23013828,EAUF-H3200001
EAUF-H2122020,3.964102453,47.353899546,0.6461689299300755,23018553,EAUF-H3200001
EAUF-H2142030,3.779440905,47.444184222,0.16720409760456426,23018092,EAUF-H3200001
EAUF-H2163010,4.068582748,47.432012767,0.4158688435789052,23018764,EAUF-H3200001
EAUF-H2172320,3.894376437,47.482526922,0.5315108250995436,23018249,EAUF-H3200001
EAUF-H2182010,3.756718674,47.602641687,0.6350754816624959,23018020,EAUF-H3200001
EAUF-H2221010,3.544090774,47.879508224,0.28762708817309823,23017870,EAUF-H3200001
EAUF-H2322010,4.291087857,47.417854509,0.3435588060246006,23018688,EAUF-H3200001
EAUF-H2332020,3.984726979,47.605676077,0.4983523562304847,23018052,EAUF-H3200001
EAUF-H2342020,3.786570913,47.82306945,0.6430169826202814,23017912,EAUF-H3200001
EAUF-H2342030,3.556993154,47.923421105,0.7941295434507164,23017883,EAUF-H3200001
EAUF-H2402010,4.380671387,47.4134855,0.7222269001086626,23019149,EAUF-H3200001
EAUF-H2412010,4.262582809,47.608727235,0.5604949289816384,23018147,EAUF-H3200001
EAUF-H2422310,4.499741993,47.46420433,0.7683012528291613,23019188,EAUF-H3200001
EAUF-H2434010,4.539873312,47.534680579,0.10623288912788145,23018420,EAUF-H3200001
EAUF-H2442340,4.323844576,47.623217627,0.9733112452001906,23018171,EAUF-H3200001
EAUF-H2452020,4.232507159,47.667949164,0.25822111091005445,23018050,EAUF-H3200001
EAUF-H2462020,3.938921914,47.913537126,0.4788221588849816,23017920,EAUF-H3200001
EAUF-H2473010,3.894882974,48.008397905,0.06380884107520411,23018320,EAUF-H3200001
EAUF-H2482010,3.610200281,47.986064196,0.8670026675854512,23017869,EAUF-H3200001
EAUF-H3050001,1.871658289,48.866567277,0.5510691848879078,23015083,EAUF-H3200001
EAUF-H3050004,1.837233142,48.936893187,0.617319348110028,23014877,EAUF-H3200001
EAUF-H3110410,1.729467985,49.480007579,0.20176883857863975,23014822,EAUF-H3200001
EAUF-H3120422,1.710784238,49.402433284,0.3671734192390534,23014764,EAUF-H3200001
EAUF-H3180410,1.64482001,49.119500362,0.4558499647659037,23014363,EAUF-H3200001
EAUF-H3200001,1.488942995,49.096330409,0.3439177711000984,23013546,EAUF-H3200001
EAUF-H3250410,1.383400557,49.444951216,0.062483192509858176,23014839,EAUF-H3250410
EAUF-H3522010,2.63714543,48.110543507,0.3007442092449022,23018454,EAUF-H3200001
EAUF-H4022030,2.427537525,48.257724337,0.6701326161913304,23018233,EAUF-H3200001
EAUF-H4030210,1.291192655,48.449158817,0.9046949620798116,23017662,EAUF-H4380210
EAUF-H4040211,1.483793322,48.46726995,0.99,23017617,EAUF-H4380210
EAUF-H4160210,1.442183941,48.700852684,0.3261877816553869,23013733,EAUF-H4380210
EAUF-H4180411,1.305383873,48.673078076,0.4647517975307573,23014763,EAUF-H4380210
EAUF-H4200210,1.379365749,48.777083556,0.8443891916372326,23013727,EAUF-H4380210
EAUF-H4230410,1.104789503,48.761915156,0.6693894654557145,23014633,EAUF-H4380210
EAUF-H4250420,1.328200785,48.7605918,0.24827855654566824,23014407,EAUF-H4380210
EAUF-H4260210,1.376915068,48.792029301,0.08978963579148885,23013722,EAUF-H4380210
EAUF-H4320210,1.208807304,49.114382066,0.6551648398903877,23013693,EAUF-H4380210
EAUF-H4330430,0.806942127,48.775044922,0.5990555193590139,23015662,EAUF-H4380210
EAUF-H4370420,1.150897013,49.080570906,0.5472920458011807,23014301,EAUF-H4380210
EAUF-H4380210,1.177680812,49.224003868,0.26962252028796857,23013685,EAUF-H4380210
EAUF-H5011020,5.248547394,48.012034938,0.611940317650136,23018517,EAUF-H3200001
EAUF-H5023010,5.281335062,48.038429882,0.5741128684409436,23018664,EAUF-H3200001
EAUF-H5031010,5.154544208,48.126355619,0.8167331980389898,23018237,EAUF-H3200001
EAUF-H5031020,5.138012375,48.141464196,0.06967522817157845,23018128,EAUF-H3200001
EAUF-H5033310,5.186556599,47.987861186,0.3275485138970794,23019783,EAUF-H3200001
EAUF-H5040630,1.047116336,49.488387071,0.9469981694722879,23014994,EAUF-H5040630
EAUF-H5042010,5.3159118,48.209767647,0.6189027173518875,23018833,EAUF-H3200001
EAUF-H5060610,0.92170892,49.518786829,0.8766439565058373,23015210,EAUF-H5060610
EAUF-H5062010,5.165229293,48.343832856,0.34631760188543975,23018158,EAUF-H3200001
EAUF-H5071010,4.929910143,48.637486881,0.14931959104227716,23013782,EAUF-H3200001
EAUF-H5071040,5.040313905,48.606232323,0.9546098174047298,23013789,EAUF-H3200001
EAUF-H5071050,5.16109593,48.376003257,0.015280885709923291,23017959,EAUF-H3200001
EAUF-H5083050,4.930715525,48.515808799,0.3073461833984833,23013761,EAUF-H3200001
EAUF-H5083070,4.957306889,48.302488463,0.5284038756014094,23020071,EAUF-H3200001
EAUF-H5091010,4.587459406,48.700902655,0.23356251461634642,23013719,EAUF-H3200001
EAUF-H5102030,4.999611621,48.784962633,0.3266974152076858,23013929,EAUF-H3200001
EAUF-H5102040,5.273665664,48.539909691,0.5626090011391369,23014070,EAUF-H3200001
EAUF-H5112310,5.419361501,48.600535161,0.92343510213211,23014052,EAUF-H3200001
EAUF-H5122340,5.282431972,48.721623855,0.4973289477746818,23013940,EAUF-H3200001
EAUF-H5122350,5.09941941,48.811644432,0.229104818656154,23013922,EAUF-H3200001
EAUF-H5142610,5.054106194,48.883727568,0.43175586973904,23015420,EAUF-H3200001
EAUF-H5142620,4.88493767,48.819222248,0.688177748378952,23014755,EAUF-H3200001
EAUF-H5153010,4.758148243,48.801363235,0.48518341560839834,23014831,EAUF-H3200001
EAUF-H5172010,4.626324546,48.746151576,0.7491965560113335,23013878,EAUF-H3200001
EAUF-H5173110,4.697284774,48.74719693,0.9484650221041784,23015756,EAUF-H3200001
EAUF-H5201010,4.353877678,48.951120456,0.04259782970404867,23013696,EAUF-H3200001
EAUF-H5412030,3.689596724,48.850956513,0.4331708534040981,23015013,EAUF-H3200001
EAUF-H5522010,3.249307198,49.194286799,0.49846696694102427,23014842,EAUF-H3200001
EAUF-H6020210,0.58156195,48.748705218,0.44608755714654397,23015738,EAUF-H6230210
EAUF-H6021020,4.914314557,49.067920606,0.43897037130590205,23014621,EAUF-H3200001
EAUF-H6033210,4.823200291,49.067679056,0.14368370411915168,23015168,EAUF-H3200001
EAUF-H6056414,0.808378297,49.034118991,0.6972295582649207,23014519,EAUF-H6230210
EAUF-H6102010,5.208583503,48.964067979,0.181090561801269,23014784,EAUF-H3200001
EAUF-H6120410,0.516332369,48.978969852,0.09261355026828624,23014933,EAUF-H6230210
EAUF-H6122010,5.034015724,49.227292139,0.6928584818452695,23014460,EAUF-H3200001
EAUF-H6153020,4.931003061,49.386372468,0.0776354155357848,23015192,EAUF-H3200001
EAUF-H6162010,4.903247318,49.334069053,0.1855659725230647,23014312,EAUF-H3200001
EAUF-H6201010,4.782841618,49.308086498,0.46089106400174457,23014278,EAUF-H3200001
EAUF-H6221010,4.538602338,49.491462874,0.02336916336703135,23014191,EAUF-H3200001
EAUF-H6230210,0.694854113,49.242018124,0.06853626796577318,23014304,EAUF-H6230210
EAUF-H6233020,4.295296903,49.538692129,0.37660826075034515,23014889,EAUF-H3200001
EAUF-H6303840,4.237773941,49.415490801,0.35182905622677546,23014801,EAUF-H3200001
EAUF-H6313020,4.023253919,49.383821397,0.3500679104530882,23014445,EAUF-H3200001
EAUF-H6313030,4.287821722,49.306540694,0.7385972487164707,23014735,EAUF-H3200001
EAUF-H6402010,4.350907047,49.089073076,0.3379245476775224,23014773,EAUF-H3200001
EAUF-H6402030,4.122645319,49.206298373,0.024735729099770773,23014479,EAUF-H3200001
EAUF-H6412010,3.979757486,49.265048801,0.12042372594932838,23014384,EAUF-H3200001
EAUF-H6412020,3.922076687,49.278314462,0.37562741145734235,23014384,EAUF-H3200001
EAUF-H6423010,3.672861951,49.306948347,0.750644703307881,23014776,EAUF-H3200001
EAUF-H6432010,3.527082387,49.337094694,0.36648697749856585,23014246,EAUF-H3200001
EAUF-H6501020,3.331268058,49.381623518,0.016102676665702278,23014137,EAUF-H3200001
EAUF-H7021010,4.078407298,49.924210469,0.011721736677328353,23013993,EAUF-H3200001
EAUF-H7033010,4.014788758,49.895810971,0.7306513519302504,23015190,EAUF-H3200001
EAUF-H7041025,3.66518872,49.89443572,0.3239272462960632,23013920,EAUF-H3200001
EAUF-H7102020,4.014892934,49.698327419,0.9760389719640636,23017050,EAUF-H3200001
EAUF-H7142010,3.666938657,49.684547151,0.6028587839309546,23014424,EAUF-H3200001
EAUF-H7153012,3.710257838,49.689948371,0.5970526211296959,23014718,EAUF-H3200001
EAUF-H7162010,3.483904746,49.692260143,0.27713366221100993,23014324,EAUF-H3200001
EAUF-H7201010,3.280962989,49.625003278,0.9789255368251216,23013876,EAUF-H3200001
EAUF-H7330410,0.186444044,49.543394722,0.75935169550381,23016883,EAUF-H7330410
EAUF-H7401010,2.986516043,49.560397439,0.3852203451702519,23013854,EAUF-H3200001
EAUF-H7423710,2.846037591,49.441928335,0.9275510522774522,23014895,EAUF-H3200001
EAUF-H7501010,2.80300198,49.41326472,0.08782213521553005,23013842,EAUF-H3200001
EAUF-H7513010,2.774262964,49.30682303,0.6116870283321687,23014883,EAUF-H3200001
EAUF-H7602010,2.461384681,49.287530053,0.7418349293459584,23014697,EAUF-H3200001
EAUF-H7702010,1.966194867,49.506469642,0.8236030707815907,23015016,EAUF-H3200001
EAUF-H7713010,1.999087425,49.528796021,0.12260298817867638,23014891,EAUF-H3200001
EAUF-H7733010,2.056236122,49.430446306,0.8016436659276014,23015064,EAUF-H3200001
EAUF-H7742010,2.083986575,49.426120161,0.1323860244873432,23014587,EAUF-H3200001
EAUF-H7742020,2.378066713,49.261958181,0.3883834122000722,23014356,EAUF-H3200001
EAUF-H7813010,2.553632409,49.199363871,0.04855940952320205,23014779,EAUF-H3200001
EAUF-I0330001,0.21061128,49.252565152,0.99,23014531,EAUF-I0330001
EAUF-I1031010,0.21719266,49.110715228,0.9295036842397056,23015802,EAUF-I0330001
EAUF-I1103010,0.256457403,49.128782753,0.2797512992795239,23014737,EAUF-I0330001
EAUF-I1203010,0.285827055,49.297403095,0.6721864658546269,23016290,EAUF-I1203010
EAUF-I1230001,-0.023538856,49.038451563,0.915218743876601,23014656,EAUF-I2051030
EAUF-I1350001,0.074785131,49.078722886,0.7128286018674451,23014984,EAUF-I1350001
EAUF-I2021010,-0.076505128,48.896908443,0.538536630623352,23014800,EAUF-I2051030
EAUF-I2051030,-0.044192445,49.069018525,0.2478657244573634,23014566,EAUF-I2051030
EAUF-I2480001,-0.541797375,48.807018514,0.5647096103336795,23015782,EAUF-I3621010
EAUF-I2640001,-0.510921594,49.123556694,0.2660787904960228,23014998,EAUF-I2640001
EAUF-I3113010,-0.12847971,48.714962644,0.9732325003481088,23015286,EAUF-I3621010
EAUF-I3121010,-0.184957034,48.747727548,0.30232705676337585,23014515,EAUF-I3621010
EAUF-I3352010,-0.39797704,48.811726624,0.18044051086665153,23014809,EAUF-I3621010
EAUF-I3422010,-0.636385214,48.801097592,0.22510860439440458,23015239,EAUF-I3621010
EAUF-I3442310,-0.607021884,48.910100157,0.7333226221890738,23016021,EAUF-I3621010
EAUF-I3462010,-0.438439289,48.866812831,0.7379958966149214,23014769,EAUF-I3621010
EAUF-I3462020,-0.544625563,48.849606512,0.07547384176711265,23014815,EAUF-I3621010
EAUF-I3463010,-0.510202996,48.846868109,0.9369063392581614,23015782,EAUF-I3621010
EAUF-I3521020,-0.482778091,48.989497015,0.01,23014235,EAUF-I3621010
EAUF-I3531010,-0.4489545,49.065474676,0.7026540530909201,23014235,EAUF-I3621010
EAUF-I3612060,-0.353942465,49.057852086,0.6149908710379535,23015401,EAUF-I3621010
EAUF-I3621010,-0.386368464,49.109625506,0.15484308020069587,23014207,EAUF-I3621010
EAUF-I3712010,-0.615101451,49.074080083,0.5727792008056739,23016093,EAUF-I2640001
EAUF-I4022010,-0.615575734,49.162593978,0.17865202896477364,23015194,EAUF-I4022010
EAUF-I4032010,-0.530688331,49.291397603,0.8441520908950044,23015194,EAUF-I4022010
EAUF-I5013617,-1.590017305,49.523736108,0.4395845243598469,23016791,EAUF-I5013617
EAUF-I5021020,-0.889272612,48.86100497,0.9050075852050664,23015340,EAUF-I5221010
EAUF-I5053010,-0.888745643,48.947115841,0.8398696929516718,23015341,EAUF-I5221010
EAUF-I5060002,-1.655211947,49.438805958,0.48137427670771343,23015363,EAUF-I5060002
EAUF-I5101010,-0.964648461,48.936136922,0.5221146090785839,23014885,EAUF-I5221010
EAUF-I5121020,-1.055407971,48.974958567,0.676101002482613,23014657,EAUF-I5221010
EAUF-I5221010,-1.091729369,49.085272663,0.2917585730714871,23014455,EAUF-I5221010
EAUF-I5321510,-0.749087368,49.321156354,0.99,23015349,EAUF-I5321510
EAUF-I5352010,-0.738172045,49.299527544,0.936339584612134,23016133,EAUF-I5352010
EAUF-I6923010,-1.289138011,49.635061842,0.21844012703046548,23016909,EAUF-I6923010
EAUF-I6943110,-1.624575768,49.621220204,0.8668893755379148,23016837,EAUF-I6943110
EAUF-I7021020,-1.201701022,48.836996238,0.2604922758295981,23015266,EAUF-I7111010
EAUF-I7102020,-1.365176738,48.867056191,0.6843280578058826,23015849,EAUF-I7111010
EAUF-I7111010,-1.426509584,48.921041329,0.3826905865570033,23014584,EAUF-I7111010
EAUF-I7222020,-1.444313029,49.036393829,0.8308568505048766,23016064,EAUF-I7222020
EAUF-I7913610,-1.53198888,48.784080348,0.35579661084276987,23015839,EAUF-I7913610
EAUF-I8002010,-1.016440782,48.712119679,0.5296057538270542,23015743,EAUF-I8070001
EAUF-I8070001,-1.199543735,48.712114547,0.7485805872618078,23014820,EAUF-I8070001
EAUF-I9031010,-0.969946704,48.598371185,0.28193355798515307,23015109,EAUF-I9221020
EAUF-I9122010,-1.073774334,48.480805755,0.0684671794080293,23014056,EAUF-I9221020
EAUF-I9221020,-1.292804049,48.596227046,0.9296937431495157,23013947,EAUF-I9221020
EAUF-I9233010,-1.31394684,48.577408472,0.8616300354668911,23014076,EAUF-I9233010
EAUF-J0121510,-1.503785903,48.365470791,0.2281504681923276,23018160,EAUF-J0121510
EAUF-J0611610,-2.167617862,48.254106819,0.7711910962270497,23020188,EAUF-J0611610
EAUF-J1313010,-2.567963009,48.484562481,0.4329347723293676,23014051,EAUF-J1313010
EAUF-J1324010,-2.606062841,48.490325047,0.7903777285305854,23014058,EAUF-J1324010
EAUF-J1513010,-2.833333757,48.446553314,0.49523199941917695,23018594,EAUF-J1523020
EAUF-J1523020,-2.82723075,48.510232526,0.7542873833509807,23014049,EAUF-J1523020
EAUF-J1711710,-3.11450308,48.48321838,0.024492098285872607,23014062,EAUF-J1721720
EAUF-J1721720,-3.163261078,48.688830476,0.7575803823212106,23014015,EAUF-J1721720
EAUF-J1813010,-3.068188944,48.705902709,0.3981429841869838,23013737,EAUF-J1813010
EAUF-J2023010,-3.27027241,48.713855131,0.25922607888569366,23015111,EAUF-J2023010
EAUF-J2034010,-3.256646117,48.782555491,0.8703789785677651,23015674,EAUF-J2034010
EAUF-J2233010,-3.398423683,48.54709399,0.016574006541649255,23014002,EAUF-J2233020
EAUF-J2233020,-3.414354967,48.635780147,0.12107601064749964,23013968,EAUF-J2233020
EAUF-J2614010,-3.836522045,48.567827672,0.7013639708444116,23014019,EAUF-J2614010
EAUF-J2723010,-3.923562758,48.585961505,0.9389303070317762,23014003,EAUF-J2723010
EAUF-J3204020,-4.400485086,48.557093779,0.8248337229215772,23015429,EAUF-J3204020
EAUF-J3323020,-4.680964457,48.45564803,0.6923950982011294,23018857,EAUF-J3323020
EAUF-J3413030,-4.220137299,48.469426409,0.4109565457830321,23017765,EAUF-J3413030
EAUF-J3514010,-4.214608921,48.386902617,0.5975333983351868,23020353,EAUF-J3514010
EAUF-J3601810,-3.66767952,48.389194397,0.7858046263340558,23018862,EAUF-J3821810
EAUF-J3624010,-3.872424724,48.354208457,0.12879357663939253,23020297,EAUF-J3821810
EAUF-J3631810,-3.718490569,48.224259147,0.8441014596596439,23018371,EAUF-J3821810
EAUF-J3713010,-3.510223765,48.3210051,0.18606517784354004,23018675,EAUF-J3821810
EAUF-J3733010,-3.701121393,48.220453933,0.9683681179455783,23018339,EAUF-J3821810
EAUF-J3811810,-3.861513469,48.16507936,0.6587826328700437,23018091,EAUF-J3821810
EAUF-J3821810,-3.986289573,48.190549899,0.2595720815872611,23018037,EAUF-J3821810
EAUF-J3821820,-4.093127762,48.196143342,0.7584959419612357,23018037,EAUF-J3821810
EAUF-J3834010,-4.060579111,48.260350925,0.5541349191373592,23018756,EAUF-J3834010
EAUF-J4014010,-4.473841786,48.039340415,0.9430577945153475,23019894,EAUF-J4014010
EAUF-J4211910,-4.063848209,48.006296313,0.8725814674588581,23018470,EAUF-J4211910
EAUF-J4224010,-4.014695369,47.988970592,0.07501984545187276,23018541,EAUF-J4224010
EAUF-J4313010,-4.147113273,48.027702787,0.7172263144489183,23020022,EAUF-J4313010
EAUF-J4614010,-3.751723008,47.907623156,0.9282808437095386,23019843,EAUF-J4623020
EAUF-J4623020,-3.734245047,47.885117491,0.7990184540837704,23018540,EAUF-J4623020
EAUF-J4712010,-3.477978337,48.069425691,0.01779728957766263,23018568,EAUF-J4742010
EAUF-J4734010,-3.556059261,48.04802998,0.99,23020024,EAUF-J4742010
EAUF-J4742010,-3.469218037,47.904334862,0.5760603759028388,23018322,EAUF-J4742010
EAUF-J4803010,-3.671158374,47.987904863,0.28119842639628423,23019945,EAUF-J4803010
EAUF-J4813010,-3.546065776,47.87565637,0.99,23019945,EAUF-J4803010
EAUF-J5102210,-3.419101939,47.905673404,0.7682842712474645,23018415,EAUF-J5102210
EAUF-J5212120,-3.248553746,48.342317323,0.21272620968989753,23020336,EAUF-J5712110
EAUF-J5224010,-3.152621605,48.255920749,0.5776502559007077,23018705,EAUF-J5712110
EAUF-J5402120,-3.130688767,48.212659818,0.9899812484826025,23018377,EAUF-J5712110
EAUF-J5432110,-3.000585244,48.113264133,0.5092852531782539,23018122,EAUF-J5712110
EAUF-J5524010,-3.100706747,47.96638372,0.8031765465484557,23019970,EAUF-J5712110
EAUF-J5613010,-2.974607331,47.901106569,0.6697332337673542,23018637,EAUF-J5712110
EAUF-J5712110,-3.212024271,47.856455372,0.45691937020464657,23017938,EAUF-J5712110
EAUF-J6213010,-2.988828849,47.722337166,0.7141747830888174,23019635,EAUF-J6213010
EAUF-J7010610,-1.222673816,48.12276275,0.8063815694651949,23018763,EAUF-J9300611
EAUF-J7010630,-1.145838696,48.143161342,0.45622136579565453,23018763,EAUF-J9300611
EAUF-J7060620,-1.403798224,48.108038272,0.349985139655335,23018242,EAUF-J9300611
EAUF-J7083110,-1.498538972,48.183122013,0.4891553102432021,23018628,EAUF-J9300611
EAUF-J7090630,-1.56396774,48.123896849,0.14594879337395672,23018065,EAUF-J9300611
EAUF-J7313010,-2.217195248,48.126923733,0.24814810574511809,23018548,EAUF-J9300611
EAUF-J7353010,-1.944196378,48.128600682,0.15417209504613225,23018153,EAUF-J9300611
EAUF-J7443010,-1.473598052,48.009479757,0.23600862761140137,23018173,EAUF-J9300611
EAUF-J7483010,-1.706593213,48.023260496,0.43845757343751085,23018025,EAUF-J9300611
EAUF-J7500610,-1.750343903,47.94567137,0.5429950402382367,23017955,EAUF-J9300611
EAUF-J7633010,-1.629832927,47.860127352,0.4918689303230194,23018331,EAUF-J9300611
EAUF-J7833010,-1.703825603,47.700522885,0.18652342948852266,23018190,EAUF-J9300611
EAUF-J7900610,-1.852044509,47.708176723,0.2732502810104194,23017885,EAUF-J9300611
EAUF-J7933010,-1.538878178,47.616853129,0.7436990213232446,23018383,EAUF-J9300611
EAUF-J7953010,-1.789096024,47.622980087,0.48888665767644995,23018115,EAUF-J9300611
EAUF-J8022310,-2.816775778,48.158519151,0.6102400667108057,23018631,EAUF-J9300611
EAUF-J8133010,-2.622114917,48.201986257,0.1439474395013103,23018455,EAUF-J9300611
EAUF-J8202310,-2.652773617,47.998874453,0.19143206045933714,23018105,EAUF-J9300611
EAUF-J8333010,-2.461810949,47.937874728,0.4768762484757526,23018310,EAUF-J9300611
EAUF-J8363110,-2.368678472,47.99462516,0.5189737146024984,23018485,EAUF-J9300611
EAUF-J8433010,-2.70265682,47.82591153,0.2672050024085262,23019764,EAUF-J9300611
EAUF-J8443010,-2.423779892,47.786956422,0.789972230098309,23019764,EAUF-J9300611
EAUF-J8502310,-2.257254448,47.739362326,0.3178566055165402,23017934,EAUF-J9300611
EAUF-J8632410,-2.073909459,47.828976373,0.7667260094681685,23018378,EAUF-J9300611
EAUF-J8800230,-2.118537681,47.706031193,0.2385382064389991,23017906,EAUF-J9300611
EAUF-J8813010,-2.431874367,47.716860624,0.4230735339000465,23019626,EAUF-J9300611
EAUF-J9300611,-2.126360421,47.580112332,0.47600793408652686,23017859,EAUF-J9300611
EAUF-K0018723,4.155658938,44.76680996,0.4735744455000137,23023633,EAUF-M5300010
EAUF-K0030020,4.047532068,44.819819728,0.03839622706093731,23023051,EAUF-M5300010
EAUF-K0100020,3.921882753,44.889049776,0.5217984589565816,23022961,EAUF-M5300010
EAUF-K0114030,3.936053012,44.952653778,0.9356862350225041,23023705,EAUF-M5300010
EAUF-K0214010,3.980383845,45.012799309,0.6535760929653692,23023205,EAUF-M5300010
EAUF-K0243010,3.793957524,45.120266443,0.7190423508695043,23023151,EAUF-M5300010
EAUF-K0253020,3.887927616,45.05017806,0.8381398858018705,23022995,EAUF-M5300010
EAUF-K0260010,3.901844912,45.068012172,0.3984277268364134,23022849,EAUF-M5300010
EAUF-K0333010,3.879560763,45.20645629,0.5239645287386763,23023044,EAUF-M5300010
EAUF-K0403010,4.300928202,45.057763535,0.9272329260727918,23023724,EAUF-M5300010
EAUF-K0410310,4.275223351,45.140187775,0.2817943473883662,23022954,EAUF-M5300010
EAUF-K0454010,4.21458613,45.214752216,0.38418934595848914,23023040,EAUF-M5300010
EAUF-K0454020,4.332070082,45.220077103,0.3281591483569403,23023219,EAUF-M5300010
EAUF-K0463010,4.1502841,45.256802831,0.90086215878623,23022871,EAUF-M5300010
EAUF-K0513010,3.89137388,45.379851794,0.5984757770658766,23022667,EAUF-M5300010
EAUF-K0530001,3.939587127,45.308839922,0.07566156233052623,23022647,EAUF-M5300010
EAUF-K0543010,4.081133953,45.276223701,0.20842241933296385,23022632,EAUF-M5300010
EAUF-K0550010,4.117993226,45.295231598,0.1061251119069887,23022628,EAUF-M5300010
EAUF-K0567520,4.249602144,45.314515547,0.690680486255397,23023921,EAUF-M5300010
EAUF-K0600010,4.248623304,45.466739937,0.2984318537680861,23020597,EAUF-M5300010
EAUF-K0614010,4.264275495,45.519072374,0.8866098112190985,23020634,EAUF-M5300010
EAUF-K0673310,4.375442113,45.607679115,0.41518117253591824,23021255,EAUF-M5300010
EAUF-K0690010,4.225359399,45.643330184,0.06247348661229178,23020585,EAUF-M5300010
EAUF-K0733220,3.867191204,45.696749729,0.11624136017770302,23021422,EAUF-M5300010
EAUF-K0744010,3.952453968,45.763663035,0.5878931427201176,23021166,EAUF-M5300010
EAUF-K0753210,4.002998753,45.743322576,0.1996251565687497,23021099,EAUF-M5300010
EAUF-K0763312,4.138631563,45.707110149,0.27705733449113373,23021093,EAUF-M5300010
EAUF-K0773220,4.16063558,45.730291847,0.11108690476998863,23020928,EAUF-M5300010
EAUF-K0813020,3.987246235,45.83427406,0.7266734393909705,23021353,EAUF-M5300010
EAUF-K0910010,4.046223009,45.995864072,0.8503644341196025,23020571,EAUF-M5300010
EAUF-K0943010,4.33160667,45.982421726,0.936564246900434,23021742,EAUF-M5300010
EAUF-K0983011,4.098373386,46.018524341,0.5807679664478307,23020959,EAUF-M5300010
EAUF-K1063010,4.151682572,46.150316121,0.01,23020969,EAUF-M5300010
EAUF-K1173210,4.049810158,46.357974334,0.6059005739308719,23020950,EAUF-M5300010
EAUF-K1180010,3.970011266,46.479513998,0.6369921807870239,23020543,EAUF-M5300010
EAUF-K1243010,4.418061525,47.019419919,0.5197567698867336,23017680,EAUF-M5300010
EAUF-K1251810,4.320196478,47.000770333,0.08990962148581466,23020524,EAUF-M5300010
EAUF-K1273110,4.257803315,46.991535173,0.7491094975631368,23020644,EAUF-M5300010
EAUF-K1284810,4.196883525,47.005050464,0.08815590848391802,23020649,EAUF-M5300010
EAUF-K1314010,4.265133254,46.864524119,0.2688883969147365,23021108,EAUF-M5300010
EAUF-K1321810,4.192479053,46.851459277,0.2267162966085598,23020507,EAUF-M5300010
EAUF-K1341810,4.032245821,46.533455291,0.5462328626399179,23020493,EAUF-M5300010
EAUF-K1353010,4.396204914,46.699138339,0.5575134930237934,23021311,EAUF-M5300010
EAUF-K1363010,4.30092303,46.604367921,0.8603160485617337,23021103,EAUF-M5300010
EAUF-K1383010,4.078510958,46.471760632,0.09714942975413356,23020858,EAUF-M5300010
EAUF-K1440010,3.766202763,46.538026959,0.653358191855849,23020486,EAUF-M5300010
EAUF-K1524010,3.687728054,46.193993974,0.6811147601690802,23021238,EAUF-M5300010
EAUF-K1533010,3.645737239,46.226784734,0.3430932113601989,23020982,EAUF-M5300010
EAUF-K1563020,3.654197355,46.47680517,0.99,23020855,EAUF-M5300010
EAUF-K1633010,3.769907566,46.647588347,0.5160627746518907,23021091,EAUF-M5300010
EAUF-K1713010,3.643317812,47.062908275,0.01,23020525,EAUF-M5300010
EAUF-K1724210,3.76365138,46.910893007,0.8242100604615735,23022381,EAUF-M5300010
EAUF-K1753110,3.680245698,46.8448123,0.8677586681708314,23021144,EAUF-M5300010
EAUF-K1764010,3.653660316,46.913847479,0.6398810328227382,23020621,EAUF-M5300010
EAUF-K1773010,3.575831742,46.851901322,0.6975049798302564,23020502,EAUF-M5300010
EAUF-K1833010,3.432234764,46.785909521,0.5270179412170037,23021023,EAUF-M5300010
EAUF-K1900010,3.252752769,46.937456154,0.010373893685095488,23020474,EAUF-M5300010
EAUF-K1914510,3.334852253,46.96215092,0.625470981277943,23020522,EAUF-M5300010
EAUF-K1930010,3.165332168,46.982812367,0.961289008349563,23020474,EAUF-M5300010
EAUF-K1954010,3.253003621,47.134385394,0.02015015208307157,23018445,EAUF-M5300010
EAUF-K2010820,3.897912605,44.613168386,0.5160730195811166,23023505,EAUF-M5300010
EAUF-K2064010,3.857646323,44.730315048,0.9766873571021503,23023542,EAUF-M5300010
EAUF-K2070810,3.85689632,44.734147343,0.07735881700556593,23023035,EAUF-M5300010
EAUF-K2075020,3.828718752,44.750631063,0.7633338578605912,23023239,EAUF-M5300010
EAUF-K2080820,3.832381708,44.756853103,0.08050924141302793,23023007,EAUF-M5300010
EAUF-K2123010,3.696897429,44.669851977,0.25157339980722493,23023167,EAUF-M5300010
EAUF-K2163110,3.636900487,44.788822524,0.4481636968278467,23023594,EAUF-M5300010
EAUF-K2173020,3.712074055,44.817518787,0.2775841568602519,23022937,EAUF-M5300010
EAUF-K2210843,3.671939308,44.919331073,0.11681522097507512,23022866,EAUF-M5300010
EAUF-K2223030,3.624988573,44.914905037,0.43899565525660955,23023060,EAUF-M5300010
EAUF-K2240820,3.597242805,45.027273579,0.953033364620144,23022840,EAUF-M5300010
EAUF-K2254010,3.550791704,44.971202261,0.12783094055133282,23023168,EAUF-M5300010
EAUF-K2300810,3.498822653,45.10070005,0.1827758412117654,23022813,EAUF-M5300010
EAUF-K2316210,3.438144131,45.141671876,0.9127572077894555,23023779,EAUF-M5300010
EAUF-K2330810,3.408876799,45.260991129,0.08792767907795897,23022785,EAUF-M5300010
EAUF-K2363020,3.502457973,45.209572544,0.05822103933490394,23022988,EAUF-M5300010
EAUF-K2383110,3.508807355,45.252116806,0.99,23023968,EAUF-M5300010
EAUF-K2430810,3.356327267,45.385640289,0.07482811403786314,23022775,EAUF-M5300010
EAUF-K2514010,3.006945654,45.134419283,0.9617767789165999,23023226,EAUF-M5300010
EAUF-K2514020,2.933012177,45.229231214,0.05777710613045984,23023226,EAUF-M5300010
EAUF-K2523010,3.027336788,45.159213405,0.39841811623194984,23023036,EAUF-M5300010
EAUF-K2534012,3.193532727,45.250703026,0.7138097694219026,23022920,EAUF-M5300010
EAUF-K2560001,3.180526599,45.312593823,0.9833468455307457,23023890,EAUF-M5300010
EAUF-K2593013,3.267241374,45.386869659,0.4244105931960938,23022874,EAUF-M5300010
EAUF-K2623010,3.190180191,45.430176872,0.8708131063155137,23023951,EAUF-M5300010
EAUF-K2630310,3.293182376,45.534823739,0.99,23021156,EAUF-M5300010
EAUF-K2654010,3.111169901,45.550765454,0.5264028729752199,23020627,EAUF-M5300010
EAUF-K2654011,3.003674393,45.491461437,0.7399698873957161,23023986,EAUF-M5300010
EAUF-K2674010,3.104702618,45.587384989,0.2142727488300794,23021147,EAUF-M5300010
EAUF-K2674030,2.908677476,45.569567225,0.04271411908832757,23021453,EAUF-M5300010
EAUF-K2674040,2.929995751,45.571716646,0.1697589505216496,23021453,EAUF-M5300010
EAUF-K2680810,3.20191423,45.660947948,0.32598373726031316,23020611,EAUF-M5300010
EAUF-K2680820,3.210562007,45.615016439,0.01,23020614,EAUF-M5300010
EAUF-K2773120,3.292480331,45.899992644,0.6058809954733905,23021030,EAUF-M5300010
EAUF-K2783010,3.313359752,45.908716593,0.2629519355766444,23020907,EAUF-M5300010
EAUF-K2790810,3.447805134,45.969471712,0.6273422457508299,23020601,EAUF-M5300010
EAUF-K2821910,3.745574376,45.38233064,0.971006176415518,23023217,EAUF-M5300010
EAUF-K2834010,3.630634653,45.446565695,0.3728615493985053,23022724,EAUF-M5300010
EAUF-K2851910,3.73021238,45.543774509,0.5590079733678346,23020598,EAUF-M5300010
EAUF-K2871910,3.61045313,45.689344241,0.6216830176630099,23020581,EAUF-M5300010
EAUF-K2884010,3.594195181,45.702128355,0.9861846752406629,23021541,EAUF-M5300010
EAUF-K2944010,3.566473131,45.744748161,0.7918897299311989,23021571,EAUF-M5300010
EAUF-K2970310,3.63187259,45.86716847,0.09907266854522882,23021349,EAUF-M5300010
EAUF-K2981910,3.477693606,45.89117637,0.23017614858075963,23020568,EAUF-M5300010
EAUF-K2994010,3.473548287,45.964080996,0.9208165993135142,23021662,EAUF-M5300010
EAUF-K3030810,3.459087447,46.062037526,0.29171170070313474,23020559,EAUF-M5300010
EAUF-K3060310,3.474836082,46.119413114,0.7845216682270145,23021274,EAUF-M5300010
EAUF-K3080001,3.443401676,46.134677656,0.1415715747689606,23021049,EAUF-M5300010
EAUF-K3220210,2.830484488,45.766340462,0.07673638767390378,23021174,EAUF-M5300010
EAUF-K3222010,2.849048206,45.833237348,0.9296556620200084,23021174,EAUF-M5300010
EAUF-K3264010,2.67401632,45.870796876,0.978636538837454,23021330,EAUF-M5300010
EAUF-K3273010,2.703454102,45.88612338,0.48102789238436955,23021087,EAUF-M5300010
EAUF-K3302010,2.901436607,46.029647714,0.6326446223745178,23020894,EAUF-M5300010
EAUF-K3322010,3.094394151,46.116305496,0.9524728028300978,23020804,EAUF-M5300010
EAUF-K3373010,3.226816238,46.263185826,0.03269037088000049,23020902,EAUF-M5300010
EAUF-K3382010,3.29312791,46.31529839,0.15466327149133885,23020720,EAUF-M5300010
EAUF-K3400810,3.316919408,46.402193665,0.8312474648844188,23020545,EAUF-M5300010
EAUF-K3450810,3.325950839,46.56111743,0.4513206652959195,23020537,EAUF-M5300010
EAUF-K3650810,3.069838108,46.946580579,0.5393982262002506,23020528,EAUF-M5300010
EAUF-K4000010,3.07211312,47.01599577,0.8412426571894265,23017474,EAUF-M5300010
EAUF-K4073110,2.896502475,47.270710326,0.14723252819239774,23018261,EAUF-M5300010
EAUF-K4080010,2.866673734,47.341195586,0.045463454195409245,23017456,EAUF-M5300010
EAUF-K4094010,2.996719146,47.355845521,0.24074508491937893,23018259,EAUF-M5300010
EAUF-K4123010,2.982492736,47.540661546,0.03064034338880966,23018516,EAUF-M5300010
EAUF-K4180010,2.641573093,47.676807395,0.4798970002956497,23017434,EAUF-M5300010
EAUF-K4350010,1.925717445,47.899367866,0.286886760717683,23017412,EAUF-M5300010
EAUF-K4414090,1.69461322,47.820222839,0.6444566298441645,23018539,EAUF-M5300010
EAUF-K4470010,1.335147948,47.584957074,0.5178192666028547,23017400,EAUF-M5300010
EAUF-K4572210,1.70755632,47.529619622,0.7081189816294146,23018061,EAUF-M5300010
EAUF-K4670001,1.420658053,47.532421511,0.8751945999549249,23017968,EAUF-M5300010
EAUF-K4793010,1.309387152,47.543684348,0.4421653495924897,23017983,EAUF-M5300010
EAUF-K4800010,1.190335367,47.485577961,0.1854617731159929,23017399,EAUF-M5300010
EAUF-K4840001,1.235465156,47.54658671,0.5890408997792954,23018325,EAUF-M5300010
EAUF-K4853000,0.965964808,47.434852534,0.09708812595637493,23018016,EAUF-M5300010
EAUF-K4873120,0.898301085,47.56791122,0.5134840651522733,23018422,EAUF-M5300010
EAUF-K4900030,0.697735013,47.397838186,0.6623919405570928,23017397,EAUF-M5300010
EAUF-K5090900,2.54758946,46.17633533,0.05227000228280012,23021052,EAUF-M5300010
EAUF-K5133010,2.32350623,46.020188663,0.7794236592168476,23021212,EAUF-M5300010
EAUF-K5143110,2.260198186,46.196656815,0.7855371066029978,23021250,EAUF-M5300010
EAUF-K5183020,2.444958376,46.184417311,0.6542010560018258,23020908,EAUF-M5300010
EAUF-K5220900,2.602483136,46.344995169,0.038640269118731765,23020799,EAUF-M5300010
EAUF-K5363220,2.827672081,46.474315303,0.5065462716188762,23021007,EAUF-M5300010
EAUF-K5383020,2.713049024,46.507807119,0.1844039146607995,23020932,EAUF-M5300010
EAUF-K5400920,2.490608291,46.725913643,0.9850408808565178,23020729,EAUF-M5300010
EAUF-K5433020,2.62342756,46.726831223,0.5857056805392393,23021195,EAUF-M5300010
EAUF-K5480920,2.244780868,46.992074088,0.24716730819510216,23017769,EAUF-M5300010
EAUF-K5490900,2.06537251,47.216502909,0.9535024724183808,23017737,EAUF-M5300010
EAUF-K5552300,2.563278391,47.050098611,0.03793903677774248,23017669,EAUF-M5300010
EAUF-K5574100,2.421379897,47.123995952,0.6085493415591757,23018900,EAUF-M5300010
EAUF-K5623010,2.651215924,46.803894903,0.3550776597438733,23021168,EAUF-M5300010
EAUF-K5653010,2.448059301,47.036964703,0.8326073329919386,23017774,EAUF-M5300010
EAUF-K5702320,2.352509552,47.085618736,0.21838290073847594,23017642,EAUF-M5300010
EAUF-K5712310,2.169076469,47.187202383,0.8586669498050592,23017619,EAUF-M5300010
EAUF-K6022420,2.376206079,46.652854382,0.5673722322549697,23021270,EAUF-M5300010
EAUF-K6102430,2.129439529,46.880357865,0.15047579986952656,23020798,EAUF-M5300010
EAUF-K6123110,1.955890198,46.836530562,0.8090603691871237,23021113,EAUF-M5300010
EAUF-K6173130,2.032963032,47.018315947,0.7515081077312731,23017776,EAUF-M5300010
EAUF-K6192420,2.032452894,47.180514464,0.37370898574899464,23017734,EAUF-M5300010
EAUF-K6220910,1.557872339,47.278245121,0.8605931994104155,23017583,EAUF-M5300010
EAUF-K6322511,2.580935844,47.491072411,0.3864530018418213,23018421,EAUF-M5300010
EAUF-K6332520,2.258762682,47.564097023,0.3422181684602898,23018067,EAUF-M5300010
EAUF-K6373020,2.304963592,47.446654309,0.4245403211189496,23018363,EAUF-M5300010
EAUF-K6402520,2.032185821,47.423801907,0.3556758780777155,23017964,EAUF-M5300010
EAUF-K6453010,2.056646489,47.345463133,0.16132070986526165,23018423,EAUF-M5300010
EAUF-K6482510,1.671547667,47.320917289,0.1920073644469924,23017888,EAUF-M5300010
EAUF-K6500910,1.488142911,47.27025012,0.4884207847945,23017567,EAUF-M5300010
EAUF-K6520002,1.755357966,47.20452835,0.12950741323286963,23018449,EAUF-M5300010
EAUF-K6580001,1.601104114,47.177691765,0.6341712076751198,23017749,EAUF-M5300010
EAUF-K6593020,1.512906193,47.252120754,0.5312044824356333,23017714,EAUF-M5300010
EAUF-K6710910,0.6780093,47.373102769,0.2886131355491051,23017542,EAUF-M5300010
EAUF-K6830020,0.405305762,47.319856739,0.03350366687880717,23017393,EAUF-M5300010
EAUF-K7022620,1.979289667,46.600201245,0.6566879203944423,23021316,EAUF-M5300010
EAUF-K7143010,1.904001226,46.625971861,0.2614219353636531,23021129,EAUF-M5300010
EAUF-K7202610,1.830626108,46.741827444,0.6572584945001584,23020943,EAUF-M5300010
EAUF-K7222610,1.415264085,46.898805252,0.1321557921007793,23020753,EAUF-M5300010
EAUF-K7312610,1.127077888,47.016871719,0.4765097455700089,23017672,EAUF-M5300010
EAUF-K7322610,1.018383336,47.103082065,0.5654861130504282,23017667,EAUF-M5300010
EAUF-K7433030,0.99522219,47.207597361,0.7989566911022877,23018329,EAUF-M5300010
EAUF-K7522620,0.627192545,47.278428013,0.4615078555176552,23017601,EAUF-M5300010
EAUF-L0010610,2.007497176,45.702043362,0.42964706651284235,23021533,EAUF-M5300010
EAUF-L0010611,1.995021023,45.70425912,0.6945431218772037,23021533,EAUF-M5300010
EAUF-L0050630,1.743024741,45.740291259,0.14772185379484967,23020938,EAUF-M5300010
EAUF-L0093020,1.553838338,45.766663901,0.8917663867378129,23021406,EAUF-M5300010
EAUF-L0123030,1.768425437,45.822354935,0.31085930531220485,23021104,EAUF-M5300010
EAUF-L0140610,1.404587064,45.885144089,0.8892407414461929,23020802,EAUF-M5300010
EAUF-L0231510,1.846800281,45.996518709,0.24302818230238538,23021058,EAUF-M5300010
EAUF-L0314010,1.578312883,45.956018686,0.5880246410434127,23021207,EAUF-M5300010
EAUF-L0321510,1.409803703,45.904600116,0.4401911750218346,23020784,EAUF-M5300010
EAUF-L0400610,1.269512095,45.825700944,0.7278154176551453,23020762,EAUF-M5300010
EAUF-L0563010,1.240447273,45.756927243,0.6661359072657723,23020977,EAUF-M5300010
EAUF-L0614020,1.189813571,45.811134229,0.6906414307092915,23021633,EAUF-M5300010
EAUF-L0620610,1.143410174,45.797657712,0.9061636786440098,23020735,EAUF-M5300010
EAUF-L0813010,0.915506861,45.91297327,0.5779825809307482,23021054,EAUF-M5300010
EAUF-L0914020,0.863233895,45.853046849,0.5477993082794282,23021263,EAUF-M5300010
EAUF-L0920610,0.779326041,45.863851318,0.29001852739957257,23020706,EAUF-M5300010
EAUF-L0940610,0.670062552,46.013296956,0.9821099347694204,23020698,EAUF-M5300010
EAUF-L1004010,0.686492,45.995672785,0.5256916541326886,23021264,EAUF-M5300010
EAUF-L1113010,0.748926245,46.04748059,0.13468786776911404,23021065,EAUF-M5300010
EAUF-L1310001,0.706056117,46.313110393,0.37169603753695357,23021077,EAUF-M5300010
EAUF-L1400610,0.701432011,46.40462385,0.9657729512321368,23020679,EAUF-M5300010
EAUF-L1440610,0.641975591,46.569492017,0.01,23020671,EAUF-M5300010
EAUF-L2103010,0.23287124,46.356072861,0.9017083803715983,23021032,EAUF-M5300010
EAUF-L2201610,0.251314033,46.378323481,0.3355429095228437,23020866,EAUF-M5300010
EAUF-L2253010,0.155734523,46.434904877,0.5276249785671343,23021008,EAUF-M5300010
EAUF-L2313010,0.286126121,46.4343162,0.9811701201446305,23020941,EAUF-M5300010
EAUF-L2313014,0.364329025,46.389757763,0.2663607061669761,23020941,EAUF-M5300010
EAUF-L2321610,0.285916881,46.440095588,0.015401358552100617,23020831,EAUF-M5300010
EAUF-L2341610,0.351308827,46.577963775,0.7595301886654187,23020791,EAUF-M5300010
EAUF-L2404030,0.273531014,46.579993776,0.7533601944763417,23022042,EAUF-M5300010
EAUF-L2404040,0.330208511,46.579706231,0.9580276496617102,23022042,EAUF-M5300010
EAUF-L2443010,0.256897837,46.62353702,0.6085237544207069,23021136,EAUF-M5300010
EAUF-L2501610,0.422729082,46.702576614,0.8281965050729262,23020761,EAUF-M5300010
EAUF-L3200610,0.540205146,46.816426628,0.09134062537408176,23020662,EAUF-M5300010
EAUF-L3200620,0.563578102,46.877071273,0.9163992959498515,23020662,EAUF-M5300010
EAUF-L4010710,2.167217959,45.888371263,0.1710656678943092,23021191,EAUF-M5300010
EAUF-L4033010,2.17723306,45.931904718,0.99,23021289,EAUF-M5300010
EAUF-L4100710,2.173445331,45.95039226,0.7230483642358383,23021083,EAUF-M5300010
EAUF-L4210710,1.918907153,46.223858841,0.99,23020836,EAUF-M5300010
EAUF-L4220710,1.679068889,46.378427446,0.9628995501489982,23020818,EAUF-M5300010
EAUF-L4400001,1.993692793,46.35770504,0.3716137416198347,23020946,EAUF-M5300010
EAUF-L4411710,1.688999351,46.385935844,0.7862710071240022,23020806,EAUF-M5300010
EAUF-L4540720,1.517900027,46.588547464,0.639809285521004,23020731,EAUF-M5300010
EAUF-L4653010,1.626821617,46.665906582,0.2913847629857362,23020990,EAUF-M5300010
EAUF-L4700710,1.427459438,46.635277666,0.05949599615175002,23020713,EAUF-M5300010
EAUF-L4710710,1.289223681,46.632483873,0.8135109437927169,23020713,EAUF-M5300010
EAUF-L4730710,1.062097304,46.630759792,0.5151576705660673,23020700,EAUF-M5300010
EAUF-L4730720,0.951959595,46.734048539,0.9863255840660097,23020700,EAUF-M5300010
EAUF-L5001810,1.786215299,46.119321613,0.8151619542860504,23021724,EAUF-M5300010
EAUF-L5034010,1.495526403,46.096621336,0.7635493950296417,23021733,EAUF-M5300010
EAUF-L5101810,1.433215153,46.113844745,0.010349351484788138,23020870,EAUF-M5300010
EAUF-L5114011,1.255566667,46.063210572,0.5915428256820379,23021712,EAUF-M5300010
EAUF-L5134010,1.142102007,46.150780507,0.9348538752360696,23021791,EAUF-M5300010
EAUF-L5223020,1.021059156,46.134334106,0.7030734187328941,23021015,EAUF-M5300010
EAUF-L5301810,0.948680822,46.184006175,0.425078119092598,23020759,EAUF-M5300010
EAUF-L5323010,0.998966983,46.251703809,0.6074648112422388,23021044,EAUF-M5300010
EAUF-L5401810,0.933009198,46.283917051,0.04181649387412434,23020733,EAUF-M5300010
EAUF-L5411810,0.869246825,46.423275063,0.04407562584093196,23020718,EAUF-M5300010
EAUF-L5411823,0.867482566,46.565141833,0.8860097091461231,23020718,EAUF-M5300010
EAUF-L5511910,1.253237547,46.504011451,0.8453310558868248,23021165,EAUF-M5300010
EAUF-L5520001,1.355680398,46.497610439,0.7194117834482051,23021899,EAUF-M5300010
EAUF-L5623010,1.25865153,46.355028236,0.22321280785212913,23021221,EAUF-M5300010
EAUF-L5670003,1.042932532,46.466809603,0.050447972663398385,23020893,EAUF-M5300010
EAUF-L5741910,0.924295125,46.630508401,0.33564153684724457,23020805,EAUF-M5300010
EAUF-L5741920,0.881691748,46.693665062,0.8763881426651964,23020805,EAUF-M5300010
EAUF-L5801810,0.838309455,46.76934577,0.8265356209566481,23020697,EAUF-M5300010
EAUF-L6000710,0.81505229,46.787929492,0.12038174128172167,23020686,EAUF-M5300010
EAUF-L6020710,0.703836088,46.909534837,0.7536555998987227,23020681,EAUF-M5300010
EAUF-L6210002,0.793280784,46.924613582,0.19944197614824594,23020787,EAUF-M5300010
EAUF-L7000610,0.531462944,47.079766347,0.255479161794549,23017522,EAUF-M5300010
EAUF-L7123010,0.305949057,47.100891951,0.30897756392821585,23017750,EAUF-M5300010
EAUF-L7200610,0.238392936,47.165936556,0.24850500927210065,23017511,EAUF-M5300010
EAUF-L8000010,0.062725437,47.21563207,0.05730766870648448,23017391,EAUF-M5300010
EAUF-L8102110,-0.299662895,46.626456218,0.8040031074074995,23022082,EAUF-M5300010
EAUF-L8122110,-0.247095768,46.653298941,0.27718184785090166,23021158,EAUF-M5300010
EAUF-L8122120,-0.172030814,46.763977532,0.7629874452691671,23020995,EAUF-M5300010
EAUF-L8134020,-0.19111622,46.77429523,0.19204566564412848,23021230,EAUF-M5300010
EAUF-L8142110,-0.139912183,46.883600346,0.6547963388391862,23020918,EAUF-M5300010
EAUF-L8213010,-0.186866203,46.922966639,0.788421406814472,23021086,EAUF-M5300010
EAUF-L8222110,-0.191248779,46.952492153,0.37294438512330397,23020844,EAUF-M5300010
EAUF-L8343010,-0.356461584,46.997660056,0.31674773304382864,23017679,EAUF-M5300010
EAUF-L8402110,-0.142074829,47.144899181,0.3581422833883278,23017644,EAUF-M5300010
EAUF-L8523010,-0.089537599,47.097307002,0.783879633492578,23017775,EAUF-M5300010
EAUF-L8602110,-0.080336082,47.215744977,0.023578425789991475,23017623,EAUF-M5300010
EAUF-M0030003,0.231331085,48.49379134,0.5686395612553993,23017804,EAUF-M5300010
EAUF-M0050610,-0.023532875,48.385886744,0.6455761009947427,23017625,EAUF-M5300010
EAUF-M0064351,-0.057315332,48.429181114,0.6606623644832803,23017810,EAUF-M5300010
EAUF-M0114910,-0.147943596,48.330558155,0.5261543289968896,23018881,EAUF-M5300010
EAUF-M0124010,-0.10003153,48.292690799,0.8495164341992607,23020175,EAUF-M5300010
EAUF-M0134010,-0.039730001,48.273510659,0.9154641617771243,23020123,EAUF-M5300010
EAUF-M0243010,0.198987173,48.152385711,0.6972237170809419,23018272,EAUF-M5300010
EAUF-M0250610,0.186512696,48.116139862,0.15687149699247732,23017569,EAUF-M5300010
EAUF-M0321511,0.801774673,48.420086708,0.5816548206166055,23017743,EAUF-M5300010
EAUF-M0361510,0.8138147,48.318408794,0.8710270972829088,23017720,EAUF-M5300010
EAUF-M0384010,0.642595361,48.209857911,0.8029015792560504,23018542,EAUF-M5300010
EAUF-M0421510,0.405299492,48.041599681,0.7251460705910403,23017695,EAUF-M5300010
EAUF-M0500610,0.145059946,47.91258254,0.5098385815755323,23017557,EAUF-M5300010
EAUF-M0583020,-0.231495969,47.888120323,0.7550988238592351,23018206,EAUF-M5300010
EAUF-M0633010,-0.361897449,47.897871028,0.09236477025672896,23018142,EAUF-M5300010
EAUF-M0653110,-0.380211483,47.868102789,0.6470943664664389,23018440,EAUF-M5300010
EAUF-M0680610,-0.385896895,47.803160223,0.41557907131641897,23017536,EAUF-M5300010
EAUF-M1034020,1.347562486,48.209043583,0.871641518418083,23018551,EAUF-M5300010
EAUF-M1041610,1.417776498,48.151659008,0.4026737330980985,23018165,EAUF-M5300010
EAUF-M1073020,1.42082121,48.106942058,0.9151634203405908,23018077,EAUF-M5300010
EAUF-M1114010,1.25772333,48.030890833,0.7695937884525991,23018222,EAUF-M5300010
EAUF-M1124810,1.304704279,47.985611225,0.559466930066124,23018405,EAUF-M5300010
EAUF-M1151610,0.890287589,47.759049007,0.8805539632992793,23017871,EAUF-M5300010
EAUF-M1213010,0.819596601,48.014316848,0.6191663579989525,23018407,EAUF-M5300010
EAUF-M1233040,0.841313574,47.911402572,0.17453512174087124,23018246,EAUF-M5300010
EAUF-M1531610,-0.245141568,47.669491388,0.1081234214038161,23017821,EAUF-M5300010
EAUF-M3014010,-0.332268714,48.439025468,0.396908586309246,23018721,EAUF-M5300010
EAUF-M3020910,-0.369389252,48.488590257,0.3688540827629641,23013798,EAUF-M5300010
EAUF-M3060910,-0.586379295,48.445247302,0.26042923607574703,23017521,EAUF-M5300010
EAUF-M3103010,-0.661980418,48.587682296,0.5584119077224673,23015031,EAUF-M5300010
EAUF-M3133010,-0.675492866,48.497301869,0.8131323438873849,23017800,EAUF-M5300010
EAUF-M3213010,-0.80720786,48.441773089,0.3367992674102135,23017471,EAUF-M5300010
EAUF-M3223010,-0.663845692,48.361228461,0.6651683984991774,23017466,EAUF-M5300010
EAUF-M3230920,-0.587852044,48.364000398,0.44914499463984364,23017459,EAUF-M5300010
EAUF-M3253110,-0.625655091,48.268941852,0.957832331821342,23018861,EAUF-M5300010
EAUF-M3313010,-0.930913685,48.274145643,0.8276604948614716,23018735,EAUF-M5300010
EAUF-M3323010,-0.775860485,48.167081637,0.6372817209138414,23018419,EAUF-M5300010
EAUF-M3340910,-0.740834152,48.012261497,0.7047909486107049,23017435,EAUF-M5300010
EAUF-M3423010,-0.705181179,48.033669266,0.7454412568088647,23018490,EAUF-M5300010
EAUF-M3504010,-0.782662403,47.987318643,0.3003321864126935,23018308,EAUF-M5300010
EAUF-M3600910,-0.699220103,47.818090757,0.23098820259223324,23017422,EAUF-M5300010
EAUF-M3771810,-0.926544738,47.773925098,0.08602537015305425,23018156,EAUF-M5300010
EAUF-M3823010,-0.951341311,47.678907623,0.6164165546806442,23018507,EAUF-M5300010
EAUF-M3851810,-0.861055477,47.686828587,0.10228115624716261,23018036,EAUF-M5300010
EAUF-M4101910,-0.563072231,47.470105687,0.8466208631252414,23017410,EAUF-M5300010
EAUF-M5102010,-0.374479334,47.19299553,0.7871492118449069,23018584,EAUF-M5300010
EAUF-M5222010,-0.632160202,47.316359144,0.12446773734555497,23018040,EAUF-M5300010
EAUF-M5300010,-1.014710679,47.364279341,0.7146801940006356,23017378,EAUF-M5300010
EAUF-M6013010,-1.061397413,47.29354379,0.7404108449572178,23018213,EAUF-M6013010
EAUF-M6013030,-0.968529579,47.192602509,0.8236033440796814,23018365,EAUF-M6013010
EAUF-M6323010,-1.17867915,47.52488284,0.99,23018722,EAUF-M6333020
EAUF-M6333020,-1.48218338,47.464394888,0.4776693850493981,23018127,EAUF-M6333020
EAUF-M7022410,-0.700056248,46.810942065,0.01,23021029,EAUF-M7302420
EAUF-M7112410,-1.113383445,47.017456988,0.9883845031136091,23017773,EAUF-M7302420
EAUF-M7213010,-1.05738667,47.095875322,0.35525008235287014,23018355,EAUF-M7302420
EAUF-M7213020,-1.184770951,47.095730617,0.7227700306931004,23018355,EAUF-M7302420
EAUF-M7302420,-1.281623582,47.090729635,0.13709515581856122,23017727,EAUF-M7302420
EAUF-M7413010,-1.157150664,46.903571666,0.4464044278927007,23021374,EAUF-M7453010
EAUF-M7433110,-1.273250678,46.922745447,0.7320047562848705,23021262,EAUF-M7453010
EAUF-M7453010,-1.371328829,47.055701651,0.9527897232041531,23017764,EAUF-M7453010
EAUF-M8112610,-1.548078225,46.994533222,0.9725452329887931,23017777,EAUF-M8112610
EAUF-M8144010,-1.589979367,47.01593745,0.7785404035288388,23017787,EAUF-M8144010
EAUF-M8205020,-1.531963559,47.121540966,0.6713229571963065,23017794,EAUF-M8205020
EAUF-N0113030,-1.750349909,46.93042549,0.4635941054785807,23022335,EAUF-N0113030
EAUF-N1001510,-1.618007718,46.776983892,0.6596720747308269,23021386,EAUF-N1001510
EAUF-N1203020,-1.712179601,46.671725492,0.22233193440071194,23021339,EAUF-N1203020
EAUF-N2024010,-1.666986818,46.575174705,0.6159159604470171,23022048,EAUF-N2024010
EAUF-N3001610,-0.951655224,46.75019569,0.7337811931445117,23022172,EAUF-N3301610
EAUF-N3024010,-0.971700126,46.669473081,0.6789170632586918,23021181,EAUF-N3301610
EAUF-N3113010,-1.113289456,46.687028668,0.6516343671972156,23021092,EAUF-N3301610
EAUF-N3222010,-1.120899374,46.528018274,0.7144837312136038,23022044,EAUF-N3301610
EAUF-N3301610,-1.219646354,46.535677965,0.5176979990281605,23020826,EAUF-N3301610
EAUF-N3304130,-1.219873605,46.544460626,0.1292893218813487,23021215,EAUF-N3304130
EAUF-N3423010,-1.354795655,46.576601347,0.47293078134568944,23021126,EAUF-N3423010
EAUF-N4000616,-0.123181618,46.377036147,0.5598364288097514,23021403,EAUF-N6110610
EAUF-N4010610,-0.200805195,46.409506766,0.07783556226336183,23021128,EAUF-N6110610
EAUF-N4104030,-0.32722866,46.387954642,0.686870000472944,23021148,EAUF-N6110610
EAUF-N4300620,-0.519994695,46.328472928,0.49696092449700474,23020824,EAUF-N6110610
EAUF-N5101710,-0.656920947,46.463457219,0.5037522777158921,23021280,EAUF-N6110610
EAUF-N6003020,-0.684547729,46.210144599,0.6895092721012464,23021121,EAUF-N6110610
EAUF-N6110610,-0.957291758,46.320735003,0.9479510864479718,23020722,EAUF-N6110610
EAUF-N7101810,-0.669262722,46.500695817,0.11468260008163998,23021259,EAUF-N7121810
EAUF-N7121810,-0.798495757,46.495760402,0.4151217496646647,23021033,EAUF-N7121810
EAUF-O0010040,0.69025246,42.916188331,0.6617073760971515,23024367,EAUF-O9190010
EAUF-O0015310,0.747808596,42.867149436,0.99,23025105,EAUF-O9190010
EAUF-O0044020,0.602625785,42.805905346,0.06385139336563136,23024679,EAUF-O9190010
EAUF-O0050020,0.642407144,42.953475715,0.25958128252900636,23024292,EAUF-O9190010
EAUF-O0144020,0.357603716,42.905853381,0.99,23024530,EAUF-O9190010
EAUF-O0164340,0.360053815,42.904687219,0.3358426117913088,23024568,EAUF-O9190010
EAUF-O0174028,0.358243918,42.907400554,0.01,23024483,EAUF-O9190010
EAUF-O0200020,0.706150546,43.097995649,0.11896077633466513,23024178,EAUF-O9190010
EAUF-O0234020,0.795350493,43.021418544,0.6456141395654942,23025153,EAUF-O9190010
EAUF-O0290030,0.957639731,43.157968396,0.03826489461404962,23024127,EAUF-O9190010
EAUF-O0362510,1.213212104,42.908637896,0.9552875263423859,23024595,EAUF-O9190010
EAUF-O0362520,1.212275556,42.88819476,0.14355715707959005,23024595,EAUF-O9190010
EAUF-O0384010,1.231819697,42.899141352,0.8694456200601753,23024862,EAUF-O9190010
EAUF-O0444010,1.028827547,42.902429503,0.12012198406417439,23024704,EAUF-O9190010
EAUF-O0484010,1.055137355,42.949466386,0.2748548956266286,23024649,EAUF-O9190010
EAUF-O0502520,1.14088135,42.991500591,0.01,23024430,EAUF-O9190010
EAUF-O0554010,0.928657393,43.046217661,0.5403786095746723,23025208,EAUF-O9190010
EAUF-O0592510,0.973925196,43.15444263,0.3352466931444459,23024244,EAUF-O9190010
EAUF-O0600030,1.070928744,43.201847856,0.7541336795389395,23024124,EAUF-O9190010
EAUF-O0744040,1.366058825,43.080265316,0.42250754157566833,23024550,EAUF-O9190010
EAUF-O0794010,1.193607703,43.241706422,0.2191192801960288,23024264,EAUF-O9190010
EAUF-O0800010,1.244784724,43.316871699,0.514164885848079,23024100,EAUF-O9190010
EAUF-O0984010,1.31701044,43.459968421,0.20704019424734588,23024205,EAUF-O9190010
EAUF-O1144620,1.50034425,42.768104546,0.08384430543818434,23024709,EAUF-O9190010
EAUF-O1252510,1.60885338,42.966262505,0.8932584595977596,23024263,EAUF-O9190010
EAUF-O1372510,1.577842384,43.231948346,0.2999342770830758,23024165,EAUF-O9190010
EAUF-O1432910,1.93662119,42.90502386,0.24549911141952532,23024732,EAUF-O9190010
EAUF-O1442910,1.935437111,42.95424375,0.7170417388377344,23024732,EAUF-O9190010
EAUF-O1484320,1.776104498,42.887890458,0.061019490026982516,23025106,EAUF-O9190010
EAUF-O1494310,1.850824328,42.940861823,0.39715682494941446,23025106,EAUF-O9190010
EAUF-O1494330,1.911854093,42.989108992,0.7170960487434221,23025106,EAUF-O9190010
EAUF-O1532910,1.934243108,43.082528229,0.14902273395786325,23024271,EAUF-O9190010
EAUF-O1532920,1.875692568,43.093437671,0.026358144666666628,23024241,EAUF-O9190010
EAUF-O1584610,1.772642695,43.043559754,0.7134025698379717,23025143,EAUF-O9190010
EAUF-O1634010,1.750133073,43.201828414,0.9758971877413338,23024835,EAUF-O9190010
EAUF-O1652930,1.6806903,43.253505077,0.6718520287411912,23024157,EAUF-O9190010
EAUF-O1662910,1.595354656,43.292483263,0.6584082161145044,23024148,EAUF-O9190010
EAUF-O1712510,1.466145232,43.36901469,0.4948209964932611,23024113,EAUF-O9190010
EAUF-O1712530,1.47487383,43.350053817,0.1956501184095912,23024113,EAUF-O9190010
EAUF-O1844020,1.352877688,43.280809318,0.21014784081052704,23024526,EAUF-O9190010
EAUF-O1874010,1.406773789,43.451301047,0.9459136782179529,23024526,EAUF-O9190010
EAUF-O1964310,1.304248491,43.565572637,0.5656609024702561,23024362,EAUF-O9190010
EAUF-O1984310,1.3761835,43.598683273,0.44675332654340444,23024285,EAUF-O9190010
EAUF-O2000010,1.415129717,43.526472748,0.1345605555504354,23024088,EAUF-O9190010
EAUF-O2172510,1.610943746,43.451194508,0.8140975585739606,23024546,EAUF-O9190010
EAUF-O2222510,1.480100081,43.627769941,0.7948756002771794,23024326,EAUF-O9190010
EAUF-O2324010,1.719738781,43.615009478,0.2863850979066243,23024682,EAUF-O9190010
EAUF-O2344010,1.433795114,43.752780707,0.7201110040062557,23024433,EAUF-O9190010
EAUF-O2434020,0.664847607,43.272530301,0.2805327321627708,23025467,EAUF-O9190010
EAUF-O2462930,0.911995475,43.475331701,0.5824870131186185,23024323,EAUF-O9190010
EAUF-O2550002,1.244217269,43.728025068,0.32739219710720197,23024163,EAUF-O9190010
EAUF-O2620020,1.242405507,43.854487001,0.39938562069372224,23024080,EAUF-O9190010
EAUF-O2735010,0.799657672,43.55728321,0.17038502241536368,23024478,EAUF-O9190010
EAUF-O2743310,0.870142648,43.62964297,0.6089055816370815,23024478,EAUF-O9190010
EAUF-O2863310,0.992065003,43.879468398,0.3346442074890294,23022690,EAUF-O9190010
EAUF-O2880001,1.110591544,43.997667505,0.9489171105629652,23022690,EAUF-O9190010
EAUF-O3011010,3.755317259,44.360579869,0.06434647430837842,23023218,EAUF-O9190010
EAUF-O3031010,3.620507116,44.345912277,0.9640710117926315,23023218,EAUF-O9190010
EAUF-O3064010,3.598202929,44.313800619,0.9859738662551972,23023314,EAUF-O9190010
EAUF-O3064030,3.590724838,44.331211553,0.6844042082048551,23023048,EAUF-O9190010
EAUF-O3084350,3.730278515,44.271034839,0.01,23023209,EAUF-O9190010
EAUF-O3141010,3.222334143,44.209537657,0.8811152153533646,23022857,EAUF-O9190010
EAUF-O3194010,3.428805117,44.180086146,0.1040605509224117,23023208,EAUF-O9190010
EAUF-O3314010,3.466262531,44.06999897,0.23627872351806434,23023262,EAUF-O9190010
EAUF-O3334020,3.304501676,44.023011056,0.13248840675368495,23022683,EAUF-O9190010
EAUF-O3364021,3.288464793,44.072951684,0.3682306102954084,23022672,EAUF-O9190010
EAUF-O3394030,3.129372921,44.10165129,0.6779568336546532,23022653,EAUF-O9190010
EAUF-O3401010,3.067508248,44.090312368,0.8052134800832493,23022640,EAUF-O9190010
EAUF-O3424030,2.984035724,44.063826126,0.3959975014386188,23022487,EAUF-O9190010
EAUF-O3454310,2.921726773,44.081682874,0.9558869520484609,23023311,EAUF-O9190010
EAUF-O3534010,2.88042253,43.820826516,0.3520712103623183,23024613,EAUF-O9190010
EAUF-O3574610,2.989499422,43.878953794,0.3691202822446142,23024632,EAUF-O9190010
EAUF-O3584610,2.886754124,43.956183121,0.23541192127413146,23024425,EAUF-O9190010
EAUF-O3594020,2.829956218,43.956343512,0.02814797812660786,23024315,EAUF-O9190010
EAUF-O3601020,2.621860729,43.998112199,0.02750260203455203,23024031,EAUF-O9190010
EAUF-O3754010,2.602191202,43.886733896,0.6743545121430102,23024656,EAUF-O9190010
EAUF-O3840002,2.324339432,43.932591328,0.08695856489001177,23024027,EAUF-O9190010
EAUF-O4001010,2.144080228,43.931686232,0.09148762022404278,23024024,EAUF-O9190010
EAUF-O4001011,2.812662304,43.619293345,0.3192779826275547,23025747,EAUF-O9190010
EAUF-O4081010,1.684401767,43.786225759,0.9491658142214987,23024018,EAUF-O9190010
EAUF-O4194330,2.419238142,43.692003487,0.28165486309470855,23024442,EAUF-O9190010
EAUF-O4222510,2.24247922,43.60501836,0.9145323514724633,23024173,EAUF-O9190010
EAUF-O4314010,2.547156854,43.473539268,0.887410589697628,23025673,EAUF-O9190010
EAUF-O4340001,2.577137554,43.534585424,0.4061377837507605,23025715,EAUF-O9190010
EAUF-O4384010,2.371994311,43.516209203,0.10129122594875259,23024357,EAUF-O9190010
EAUF-O4544020,2.114605913,43.576733274,0.8993030208237889,23024399,EAUF-O9190010
EAUF-O4692510,1.822910163,43.701405443,0.291072840390394,23024102,EAUF-O9190010
EAUF-O4704030,2.440723322,43.822188068,0.99,23025832,EAUF-O9190010
EAUF-O4774010,2.091662296,43.778366681,0.19731973751487997,23024248,EAUF-O9190010
EAUF-O4774020,1.990275576,43.762787417,0.9190538273276331,23024248,EAUF-O9190010
EAUF-O4802520,1.769755999,43.76039436,0.2964561303091998,23024098,EAUF-O9190010
EAUF-O4931010,1.495662523,43.88042375,0.8298470904962663,23024013,EAUF-O9190010
EAUF-O4941010,1.348811713,44.01692151,0.014266811931782494,23022482,EAUF-O9190010
EAUF-O4984320,1.431956993,43.966039725,0.349033051406207,23022694,EAUF-O9190010
EAUF-O4991030,1.270731767,44.084826239,0.9614490954532858,23022482,EAUF-O9190010
EAUF-O5042510,2.846201323,44.398828786,0.7459056632236174,23022943,EAUF-O9190010
EAUF-O5092520,2.621573558,44.36251311,0.81685698565312,23022926,EAUF-O9190010
EAUF-O5160001,2.232206902,44.376562213,0.19779274263847058,23022797,EAUF-O9190010
EAUF-O5192510,2.054887689,44.348221014,0.9447350311841475,23022797,EAUF-O9190010
EAUF-O5192540,2.041225494,44.350165814,0.01972250206672776,23022776,EAUF-O9190010
EAUF-O5224010,2.049437085,44.356798185,0.5059852138468434,23022981,EAUF-O9190010
EAUF-O5284310,2.043584854,44.209017952,0.4492574273336135,23023211,EAUF-O9190010
EAUF-O5292510,1.973581508,44.151828008,0.8005948468334984,23022765,EAUF-O9190010
EAUF-O5424020,2.392159164,44.129477144,0.99,23023316,EAUF-O9190010
EAUF-O5464310,2.434795207,44.108811602,0.01,23023010,EAUF-O9190010
EAUF-O5482930,2.365047655,44.123749013,0.04943785816214509,23022832,EAUF-O9190010
EAUF-O5482931,2.357815516,44.126830171,0.09713591050918853,23022832,EAUF-O9190010
EAUF-O5572910,1.969076275,44.142784319,0.9507891476927568,23022777,EAUF-O9190010
EAUF-O5602520,1.895957753,44.158042484,0.15104903022052651,23022762,EAUF-O9190010
EAUF-O5664010,1.88256676,44.127639306,0.6170248384566517,23022859,EAUF-O9190010
EAUF-O5685010,1.754513751,44.161243077,0.9548268996306829,23023384,EAUF-O9190010
EAUF-O5754020,1.67293211,44.024127486,0.8534389231392825,23022569,EAUF-O9190010
EAUF-O5762510,1.616703654,44.072980581,0.5486537363331982,23022566,EAUF-O9190010
EAUF-O5854010,1.480728196,44.127004402,0.572542159639257,23023012,EAUF-O9190010
EAUF-O5882510,1.340482605,44.091553707,0.5921720275359196,23022554,EAUF-O9190010
EAUF-O5964020,1.203286249,44.136924094,0.7308709924915354,23022949,EAUF-O9190010
EAUF-O6054010,0.779229906,43.646078156,0.5741469977780032,23025602,EAUF-O9190010
EAUF-O6064010,0.872881067,43.731538373,0.8229775649620714,23025602,EAUF-O9190010
EAUF-O6090001,0.852012,44.041260055,0.830483944421968,23022691,EAUF-O9190010
EAUF-O6134010,0.997542607,44.169760163,0.2248777935043526,23022946,EAUF-O9190010
EAUF-O6140010,0.831298504,44.121074616,0.09268912783369408,23022472,EAUF-O9190010
EAUF-O6194610,0.754199138,44.184154563,0.039121147529724516,23022902,EAUF-O9190010
EAUF-O6222510,0.585748742,43.42888025,0.5647944504711214,23025429,EAUF-O9190010
EAUF-O6302520,0.595097843,43.665836097,0.4809763294069091,23024287,EAUF-O9190010
EAUF-O6310001,0.627913956,43.7909801,0.6785655214167019,23024232,EAUF-O9190010
EAUF-O6332510,0.61086991,43.933895144,0.021325657295399668,23024169,EAUF-O9190010
EAUF-O6332511,0.670837768,43.848083817,0.21607906479870365,23024203,EAUF-O9190010
EAUF-O6400010,0.609076799,44.202321284,0.9288037839105875,23022468,EAUF-O9190010
EAUF-O6502510,0.37491042,43.321785201,0.5323724525725748,23025414,EAUF-O9190010
EAUF-O6542940,0.412098674,43.515732762,0.5363511216044815,23024465,EAUF-O9190010
EAUF-O6612910,0.380316423,43.723625508,0.46171126619681885,23024305,EAUF-O9190010
EAUF-O6692920,0.335829838,44.14738611,0.8212220584935096,23022689,EAUF-O9190010
EAUF-O6793330,0.246409071,44.075075287,0.2316161564548525,23022562,EAUF-O9190010
EAUF-O6864610,0.304807851,43.758742135,0.05397347916178472,23022692,EAUF-O9190010
EAUF-O6890001,0.29240609,44.122402565,0.9692231982934469,23022692,EAUF-O9190010
EAUF-O6912920,0.298152911,44.181686382,0.06323911917135784,23022556,EAUF-O9190010
EAUF-O7001510,3.664959576,44.506908728,0.6992090123288821,23023462,EAUF-O9190010
EAUF-O7021530,3.494911479,44.520891943,0.9643128464643785,23023103,EAUF-O9190010
EAUF-O7035010,3.471497674,44.4715358,0.6174559724579267,23023157,EAUF-O9190010
EAUF-O7094010,3.261661181,44.515578853,0.3950114401692582,23022918,EAUF-O9190010
EAUF-O7101510,3.198483488,44.442550463,0.9532317466250105,23022848,EAUF-O9190010
EAUF-O7110502,3.151098121,44.442148505,0.05396195622221558,23023460,EAUF-O9190010
EAUF-O7115020,3.11284928,44.448477665,0.22405715523503336,23022834,EAUF-O9190010
EAUF-O7115021,3.407414843,44.647330875,0.4804778719120055,23023534,EAUF-O9190010
EAUF-O7145220,2.847041714,44.530627782,0.8560062767028607,23023516,EAUF-O9190010
EAUF-O7191510,2.576497726,44.63162359,0.7049968528012392,23022772,EAUF-O9190010
EAUF-O7202510,3.385702628,44.703253685,0.9652238930249878,23023570,EAUF-O9190010
EAUF-O7234010,3.320972413,44.766004513,0.9320635194036581,23023568,EAUF-O9190010
EAUF-O7234030,3.235849504,44.749103437,0.5155585794905865,23023568,EAUF-O9190010
EAUF-O7410401,3.090055174,44.654940608,0.03646857162488336,23023189,EAUF-O9190010
EAUF-O7434010,3.04886686,45.053508113,0.8177740728072656,23023185,EAUF-O9190010
EAUF-O7535010,2.934495631,44.953359791,0.36890149644601195,23023730,EAUF-O9190010
EAUF-O7701540,2.558624902,44.639044019,0.08067471573102157,23022770,EAUF-O9190010
EAUF-O7854010,2.408935599,44.549046968,0.3623343150881397,23022889,EAUF-O9190010
EAUF-O7874010,2.401217244,44.587131694,0.8542013031428809,23022889,EAUF-O9190010
EAUF-O7944020,2.211397696,44.565782496,0.3885028262149008,23023118,EAUF-O9190010
EAUF-O7971510,2.015665055,44.556522904,0.4565986421435124,23022756,EAUF-O9190010
EAUF-O8113520,2.034167054,44.607031806,0.5316034310448807,23022959,EAUF-O9190010
EAUF-O8113530,2.158125656,44.664675392,0.5041124830364905,23023024,EAUF-O9190010
EAUF-O8133520,1.679108946,44.520192017,0.7038529913455415,23022830,EAUF-O9190010
EAUF-O8201510,1.642718863,44.485447132,0.10923272468322809,23022752,EAUF-O9190010
EAUF-O8231530,1.442464199,44.442166845,0.9546602516372695,23022748,EAUF-O9190010
EAUF-O8255010,1.231889019,44.511204078,0.9789611821632318,23023508,EAUF-O9190010
EAUF-O8264010,2.188487149,44.690381511,0.7868072341720203,23023075,EAUF-O9190010
EAUF-O8394310,0.945903964,44.536264701,0.48921717914914875,23023083,EAUF-O9190010
EAUF-O8481530,0.70121584,44.409310987,0.639404481008538,23022737,EAUF-O9190010
EAUF-O8584010,0.634436071,44.446388007,0.8842251480356362,23023005,EAUF-O9190010
EAUF-O8661510,0.341661438,44.306161311,0.23120188188578758,23022732,EAUF-O9190010
EAUF-O9000010,0.301146886,44.388928239,0.9342565620060918,23022458,EAUF-O9190010
EAUF-O9034010,0.353438501,44.43295348,0.6824153918467885,23022983,EAUF-O9190010
EAUF-O9090010,0.156215362,44.49967788,0.44853764355607373,23022454,EAUF-O9190010
EAUF-O9134010,0.125963471,44.46715824,0.8838961654200637,23022984,EAUF-O9190010
EAUF-O9190010,-0.034612117,44.579311754,0.38907412224213644,23022449,EAUF-O9190010
EAUF-O9372510,-0.033595652,44.631899327,0.029764635669897642,23022801,EAUF-O9372510
EAUF-O9570001,-0.365956846,44.454086406,0.5106874330412244,23022873,EAUF-O9570001
EAUF-O9650001,-0.482638912,44.670791138,0.7426813621271093,23023230,EAUF-O9650001
EAUF-P0010010,2.687351622,45.603631076,0.3685188160124399,23021464,EAUF-P5550010
EAUF-P0212510,2.830232025,45.408751699,0.22797807126469735,23023965,EAUF-P5550010
EAUF-P0272510,2.7623454,45.338077772,0.20559813375158967,23023102,EAUF-P5550010
EAUF-P0304010,2.826229365,45.192324863,0.5178440875885086,23023818,EAUF-P5550010
EAUF-P0524010,2.70241808,45.277658693,0.729370733967856,23023850,EAUF-P5550010
EAUF-P0555010,2.664693027,45.28604313,0.6637021171520908,23023865,EAUF-P5550010
EAUF-P0714010,2.26336731,45.584300721,0.2176233664244207,23021222,EAUF-P5550010
EAUF-P0814020,2.544930689,45.340565788,0.8161469151431138,23023900,EAUF-P5550010
EAUF-P0885010,2.387759978,45.296882342,0.99,23023830,EAUF-P5550010
EAUF-P0924010,2.239467646,45.491325759,0.2931564259684807,23022710,EAUF-P5550010
EAUF-P1350010,1.946912181,45.103433747,0.34502219542205365,23022605,EAUF-P5550010
EAUF-P1422510,2.384673137,45.118873832,0.374471871364457,23023195,EAUF-P5550010
EAUF-P1454010,2.310149468,45.07224561,0.4734345977407563,23023107,EAUF-P5550010
EAUF-P1592510,1.946271799,45.083437105,0.7995480943022374,23022861,EAUF-P5550010
EAUF-P1630010,1.853184743,45.010011401,0.8286191131621272,23022602,EAUF-P5550010
EAUF-P1650010,1.843489027,44.977305079,0.13694106719735408,23022598,EAUF-P5550010
EAUF-P1712910,2.615208188,44.965327591,0.35827023912660283,23023758,EAUF-P5550010
EAUF-P1744010,2.444682289,44.923603508,0.865214854607526,23023774,EAUF-P5550010
EAUF-P1780510,2.35388931,44.866362036,0.8131315680361162,23023655,EAUF-P5550010
EAUF-P1834010,2.326215462,44.917861275,0.7310263015678256,23023742,EAUF-P5550010
EAUF-P1902910,2.201379974,44.959659436,0.07656126199074345,23022864,EAUF-P5550010
EAUF-P1962910,1.838160866,44.916099439,0.8870923363774956,23022814,EAUF-P5550010
EAUF-P2054010,1.948137268,44.857838869,0.07170777164397577,23023132,EAUF-P5550010
EAUF-P2070020,1.743386052,44.910160558,0.3046308381204279,23022595,EAUF-P5550010
EAUF-P2300010,1.484331012,44.882461668,0.6529751781810538,23022582,EAUF-P5550010
EAUF-P2315020,1.471574846,44.907627338,0.4347727169387936,23023143,EAUF-P5550010
EAUF-P2380010,1.204443623,44.805388048,0.35883654279756383,23022575,EAUF-P5550010
EAUF-P2454310,1.29617456,44.702042459,0.1683703866811732,23023119,EAUF-P5550010
EAUF-P2464010,1.287014863,44.714679219,0.07876247129363695,23022935,EAUF-P5550010
EAUF-P2484010,1.171137595,44.789417191,0.6970873531207044,23022894,EAUF-P5550010
EAUF-P2484020,1.162024425,44.800100235,0.8392614590831444,23022894,EAUF-P5550010
EAUF-P2580010,0.990436362,44.827077638,0.011096745874144281,23022572,EAUF-P5550010
EAUF-P3001010,2.007571715,45.629522873,0.3227316801142581,23021489,EAUF-P5550010
EAUF-P3101010,1.706982481,45.500639523,0.03854317291980614,23022571,EAUF-P5550010
EAUF-P3164010,1.557250668,45.430449742,0.5478804624784683,23022673,EAUF-P5550010
EAUF-P3194310,1.517187188,45.360525959,0.9275471538336811,23023923,EAUF-P5550010
EAUF-P3201010,1.46379338,45.284875346,0.5185407800459242,23022558,EAUF-P5550010
EAUF-P3234010,1.415143448,45.306117583,0.391980325301461,23023154,EAUF-P5550010
EAUF-P3274010,1.438011543,45.217900456,0.5879806312559045,23023057,EAUF-P5550010
EAUF-P3322510,1.964731637,45.46850592,0.4175081666781402,23022730,EAUF-P5550010
EAUF-P3352520,1.880202647,45.372317288,0.47215038415249505,23022674,EAUF-P5550010
EAUF-P3502510,1.779345455,45.274922905,0.6763414608517625,23022643,EAUF-P5550010
EAUF-P3614010,1.939009021,45.342379773,0.16016285082472653,23023947,EAUF-P5550010
EAUF-P3674010,1.76553056,45.250807844,0.796783580918129,23023016,EAUF-P5550010
EAUF-P3840101,1.639808592,45.177169121,0.9596941194850792,23023804,EAUF-P5550010
EAUF-P3922520,1.501944859,45.162192688,0.7482406995279125,23022614,EAUF-P5550010
EAUF-P3994010,1.488835409,45.188465962,0.16732071201846982,23023049,EAUF-P5550010
EAUF-P4001010,1.415784787,45.123331209,0.9685299116086261,23022551,EAUF-P5550010
EAUF-P4135010,1.257352036,45.104216439,0.5431654953880611,23023124,EAUF-P5550010
EAUF-P4161010,1.166464326,45.066498947,0.13782129063192947,23022544,EAUF-P5550010
EAUF-P4271010,0.959076318,44.903707893,0.5815338143740757,23022540,EAUF-P5550010
EAUF-P5000002,0.867600573,44.880067086,0.08018445809725687,23022538,EAUF-P5550010
EAUF-P5244010,0.548786005,44.885448238,0.02411194992630706,23023015,EAUF-P5550010
EAUF-P5320010,0.357341975,44.854679917,0.7842063568380427,23022532,EAUF-P5550010
EAUF-P5550010,0.078035443,44.82123349,0.8542518683753495,23022524,EAUF-P5550010
EAUF-P6031520,1.055797304,45.49355644,0.623433474049895,23022708,EAUF-P7261510
EAUF-P6081510,0.949463663,45.375493001,0.44121661628354303,23022662,EAUF-P7261510
EAUF-P6114010,1.123795408,45.432744263,0.5553767106953167,23022723,EAUF-P7261510
EAUF-P6134020,1.068255066,45.344205999,0.331320129814457,23022654,EAUF-P7261510
EAUF-P6161510,0.936423434,45.282566308,0.3412364804630393,23022639,EAUF-P7261510
EAUF-P6161511,0.838358178,45.212417539,0.7687488538618743,23022629,EAUF-P7261510
EAUF-P6222510,1.360713328,45.441771844,0.5643635507686764,23022731,EAUF-P7261510
EAUF-P6362510,1.058670427,45.271460871,0.5537741516730228,23022627,EAUF-P7261510
EAUF-P6382510,0.878609581,45.19478711,0.7935953812483564,23022613,EAUF-P7261510
EAUF-P7001510,0.804328885,45.20280007,0.4410270825580086,23022604,EAUF-P7261510
EAUF-P7041510,0.700705381,45.184743184,0.8186397530208237,23022601,EAUF-P7261510
EAUF-P7121510,0.369674648,45.038297971,0.9431404779115832,23022589,EAUF-P7261510
EAUF-P7181520,0.247418317,45.027846465,0.8690768944858879,23022583,EAUF-P7261510
EAUF-P7261510,-0.126061563,45.021919912,0.8700253673240642,23022578,EAUF-P7261510
EAUF-P8012510,0.751093433,45.514601532,0.6470875474532728,23022706,EAUF-P8462510
EAUF-P8022520,0.748124274,45.49209325,0.6933851698723211,23022706,EAUF-P8462510
EAUF-P8074010,0.836055897,45.421632845,0.06795975756200802,23022663,EAUF-P8462510
EAUF-P8102510,0.68166866,45.364333556,0.04081583603634861,23022642,EAUF-P8462510
EAUF-P8102520,0.648707097,45.362619337,0.29748355941043925,23022642,EAUF-P8462510
EAUF-P8162520,0.358862711,45.260134941,0.2000645190204291,23022607,EAUF-P8462510
EAUF-P8284010,0.263457136,45.29616708,0.24053867700668302,23022509,EAUF-P8462510
EAUF-P8312520,0.151521626,45.238328708,0.7586050786135615,23022507,EAUF-P8462510
EAUF-P8394310,0.028155677,45.220436577,0.3815310410390141,23023002,EAUF-P8462510
EAUF-P8462510,-0.132252324,45.041957307,0.8543558635099783,23022503,EAUF-P8462510
EAUF-P8462520,-0.133364821,45.038673049,0.8734371418905355,23022503,EAUF-P8462510
EAUF-P9274010,-0.291286856,45.013667915,0.5248363293280017,23023090,EAUF-P9274010
EAUF-Q0100010,0.163568192,43.037374537,0.13850396035596027,23024683,EAUF-Q3120030
EAUF-Q0100030,0.155266242,43.061265489,0.3808905758887134,23024683,EAUF-Q3120030
EAUF-Q0120060,0.088685034,43.231731046,0.3119688888658224,23024528,EAUF-Q3120030
EAUF-Q0130030,0.035542187,43.470656314,0.9893978112326182,23024528,EAUF-Q3120030
EAUF-Q0214010,0.022190768,43.175521806,0.41428517825632877,23025318,EAUF-Q3120030
EAUF-Q0224030,0.029703558,43.465706754,0.7377613761194551,23024339,EAUF-Q3120030
EAUF-Q0225011,0.048674918,43.23728759,0.7177894149217953,23025318,EAUF-Q3120030
EAUF-Q0280030,0.028681144,43.498162492,0.6304936656706635,23024236,EAUF-Q3120030
EAUF-Q0414010,-0.023740051,43.4813531,0.5931355396098132,23025610,EAUF-Q3120030
EAUF-Q0450010,-0.019904931,43.641091543,0.6746095726277369,23024194,EAUF-Q3120030
EAUF-Q0522530,0.241107416,43.184080245,0.8550740190262327,23024672,EAUF-Q3120030
EAUF-Q0612510,0.108652804,43.545043464,0.9099724682963244,23024282,EAUF-Q3120030
EAUF-Q0612530,0.196844867,43.401219873,0.02684985266872904,23024282,EAUF-Q3120030
EAUF-Q0664020,0.114991719,43.559788614,0.4197428509355293,23024419,EAUF-Q3120030
EAUF-Q0740020,-0.08104267,43.66388649,0.5369499489913564,23024162,EAUF-Q3120030
EAUF-Q1094020,-0.23663307,43.678349215,0.8673354096407944,23024440,EAUF-Q3120030
EAUF-Q1100010,-0.261986653,43.703897733,0.7114170815321864,23024121,EAUF-Q3120030
EAUF-Q1160010,-0.428047936,43.771972395,0.7662754250009126,23024105,EAUF-Q3120030
EAUF-Q1240010,-0.569240214,43.76692255,0.19724129072633334,23024096,EAUF-Q3120030
EAUF-Q1324010,-0.351556904,43.55463054,0.6117671171720468,23025504,EAUF-Q3120030
EAUF-Q1420010,-0.836261293,43.789283507,0.5442871235071923,23024086,EAUF-Q3120030
EAUF-Q2152510,-0.304304964,43.901984226,0.18284763808036658,23024268,EAUF-Q3120030
EAUF-Q2192520,-0.465347354,43.894468331,0.6758264562970162,23024219,EAUF-Q3120030
EAUF-Q2242910,-0.081396704,43.936649347,0.943832643548237,23024484,EAUF-Q3120030
EAUF-Q2292910,-0.310140586,44.029211469,0.9231365889988556,23022693,EAUF-Q3120030
EAUF-Q2364010,-0.283555696,44.065513052,0.24882007750625731,23022971,EAUF-Q3120030
EAUF-Q2402910,-0.341457627,44.034808141,0.1918641775790735,23022676,EAUF-Q3120030
EAUF-Q2503320,-0.503094628,43.890973958,0.01,23024057,EAUF-Q3120030
EAUF-Q2544310,-0.548964058,43.976578334,0.5803877733192017,23024069,EAUF-Q3120030
EAUF-Q2584610,-0.627412053,43.932307798,0.8589591765453871,23024075,EAUF-Q3120030
EAUF-Q2593310,-0.659126536,43.907636558,0.45550532701840857,23024055,EAUF-Q3120030
EAUF-Q2654010,-0.756332413,43.876134307,0.8698080349246883,23024062,EAUF-Q3120030
EAUF-Q2663110,-0.807511638,43.833023748,0.7349597198674029,23024053,EAUF-Q3120030
EAUF-Q3030010,-0.925320229,43.784181942,0.5293216771566881,23024050,EAUF-Q3120030
EAUF-Q3080400,-0.839906709,43.73969414,0.4562817933018305,23024385,EAUF-Q3120030
EAUF-Q3120010,-0.999516117,43.734413215,0.3586852430836749,23024048,EAUF-Q3120030
EAUF-Q3120030,-1.053884686,43.712200113,0.5622555168235174,23024047,EAUF-Q3120030
EAUF-Q3224010,-0.518859127,43.571543144,0.9378259759842583,23024831,EAUF-Q3464010
EAUF-Q3354010,-0.619116123,43.529796146,0.7460920861877366,23024609,EAUF-Q3464010
EAUF-Q3464010,-1.04192191,43.676839536,0.4380538175410743,23024155,EAUF-Q3464010
EAUF-Q4701010,-0.081381605,43.005184704,0.26523406172576663,23024416,EAUF-Q5421020
EAUF-Q4761020,-0.05117036,43.098176002,0.2634756410536796,23024350,EAUF-Q5421020
EAUF-Q4801010,-0.143064531,43.10255435,0.8525498625104552,23024350,EAUF-Q5421020
EAUF-Q4850001,-0.251063687,43.140667537,0.8351347910861503,23025199,EAUF-Q5421020
EAUF-Q5021010,-0.260296419,43.178594499,0.04302841547266245,23024223,EAUF-Q5421020
EAUF-Q5231010,-0.453303882,43.318781952,0.18023707522154808,23024166,EAUF-Q5421020
EAUF-Q5421020,-0.774416792,43.485374189,0.7385853582959445,23024114,EAUF-Q5421020
EAUF-Q6142920,-0.604709963,43.191760961,0.9855994145955204,23024494,EAUF-Q7412910
EAUF-Q6332520,-0.604646463,42.999564107,0.9744947192681009,23024665,EAUF-Q7412910
EAUF-Q6502510,-0.604546161,43.178296118,0.7073480356152463,23024392,EAUF-Q7412910
EAUF-Q7002910,-0.608088391,43.199544771,0.8707960384290315,23024275,EAUF-Q7412910
EAUF-Q7242520,-0.876716891,43.066445321,0.22475485746753718,23024755,EAUF-Q7412910
EAUF-Q7322520,-0.874715683,43.247446393,0.2747957353900593,23024473,EAUF-Q7412910
EAUF-Q7412910,-0.993827694,43.440448918,0.32162022670298035,23024153,EAUF-Q7412910
EAUF-Q7430002,-0.938050992,43.468981784,0.6231361497820346,23025644,EAUF-Q7430002
EAUF-Q8032510,-1.027918942,43.334342208,0.8814699250035842,23024575,EAUF-Q8032510
EAUF-Q9102510,-1.301413439,43.230308097,0.3177838373021715,23024489,EAUF-Q9312510
EAUF-Q9164610,-1.33680921,43.184100302,0.6097794697342742,23024771,EAUF-Q9312510
EAUF-Q9312510,-1.390460897,43.356674095,0.6660694935477292,23024418,EAUF-Q9312510
EAUF-R0020010,0.6369609,45.847197898,0.01,23021313,EAUF-R5200010
EAUF-R0110010,0.242596223,46.086981531,0.7371614793383419,23020800,EAUF-R5200010
EAUF-R0110020,0.378519125,46.146731739,0.41414701870278636,23020901,EAUF-R5200010
EAUF-R0210010,0.25626108,45.960818711,0.9124486591219285,23021692,EAUF-R5200010
EAUF-R0250010,0.287436105,45.892774772,0.43613020955112974,23021118,EAUF-R5200010
EAUF-R1030010,0.691370397,45.727137381,0.27203456297345263,23021133,EAUF-R5200010
EAUF-R1080010,0.493727396,45.66893135,0.15549359312271274,23020872,EAUF-R5200010
EAUF-R1130410,0.651109282,45.518238877,0.6897653358640534,23021475,EAUF-R5200010
EAUF-R1160020,0.442753959,45.612944071,0.8013966460605247,23020942,EAUF-R5200010
EAUF-R1250010,0.248646993,45.870279131,0.9696487009470109,23021615,EAUF-R5200010
EAUF-R2020010,0.179961013,45.877367365,0.2152735191651792,23020723,EAUF-R5200010
EAUF-R2100010,-0.000707292,45.913265429,0.6008513945607037,23021167,EAUF-R5200010
EAUF-R2220010,0.142221504,45.733868344,0.5050718318506101,23020696,EAUF-R5200010
EAUF-R2335050,0.16880588,45.673164914,0.9504008318957503,23021463,EAUF-R5200010
EAUF-R3070010,-0.180594907,45.680014747,0.7908410527339175,23020675,EAUF-R5200010
EAUF-R3214026,-0.359957564,45.82505179,0.039034637601062974,23021096,EAUF-R5200010
EAUF-R4130012,-0.358847168,45.598020179,0.24512588216495101,23020506,EAUF-R5200010
EAUF-R4230010,-0.529324932,45.706145537,0.3090126196865451,23020495,EAUF-R5200010
EAUF-R5023310,-0.457765543,45.450600287,0.5899783697414026,23023108,EAUF-R5200010
EAUF-R5080005,-0.371764835,45.479184,0.5185047293819672,23023092,EAUF-R5200010
EAUF-R5123310,-0.533583563,45.622814167,0.4354156919562917,23020469,EAUF-R5200010
EAUF-R5200010,-0.6184198,45.727972426,0.3632103332366455,23020468,EAUF-R5200010
EAUF-R6080010,-0.404140895,46.079795612,0.6278154121721885,23021028,EAUF-R6142924
EAUF-R6110008,-0.495901784,45.934234923,0.99,23020853,EAUF-R6142924
EAUF-R6142924,-0.526709192,45.936609554,0.057859437295852294,23020847,EAUF-R6142924
EAUF-S0114010,-0.748147639,45.603417208,0.16710194934011938,23020620,EAUF-S0114010
EAUF-S2040001,-0.75874488,44.310549599,0.7144582971626101,23023009,EAUF-S2242510
EAUF-S2134010,-0.686423119,44.374655122,0.8228470372853902,23023033,EAUF-S2242510
EAUF-S2224610,-0.7524079,44.410805829,0.1846497693517922,23023085,EAUF-S2242510
EAUF-S2242510,-0.871323646,44.547838621,0.8244792405420059,23022850,EAUF-S2242510
EAUF-S3124310,-1.050921331,44.337264234,0.8304501144466665,23023194,EAUF-S3124310
EAUF-S3214010,-1.151111793,44.233726299,0.805576370401388,23023331,EAUF-S3214010
EAUF-S4214010,-1.225078965,43.781388677,0.3082488362961303,23025825,EAUF-S4214010
EAUF-S5144010,-1.54993683,43.321469448,0.99,23024745,EAUF-S5144010
EAUF-U0020010,5.978724637,48.038004749,0.11409938137665829,21000049,EAUF-V7200010
EAUF-U0124010,6.195832969,47.972608789,0.18337231197070333,21000048,EAUF-V7200010
EAUF-U0204001,5.630343469,47.82891963,0.7036104707714517,21000069,EAUF-V7200010
EAUF-U0230010,5.930174314,47.857134456,0.7276796724119428,21000028,EAUF-V7200010
EAUF-U0415010,6.501105893,47.827313482,0.6918641981908001,21000080,EAUF-V7200010
EAUF-U0444310,6.271745843,47.885644723,0.3906326473243653,21000045,EAUF-V7200010
EAUF-U0455010,6.479301348,47.922957921,0.14149707447352247,21000156,EAUF-V7200010
EAUF-U0460510,6.218201119,47.867624919,0.5262383401944755,21000154,EAUF-V7200010
EAUF-U0474010,6.076203548,47.7483548,0.8108604992486487,21000029,EAUF-V7200010
EAUF-U0525010,6.185055384,47.619401293,0.2770693062924891,21000056,EAUF-V7200010
EAUF-U0610010,5.826139834,47.576527812,0.8281602806356501,21000019,EAUF-V7200010
EAUF-U0635010,5.795356659,47.60585729,0.655650511066283,21000062,EAUF-V7200010
EAUF-U0724010,5.647443789,47.569147169,0.34874455840823176,21000030,EAUF-V7200010
EAUF-U0815010,5.699042692,47.446741625,0.37102240828736704,21000515,EAUF-V7200010
EAUF-U0820010,5.5909325,47.449649393,0.5006356476419977,21000243,EAUF-V7200010
EAUF-U0924010,5.406220261,47.577920998,0.701820169089786,21000044,EAUF-V7200010
EAUF-U0924020,5.367217914,47.42157952,0.4529443707784982,21000287,EAUF-V7200010
EAUF-U1004010,6.667620024,47.802731422,0.3887241715101087,21000142,EAUF-V7200010
EAUF-U1014020,6.560754737,47.740187749,0.309535966992037,21000067,EAUF-V7200010
EAUF-U1025010,6.730025143,47.730749587,0.07993199226357864,21000130,EAUF-V7200010
EAUF-U1035410,6.49053174,47.568353893,0.21081752754982303,21000065,EAUF-V7200010
EAUF-U1044010,6.354361163,47.508040893,0.6040878977096722,21000301,EAUF-V7200010
EAUF-U1054010,6.180889389,47.415852397,0.3792925254253603,21000267,EAUF-V7200010
EAUF-U1074020,5.866266908,47.31672898,0.8350384211264145,21000256,EAUF-V7200010
EAUF-U1084010,5.545021631,47.293286763,0.8694038527607051,21000254,EAUF-V7200010
EAUF-U1115020,5.277850721,47.457225014,0.12269341854346677,21001083,EAUF-V7200010
EAUF-U1115212,5.317389915,47.397773717,0.4785287060849301,21001083,EAUF-V7200010
EAUF-U1120010,5.37893167,47.190487024,0.158077725815861,21000202,EAUF-V7200010
EAUF-U1204010,5.125562873,47.552738273,0.6695995104462016,21000068,EAUF-V7200010
EAUF-U1204012,5.075632347,47.606872888,0.11666175944207237,21000068,EAUF-V7200010
EAUF-U1215030,5.031644313,47.514576755,0.21090166499964458,21000006,EAUF-V7200010
EAUF-U1224010,5.189110514,47.373016234,0.4440726259890361,21000247,EAUF-V7200010
EAUF-U1224020,5.217467507,47.280051557,0.7675374425059832,21000247,EAUF-V7200010
EAUF-U1235020,5.22095062,47.238178559,0.5037849419078245,21000441,EAUF-V7200010
EAUF-U1235022,5.14831892,47.400675267,0.03247419440639092,21000549,EAUF-V7200010
EAUF-U1244040,5.299577086,47.179363645,0.10660942622730053,21000238,EAUF-V7200010
EAUF-U1314010,4.725731869,47.210057934,0.283701617665178,21000525,EAUF-V7200010
EAUF-U1314020,4.81335465,47.296792316,0.8915208909189204,21000420,EAUF-V7200010
EAUF-U1324010,4.981262812,47.331554214,0.26685304025994855,21000374,EAUF-V7200010
EAUF-U1334010,5.278999701,47.152921778,0.4476662892061612,21001024,EAUF-V7200010
EAUF-U1334020,5.117437141,47.266385644,0.15087960562919778,21000353,EAUF-V7200010
EAUF-U1415030,5.098563475,47.124921017,0.5742476101883132,21001019,EAUF-V7200010
EAUF-U1415040,5.179465454,47.134052423,0.4042748564182464,21000496,EAUF-V7200010
EAUF-U1420010,5.149223679,47.066763843,0.630018776705479,21000191,EAUF-V7200010
EAUF-U2012010,6.2799151,46.773115418,0.7360061856883722,21000495,EAUF-V7200010
EAUF-U2022010,6.364649964,46.881341249,0.47809978938501774,21000410,EAUF-V7200010
EAUF-U2022020,6.348005496,46.927777568,0.6343144950803054,21000398,EAUF-V7200010
EAUF-U2035020,6.342934037,46.943406865,0.9715846560050373,21000558,EAUF-V7200010
EAUF-U2035030,6.221509804,46.867846669,0.2821113713113589,21000558,EAUF-V7200010
EAUF-U2040520,6.382564861,46.733332033,0.5728950868217655,23022209,EAUF-A3750050
EAUF-U2102010,6.480316889,47.002956319,0.535899139631212,21000387,EAUF-V7200010
EAUF-U2112010,6.842972061,47.154845235,0.9190877269021949,21000341,EAUF-V7200010
EAUF-U2122010,6.950265569,47.271432065,0.22955150540146327,21000328,EAUF-V7200010
EAUF-U2142010,7.026284031,47.343833984,0.7626130115284844,21000328,EAUF-V7200010
EAUF-U2215015,6.686531843,47.218735021,0.4167069875204723,21000448,EAUF-V7200010
EAUF-U2215020,6.79407373,47.305237894,0.7267776845237521,21000384,EAUF-V7200010
EAUF-U2222005,6.759028816,47.348584383,0.037208076731899103,21000310,EAUF-V7200010
EAUF-U2222010,6.785827817,47.439382819,0.40468039718418336,21000309,EAUF-V7200010
EAUF-U2225410,6.889803518,47.414289335,0.1083931951058862,21001069,EAUF-V7200010
EAUF-U2305240,6.998786121,47.636115366,0.7144797296170494,21000124,EAUF-V7200010
EAUF-U2324210,6.943461371,47.566304017,0.5027266092578572,21000054,EAUF-V7200010
EAUF-U2334010,6.880639809,47.523107452,0.3652897300621719,21000005,EAUF-V7200010
EAUF-U2334020,6.997992431,47.526285674,0.01080280593224408,21000010,EAUF-V7200010
EAUF-U2345020,6.827373801,47.741291978,0.15905835784330216,21000132,EAUF-V7200010
EAUF-U2345030,6.859141322,47.640689255,0.28427683000247417,21000066,EAUF-V7200010
EAUF-U2345040,6.843701421,47.521754741,0.8572578282996582,21000046,EAUF-V7200010
EAUF-U2350530,6.742955595,47.581474511,0.499059943657875,21000111,EAUF-V7200010
EAUF-U2354010,6.772997717,47.500563537,0.6626399387930103,21000252,EAUF-V7200010
EAUF-U2402010,6.761656591,47.47861894,0.01,21000246,EAUF-V7200010
EAUF-U2425070,6.364942307,47.328992574,0.9898724039743101,21000473,EAUF-V7200010
EAUF-U2425250,6.430823684,47.323189235,0.11620062412513514,21000504,EAUF-V7200010
EAUF-U2502010,6.337459824,47.340346128,0.47323272305442243,21000236,EAUF-V7200010
EAUF-U2512010,6.029982619,47.240152889,0.669425271336535,21000235,EAUF-V7200010
EAUF-U2542010,5.562372404,47.122798815,0.9896979727845302,21000231,EAUF-V7200010
EAUF-U2565020,5.539814245,47.03564142,0.47116626074157003,21000599,EAUF-V7200010
EAUF-U2604030,6.227220153,47.055503394,0.7504462460981235,21000460,EAUF-V7200010
EAUF-U2604060,6.29891279,47.011620634,0.45109259198377893,21000476,EAUF-V7200010
EAUF-U2615820,6.010504628,46.966761176,0.12501496966321335,21000452,EAUF-V7200010
EAUF-U2615830,5.95738145,47.031810136,0.6320511999071823,21000452,EAUF-V7200010
EAUF-U2624010,5.9570652,47.139352579,0.04926840368510992,21000346,EAUF-V7200010
EAUF-U2634010,5.815070542,47.043455799,0.39997373554413385,21000333,EAUF-V7200010
EAUF-U2635010,5.878122946,46.942446568,0.17368551547646469,21000966,EAUF-V7200010
EAUF-U2640001,5.63033579,47.011364024,0.981783661236017,21000321,EAUF-V7200010
EAUF-U2655030,5.803400693,46.890890315,0.06590508397513876,21000954,EAUF-V7200010
EAUF-U2655031,5.614881666,46.984059638,0.783290530987316,21000954,EAUF-V7200010
EAUF-U2722010,5.350597382,46.921642545,0.16410054238098107,21000227,EAUF-V7200010
EAUF-U3014010,4.70633424,46.908442319,0.1956738681226317,21000489,EAUF-V7200010
EAUF-U3034010,5.029409192,46.951902146,0.125511491940992,21000361,EAUF-V7200010
EAUF-U3036012,4.988436831,46.987154947,0.9696683979861973,21000469,EAUF-V7200010
EAUF-U3120010,4.875048166,46.788007803,0.7450481068918804,21000182,EAUF-V7200010
EAUF-U3214010,4.648603195,46.404154481,0.06929180327006525,21000270,EAUF-V7200010
EAUF-U3225010,4.563819268,46.557779145,0.0721397055893503,21000478,EAUF-V7200010
EAUF-U3310010,4.917976082,46.555481248,0.2909896774079697,21000176,EAUF-V7200010
EAUF-U3404030,5.616578067,46.755200534,0.2610131427884425,21000524,EAUF-V7200010
EAUF-U3415030,5.29246665,46.749083329,0.8188315117890164,21000418,EAUF-V7200010
EAUF-U3424010,5.258379179,46.674102213,0.6257150324991337,21000366,EAUF-V7200010
EAUF-U3434340,5.276820044,46.437399835,0.8673536262524013,21000691,EAUF-V7200010
EAUF-U3445030,5.243610436,46.500880247,0.6319418647465959,21000442,EAUF-V7200010
EAUF-U3446410,5.28178521,46.554597327,0.4264063715036267,21000529,EAUF-V7200010
EAUF-U3455030,5.423408781,46.628069385,0.3783178576776652,21000533,EAUF-V7200010
EAUF-U3455050,5.307843403,46.596980909,0.19736119080096493,21000443,EAUF-V7200010
EAUF-U4014020,5.222298789,46.227058678,0.7122101792777196,21000291,EAUF-V7200010
EAUF-U4234020,4.951800512,46.23611255,0.5934250075812194,21000289,EAUF-V7200010
EAUF-U4300010,4.830237782,46.296768418,0.8671181707671916,21000170,EAUF-V7200010
EAUF-U4624010,4.643269751,45.874208759,0.7057476031513062,21001912,EAUF-V7200010
EAUF-U4635010,4.600100499,45.810690963,0.8725728688606078,21002861,EAUF-V7200010
EAUF-U4636610,4.602167235,45.83752883,0.8795512539062673,21002127,EAUF-V7200010
EAUF-U4644010,4.687732675,45.858710077,0.11043509699871877,21001814,EAUF-V7200010
EAUF-U4645511,4.729879156,45.887669973,0.5430979336371156,21001814,EAUF-V7200010
EAUF-V0002010,6.859323241,45.915860508,0.1234317451245805,21002120,EAUF-V7200010
EAUF-V0010001,6.769210673,45.930846156,0.9406060563535815,21003110,EAUF-V7200010
EAUF-V0032010,6.641934883,45.940461634,0.9438571404309667,21001829,EAUF-V7200010
EAUF-V0032012,6.673404974,45.920242599,0.6339601084732708,21001867,EAUF-V7200010
EAUF-V0056511,6.579664648,46.056415908,0.6638428920855601,21001752,EAUF-V7200010
EAUF-V0120002,6.718719133,46.076179604,0.060805570238689516,21002087,EAUF-V7200010
EAUF-V0140002,6.551947242,46.114139306,0.36813286923431715,21001897,EAUF-V7200010
EAUF-V0154010,6.492433145,46.122559536,0.01,21001819,EAUF-V7200010
EAUF-V0155010,6.475824015,46.136461936,0.7373575471426538,21003322,EAUF-V7200010
EAUF-V0205420,6.418470415,45.936304423,0.2593288015612944,21003093,EAUF-V7200010
EAUF-V0205422,6.405936393,46.076794353,0.8489192958740489,21001692,EAUF-V7200010
EAUF-V0220002,6.271047706,46.150604321,0.9601117051144132,21001664,EAUF-V7200010
EAUF-V0235020,6.320774188,46.165726497,0.01315353605496606,21002046,EAUF-V7200010
EAUF-V0314010,6.666920757,46.326623059,0.2949787136720061,21000492,EAUF-V7200010
EAUF-V0325010,6.620492166,46.265107873,0.5649661882611344,21000293,EAUF-V7200010
EAUF-V0334010,6.585798102,46.326297496,0.01,21000276,EAUF-V7200010
EAUF-V1000010,5.964334247,46.137640984,0.016769819565352756,21001153,EAUF-V7200010
EAUF-V1015010,5.921921494,46.282474777,0.44318974115528603,21001551,EAUF-V7200010
EAUF-V1015030,5.864814022,46.219896033,0.7066428890750437,21001551,EAUF-V7200010
EAUF-V1015810,5.800454684,46.149838689,0.9484791230802727,21002147,EAUF-V7200010
EAUF-V1015820,5.738727802,46.182483546,0.9492655023404865,21003364,EAUF-V7200010
EAUF-V1020020,5.807816235,46.039358298,0.49752498774704645,21001148,EAUF-V7200010
EAUF-V1114010,5.958177538,46.005417672,0.6340764725000811,21001987,EAUF-V7200010
EAUF-V1214010,6.206701506,45.905041931,0.6535297152049612,21002104,EAUF-V7200010
EAUF-V1225010,6.166284129,45.955838256,0.7594212380595947,21002094,EAUF-V7200010
EAUF-V1235610,6.231537396,45.787695415,0.8636989369639082,21002908,EAUF-V7200010
EAUF-V1255010,6.103395254,45.720649533,0.01,21002078,EAUF-V7200010
EAUF-V1264024,5.82548015,45.934449353,0.16743661714014876,21001140,EAUF-V7200010
EAUF-V1264027,5.797688943,45.81185407,0.5274306417153686,21001782,EAUF-V7200010
EAUF-V1315020,5.873209747,45.627945054,0.48316431777505964,21002037,EAUF-V7200010
EAUF-V1315040,5.963994544,45.573425478,0.7144524022098092,21002790,EAUF-V7200010
EAUF-V1318239,5.908016674,45.578354359,0.99,21002706,EAUF-V7200010
EAUF-V1325020,5.903425817,45.705821994,0.4621869857741031,21002178,EAUF-V7200010
EAUF-V1414010,5.6725646,45.881627001,0.9088039609556038,21003218,EAUF-V7200010
EAUF-V1425010,5.685831498,45.874843213,0.977444921938304,21003086,EAUF-V7200010
EAUF-V1454310,5.642406646,45.820879185,0.9057513368728907,21003001,EAUF-V7200010
EAUF-V1464310,5.665901001,45.716621461,0.7933314188848875,21002111,EAUF-V7200010
EAUF-V1504010,5.736190085,45.388720154,0.7728400702841348,21002540,EAUF-V7200010
EAUF-V1515010,5.782609679,45.442264099,0.6329976576863081,21002230,EAUF-V7200010
EAUF-V1534020,5.652006448,45.572277519,0.3127542100446672,21001825,EAUF-V7200010
EAUF-V1630020,5.402072125,45.859599905,0.2812988159832834,21001126,EAUF-V7200010
EAUF-V1734010,5.293805501,45.588716286,0.3016416760510318,21001808,EAUF-V7200010
EAUF-V1774010,5.159141306,45.71526346,0.451371350428282,21001719,EAUF-V7200010
EAUF-V2012010,5.955815585,46.723957169,0.7918858073719116,21000548,EAUF-V7200010
EAUF-V2024010,6.027537444,46.64005325,0.029934736085389255,21000573,EAUF-V7200010
EAUF-V2030410,5.940311617,46.704055084,0.8998848694964854,21000457,EAUF-V7200010
EAUF-V2114010,5.868931643,46.755876809,0.7842720585901684,21000939,EAUF-V7200010
EAUF-V2206010,5.775310093,46.648114959,0.5615410043147938,21000861,EAUF-V7200010
EAUF-V2310002,5.700402015,46.585008365,0.04846268733676356,21000350,EAUF-V7200010
EAUF-V2414030,6.015984761,46.531100396,0.1960633023468099,21000792,EAUF-V7200010
EAUF-V2420560,5.873191793,46.378156049,0.33048561319016473,21000591,EAUF-V7200010
EAUF-V2444020,5.706153794,46.362726361,0.10394133961488831,21000373,EAUF-V7200010
EAUF-V2515010,5.539029882,46.1342078,0.18273588681595287,21002133,EAUF-V7200010
EAUF-V2712010,5.336198092,46.047408267,0.7600179936105019,21001233,EAUF-V7200010
EAUF-V2814030,5.331286841,46.064655619,0.9293414212458239,21001546,EAUF-V7200010
EAUF-V2924010,5.439340194,45.94801973,0.5733211609407961,21001929,EAUF-V7200010
EAUF-V2934010,5.331709625,45.954757013,0.6051596057545963,21001879,EAUF-V7200010
EAUF-V2942010,5.2334923,45.906423056,0.5659000686933495,21001223,EAUF-V7200010
EAUF-V3000020,4.849471915,45.783912231,0.41096695369982567,21001115,EAUF-V7200010
EAUF-V3009113,5.161273442,45.794570562,0.01,21001120,EAUF-V7200010
EAUF-V3114010,4.648207658,45.540686895,0.024172201868706254,21001976,EAUF-V7200010
EAUF-V3124010,4.739129952,45.579376464,0.7352248410658081,21001976,EAUF-V7200010
EAUF-V3434010,4.817472236,45.299302052,0.4819388979947159,21001698,EAUF-V7200010
EAUF-V3440001,4.812973011,45.277088699,0.231709013212198,21001101,EAUF-V7200010
EAUF-V3504012,4.63533695,45.235071826,0.5384263956058895,21002175,EAUF-V7200010
EAUF-V3517013,4.601079315,45.289778836,0.5568829819041157,21002243,EAUF-V7200010
EAUF-V3524010,4.786558451,45.206032312,0.8416477966335836,21001958,EAUF-V7200010
EAUF-V3614010,4.849550952,45.179968349,0.8542804739638954,21001984,EAUF-V7200010
EAUF-V3714020,4.577808105,44.987841566,0.30603102771876795,21003514,EAUF-V7200010
EAUF-V3724010,4.732468345,45.058470961,0.9150244426496175,21001319,EAUF-V7200010
EAUF-V3744010,4.78087229,45.066965971,0.18516490683953543,21001299,EAUF-V7200010
EAUF-V4010010,4.88443849,44.931887885,0.07658915478849515,21003405,EAUF-V7200010
EAUF-V4040004,4.883792912,44.842102424,0.3570953848723182,21004026,EAUF-V7200010
EAUF-V4124011,4.393006504,44.937812156,0.29497186890475297,21004092,EAUF-V7200010
EAUF-V4145210,4.518380938,44.829601169,0.550231039491941,21005268,EAUF-V7200010
EAUF-V4154010,4.615584556,44.811280632,0.31709071744461603,21003753,EAUF-V7200010
EAUF-V4174021,4.706893207,44.815739436,0.08013588804679238,21003685,EAUF-V7200010
EAUF-V4214010,5.444484787,44.618699826,0.95827879406304,21004253,EAUF-V7200010
EAUF-V4225010,5.490710372,44.693076027,0.2133856872958516,21004205,EAUF-V7200010
EAUF-V4226020,5.507582639,44.742452261,0.39088667222043766,21005203,EAUF-V7200010
EAUF-V4264010,5.208538594,44.689898174,0.7679714415718688,21003718,EAUF-V7200010
EAUF-V4300001,4.734174937,44.759303143,0.8476343897440558,21004309,EAUF-V7200010
EAUF-V4414010,5.015696506,44.624829248,0.797086758498483,21005021,EAUF-V7200010
EAUF-V4445030,4.763391958,44.557562898,0.8658735385684494,21003771,EAUF-V7200010
EAUF-V4455030,4.757182409,44.550260115,0.8640512172708276,21003930,EAUF-V7200010
EAUF-V4530010,4.701586939,44.481743722,0.021323744901313037,21003395,EAUF-V7200010
EAUF-V4570010,4.64714156,44.368248853,0.6093533406009407,21004913,EAUF-V7200010
EAUF-V5004030,4.270036021,44.670132921,0.9576856626384918,21005141,EAUF-V7200010
EAUF-V5014010,4.4126694,44.550145113,0.4045819083482577,21003768,EAUF-V7200010
EAUF-V5014030,4.395445211,44.626798269,0.43276654870425735,21003879,EAUF-V7200010
EAUF-V5014040,4.290379313,44.666256028,0.031285310212483715,21003992,EAUF-V7200010
EAUF-V5035020,4.246438934,44.481007667,0.4142300635507269,21004105,EAUF-V7200010
EAUF-V5035022,4.328539012,44.448883548,0.9349389840624182,21004105,EAUF-V7200010
EAUF-V5045030,4.126457024,44.41359665,0.8518379214213607,21003844,EAUF-V7200010
EAUF-V5046610,3.889672639,44.459961241,0.5824543292231393,21004963,EAUF-V7200010
EAUF-V5048813,4.216055994,44.406427621,0.7149616784196924,21003709,EAUF-V7200010
EAUF-V5048815,3.948842891,44.573993376,0.4099767272664534,21005076,EAUF-V7200010
EAUF-V5054010,4.384968403,44.39863706,0.8647295579021212,21003641,EAUF-V7200010
EAUF-V5064010,4.567394289,44.300784456,0.99,21003610,EAUF-V7200010
EAUF-V5131010,4.650952836,44.258050556,0.47112456624811855,21003572,EAUF-V7200010
EAUF-V5234010,4.750679425,44.282097318,0.29624700703232426,21003750,EAUF-V7200010
EAUF-V5324010,5.317430537,44.425685048,0.23346823897634517,21003956,EAUF-V7200010
EAUF-V5334010,5.141328098,44.358225492,0.16903676038622073,21003773,EAUF-V7200010
EAUF-V5354010,4.856425772,44.174807638,0.9710280184771045,21003773,EAUF-V7200010
EAUF-V5410004,4.043672608,44.306640826,0.889619321419027,21004840,EAUF-V7200010
EAUF-V5424010,4.095159752,44.291980275,0.6990129930997047,21003976,EAUF-V7200010
EAUF-V5430002,4.199915246,44.262632339,0.4300127583027555,21003878,EAUF-V7200010
EAUF-V5445020,4.248024741,44.205146037,0.179665355265258,21004068,EAUF-V7200010
EAUF-V5454010,4.299857196,44.24378301,0.20706263983239617,21003695,EAUF-V7200010
EAUF-V5464015,4.419890196,44.262169897,0.47051324915577286,21003674,EAUF-V7200010
EAUF-V5474010,4.5268789,44.190006933,0.23307803370906324,21003603,EAUF-V7200010
EAUF-V5474015,4.621254441,44.171195295,0.5765830282551297,21003603,EAUF-V7200010
EAUF-V5480001,4.80252266,44.04097698,0.46461927994201135,21003387,EAUF-V7200010
EAUF-V6035010,5.213816493,44.214974221,0.7720570364735571,21004702,EAUF-V7200010
EAUF-V6042010,5.136772597,44.229141391,0.37271963218056214,21003832,EAUF-V7200010
EAUF-V6051010,5.011503128,44.24037847,0.21678382369348684,21003766,EAUF-V7200010
EAUF-V6052010,5.068223846,44.240060819,0.0395495479252894,21003766,EAUF-V7200010
EAUF-V6202010,4.895777409,44.039545403,0.4178292945832093,21003631,EAUF-V7200010
EAUF-V7124015,3.938537978,44.111792774,0.703102330533047,21004013,EAUF-V7200010
EAUF-V7135010,3.960844727,44.073424354,0.7398023587088768,21003862,EAUF-V7200010
EAUF-V7135017,3.880824679,44.104857717,0.6800438431949226,21004177,EAUF-V7200010
EAUF-V7144010,3.987656609,44.057355318,0.132325311854554,21003816,EAUF-V7200010
EAUF-V7155010,4.078850426,44.120354719,0.3056562466684513,21003848,EAUF-V7200010
EAUF-V7164015,4.156874915,44.017147221,0.38659082801375527,21003697,EAUF-V7200010
EAUF-V7184015,4.32027411,43.931512241,0.039350178890943825,21003625,EAUF-V7200010
EAUF-V7194010,4.55810936,43.936811244,0.22536446282595116,21003579,EAUF-V7200010
EAUF-V7200010,4.649140397,43.804581416,0.04244266363634492,21005421,EAUF-V7200010
EAUF-W0000001,6.987210046,45.447442529,0.7780370517588886,21002649,EAUF-V7200010
EAUF-W0020001,6.795138627,45.618374356,0.9332022126807794,21001955,EAUF-V7200010
EAUF-W0100001,6.733619308,45.576702922,0.04643345078449303,21001820,EAUF-V7200010
EAUF-W0110010,6.530826624,45.484296533,0.946319827570479,21001756,EAUF-V7200010
EAUF-W0110011,6.407753017,45.662092271,0.9093458188637283,21001687,EAUF-V7200010
EAUF-W0220001,6.677112944,45.442267867,0.17370876577361646,21002051,EAUF-V7200010
EAUF-W0244010,6.525447468,45.483329994,0.8312389772551053,21001868,EAUF-V7200010
EAUF-W0244011,6.526232618,45.33936812,0.48723989061491835,21002509,EAUF-V7200010
EAUF-W0300003,6.474305991,45.532086707,0.1558076384097836,21001690,EAUF-V7200010
EAUF-W0414010,6.482092638,45.76837662,0.41422840971735164,21002077,EAUF-V7200010
EAUF-W0430001,6.401269291,45.691103502,0.10946215562438943,21001885,EAUF-V7200010
EAUF-W0500004,6.386187002,45.658182483,0.02049787051651558,21001653,EAUF-V7200010
EAUF-W1014010,6.888331633,45.28578077,0.580785079157198,21002026,EAUF-V7200010
EAUF-W1020001,6.682302839,45.207250134,0.5678546175314253,21001753,EAUF-V7200010
EAUF-W1020002,6.763826322,45.223902933,0.19614022049691512,21001787,EAUF-V7200010
EAUF-W1055020,6.254377062,45.212219388,0.5682529615042473,21002412,EAUF-V7200010
EAUF-W1060001,6.354261561,45.297312347,0.1968884946409705,21001655,EAUF-V7200010
EAUF-W1074030,6.308781833,45.544167178,0.21387073038538557,21001616,EAUF-V7200010
EAUF-W1105010,6.117592508,45.463656106,0.02614219251625788,21002665,EAUF-V7200010
EAUF-W1110010,6.055663585,45.496269504,0.48506298622583516,21001598,EAUF-V7200010
EAUF-W1300010,6.004754652,45.434935514,0.19551557008786807,21001593,EAUF-V7200010
EAUF-W1310010,5.9806506,45.366627147,0.028259175525086902,21001589,EAUF-V7200010
EAUF-W1410010,5.724998279,45.192991225,0.11649759167688614,21001574,EAUF-V7200010
EAUF-W1410012,5.837279679,45.202204069,0.8403278029833242,21002389,EAUF-V7200010
EAUF-W2314010,5.94445407,44.900346848,0.8963874098351889,21004134,EAUF-V7200010
EAUF-W2335210,5.86745355,44.94987782,0.3920075278266808,21005418,EAUF-V7200010
EAUF-W2710001,6.182965878,45.038608392,0.6743867394537617,21001470,EAUF-V7200010
EAUF-W2730001,6.251979618,44.937353403,0.4403246210968248,21004312,EAUF-V7200010
EAUF-W2746012,6.036741857,45.058398809,0.6183204866705958,21001428,EAUF-V7200010
EAUF-W2746013,6.013249773,45.115541916,0.8438801095367118,21001417,EAUF-V7200010
EAUF-W2750003,6.019666027,45.120531364,0.777432983640814,21002021,EAUF-V7200010
EAUF-W2767214,5.76502408,45.077062718,0.32880712169172827,21001385,EAUF-V7200010
EAUF-W2832010,5.697006877,45.119740188,0.794203302988164,21001378,EAUF-V7200010
EAUF-W2832011,5.692676255,45.20310932,0.8687094065150572,21001377,EAUF-V7200010
EAUF-W3200010,5.465689765,45.206847967,0.99,21001354,EAUF-V7200010
EAUF-W3335212,5.342892183,45.05898582,0.9849733669161934,21001245,EAUF-V7200010
EAUF-W3340001,5.280429976,45.061264043,0.403838112884893,21001240,EAUF-V7200010
EAUF-W3534020,4.950213169,45.053943685,0.9077141043472101,21002095,EAUF-V7200010
EAUF-X0010010,6.679418537,44.924487799,0.8095219247691674,21003531,EAUF-V7200010
EAUF-X0015010,6.486530909,44.983669278,0.23866684639298913,21003539,EAUF-V7200010
EAUF-X0015613,6.624926345,44.886522408,0.0850728394444325,21003502,EAUF-V7200010
EAUF-X0130010,6.559183105,44.776533696,0.12341481601741389,21003494,EAUF-V7200010
EAUF-X0310010,6.498009964,44.555356405,0.7084351477924066,21003483,EAUF-V7200010
EAUF-X0434010,6.651689553,44.384303029,0.42906552916360413,21003854,EAUF-V7200010
EAUF-X0454010,6.39901426,44.449458363,0.49228356049042504,21003710,EAUF-V7200010
EAUF-X0515910,6.111723749,44.476108896,0.8485374476310444,21003470,EAUF-V7200010
EAUF-X0610002,5.945287165,44.380557068,0.44736122815569906,21003465,EAUF-V7200010
EAUF-X1034023,5.713397991,44.432147107,0.204390839848987,21003837,EAUF-V7200010
EAUF-X1115010,5.977232566,44.137260431,0.788702000413835,21003461,EAUF-V7200010
EAUF-X1225010,6.275708475,44.217343056,0.5227150466936218,21004200,EAUF-V7200010
EAUF-X1250002,6.030403788,44.043675467,0.666415625976855,21003744,EAUF-V7200010
EAUF-X1420001,6.25296986,44.013884135,0.5323453502640065,21004107,EAUF-V7200010
EAUF-X1520001,5.804098365,43.898553958,0.0703284745762312,21003896,EAUF-V7200010
EAUF-X2114010,6.50261241,43.994734052,0.8264855527504049,21004661,EAUF-V7200010
EAUF-X2414030,6.62193106,43.763890338,0.039813000120154624,21005714,EAUF-V7200010
EAUF-X2811210,5.813390418,43.727830689,0.4617795422150112,21005432,EAUF-V7200010
EAUF-X3020010,5.494158239,43.66595002,0.6072010785753463,21005426,EAUF-V7200010
EAUF-X3310010,5.032432216,43.82748691,0.9060279499325057,21003374,EAUF-V7200010
EAUF-X3414010,5.584492314,43.918773933,0.3400871379064387,21004219,EAUF-V7200010
EAUF-X3454010,5.396465587,43.877366499,0.5347464795563647,21003855,EAUF-V7200010
EAUF-X3500010,4.916704494,43.888710586,0.524454345560723,21003370,EAUF-V7200010
EAUF-Y0025010,1.963378217,42.488381862,0.3716448581978576,21008679,EAUF-Y0025010
EAUF-Y0045010,1.847338222,42.49600295,0.4956884920472057,21008655,EAUF-Y0045010
EAUF-Y0244010,2.645168507,42.463875199,0.4236356081684677,21009331,EAUF-Y0284060
EAUF-Y0264010,2.71930811,42.494847914,0.013014955157600868,21005520,EAUF-Y0284060
EAUF-Y0274010,2.831855665,42.518480458,0.04549664217039271,21005513,EAUF-Y0284060
EAUF-Y0284060,2.975790655,42.584040746,0.48064759123005174,21005506,EAUF-Y0284060
EAUF-Y0404010,2.054627546,42.540109951,0.27189389838710415,21006702,EAUF-Y0474030
EAUF-Y0424010,2.315815332,42.56587183,0.539120265077692,21005657,EAUF-Y0474030
EAUF-Y0444010,2.486850937,42.64474106,0.7522497455228552,21005620,EAUF-Y0474030
EAUF-Y0464030,2.561790959,42.660912574,0.059971615290702586,21005604,EAUF-Y0474030
EAUF-Y0466005,2.627998491,42.666836378,0.6543287018040671,21006693,EAUF-Y0474030
EAUF-Y0474030,2.892828825,42.703618825,0.9613012387773082,21005572,EAUF-Y0474030
EAUF-Y0624020,2.521631376,42.785136171,0.46102580434146545,21006097,EAUF-Y0674060
EAUF-Y0634030,2.621724309,42.764107928,0.6103778672796133,21006019,EAUF-Y0674060
EAUF-Y0655010,2.744403882,42.80933846,0.6688353196740269,21006095,EAUF-Y0674060
EAUF-Y0664040,2.730784927,42.777630866,0.08012346777054817,21005878,EAUF-Y0674060
EAUF-Y0674060,2.901017749,42.772715203,0.8098739206083051,21005834,EAUF-Y0674060
EAUF-Y1105010,2.227006116,42.815330147,0.99,21006383,EAUF-Y1452020
EAUF-Y1112010,2.185091271,42.877681077,0.845095147522607,21005956,EAUF-Y1452020
EAUF-Y1135010,2.307574023,42.941339643,0.11202522936145143,21006499,EAUF-Y1452020
EAUF-Y1141151,2.262520546,42.985207295,0.45373178404481435,21005855,EAUF-Y1452020
EAUF-Y1232010,2.361289531,43.214641451,0.7609971597884144,21005784,EAUF-Y1452020
EAUF-Y1314010,2.083667924,43.280336022,0.9535367907934358,21006579,EAUF-Y1452020
EAUF-Y1355210,2.224593356,43.275591641,0.48012186146245867,21006422,EAUF-Y1452020
EAUF-Y1364010,2.372654738,43.238312092,0.8193489522432479,21005901,EAUF-Y1452020
EAUF-Y1364020,2.263215113,43.255405384,0.2649135662329507,21005967,EAUF-Y1452020
EAUF-Y1415010,2.379208006,43.333714878,0.5221948296940988,21007547,EAUF-Y1452020
EAUF-Y1415020,2.430769444,43.232912926,0.1094640484622091,21006175,EAUF-Y1452020
EAUF-Y1422010,2.657567396,43.226368189,0.8491160825116154,21005758,EAUF-Y1452020
EAUF-Y1422030,2.440727445,43.209514129,0.03816336551588995,21005764,EAUF-Y1452020
EAUF-Y1452010,2.855417937,43.240145257,0.17361162869728552,21005749,EAUF-Y1452020
EAUF-Y1452020,2.926258363,43.234378956,0.4894035116716354,21005748,EAUF-Y1452020
EAUF-Y1524010,2.567064349,43.038308235,0.7133883476483839,21006272,EAUF-Y1452020
EAUF-Y1524020,2.619256122,43.092964533,0.8788858904678265,21006167,EAUF-Y1452020
EAUF-Y1564010,2.781459926,43.181553015,0.6284102673874262,21005936,EAUF-Y1452020
EAUF-Y1584020,2.864670711,43.213774445,0.4787424601746437,21005856,EAUF-Y1452020
EAUF-Y1605040,2.870353639,43.31735482,0.17435866459862387,21006081,EAUF-Y1605040
EAUF-Y1605050,2.900595625,43.284138832,0.5456183625529119,21006081,EAUF-Y1605040
EAUF-Y1605060,2.83757319,43.342220167,0.24986389998268047,21006145,EAUF-Y1605040
EAUF-Y2000027,3.680813389,44.014377612,0.8273940773535667,21004633,EAUF-Y2370020
EAUF-Y2010020,3.654646322,44.001180922,0.7669144138708232,21004158,EAUF-Y2370020
EAUF-Y2030010,3.490085433,43.897968044,0.32271378581677057,21004033,EAUF-Y2370020
EAUF-Y2030020,3.672514803,43.936274749,0.8964377636781846,21003818,EAUF-Y2370020
EAUF-Y2100010,3.702161,43.932107561,0.6597154408069794,21003714,EAUF-Y2370020
EAUF-Y2100020,3.735831751,43.915407175,0.3769131242647873,21003696,EAUF-Y2370020
EAUF-Y2140010,3.534623845,43.651522709,0.4599690676776776,21005451,EAUF-Y2370020
EAUF-Y2140020,3.599180401,43.749188877,0.5724966484695578,21005456,EAUF-Y2370020
EAUF-Y2210010,3.323993421,43.728488528,0.012380877313987893,21005672,EAUF-Y2370020
EAUF-Y2300020,3.470100762,43.570381096,0.46937886857144984,21005447,EAUF-Y2370020
EAUF-Y2330010,3.44418881,43.476126523,0.5058164378388532,21005444,EAUF-Y2370020
EAUF-Y2370020,3.47833641,43.326099291,0.26498028911718485,21005442,EAUF-Y2370020
EAUF-Y2500030,3.152622501,43.717210656,0.7354218262940421,21005716,EAUF-Y2580020
EAUF-Y2510020,3.157282344,43.616029815,0.725381361926802,21005647,EAUF-Y2580020
EAUF-Y2510030,3.137105618,43.594273749,0.9118555125313694,21005647,EAUF-Y2580020
EAUF-Y2520010,3.052249903,43.656819404,0.7916203503137312,21007825,EAUF-Y2580020
EAUF-Y2520020,3.120552724,43.617291459,0.12837526894820667,21007825,EAUF-Y2580020
EAUF-Y2540020,2.91788505,43.557824674,0.8032624900817431,21007639,EAUF-Y2580020
EAUF-Y2550010,2.9858399,43.534715464,0.2973385350920564,21005597,EAUF-Y2580020
EAUF-Y2570010,3.046691065,43.45082769,0.16250327092880437,21005576,EAUF-Y2580020
EAUF-Y2570020,3.132476241,43.412224478,0.43067721459180963,21005562,EAUF-Y2580020
EAUF-Y2574040,3.087817041,43.437424158,0.5922835651159205,21005576,EAUF-Y2580020
EAUF-Y2580020,3.208215241,43.338453385,0.9873700559175341,21005556,EAUF-Y2580020
EAUF-Y3200020,3.87075972,43.651465264,0.3997904924613058,21005673,EAUF-Y3200030
EAUF-Y3200030,3.867579771,43.728780761,0.01,21005673,EAUF-Y3200030
EAUF-Y3210020,3.895080838,43.562967873,0.9098003111068078,21005673,EAUF-Y3200030
EAUF-Y3210021,3.904095942,43.592487899,0.7620550783893983,21005673,EAUF-Y3200030
EAUF-Y3414005,3.999878214,43.906614962,0.6822523089910086,21004132,EAUF-Y3464005
EAUF-Y3444020,4.075321314,43.871131839,0.07648197207715807,21003846,EAUF-Y3464005
EAUF-Y3454010,4.089161083,43.782286005,0.5141040789121119,21003767,EAUF-Y3464005
EAUF-Y3464005,4.150629746,43.722998658,0.3051603598788897,21005710,EAUF-Y3464005
EAUF-Y3525011,4.263394589,43.719183624,0.5367668095688758,21005713,EAUF-Y3534010
EAUF-Y3534010,4.244717494,43.670541399,0.029747849934199967,21005654,EAUF-Y3534010
EAUF-Y4022010,5.514784767,43.500989079,0.9118737039016814,21007650,EAUF-Y4122020
EAUF-Y4122020,5.152379821,43.500074365,0.8648763175342729,21005907,EAUF-Y4122020
EAUF-Y4214040,5.065317008,43.562840352,0.4724922788048185,21005971,EAUF-Y4214040
EAUF-Y4604020,6.038024246,43.19256667,0.20847164922853081,21006099,EAUF-Y4624010
EAUF-Y4615020,6.111718636,43.18656239,0.5951298680199762,21006196,EAUF-Y4624010
EAUF-Y4624010,6.149729619,43.147115398,0.7155261776988837,21005977,EAUF-Y4624010
EAUF-Y5032010,6.026203441,43.499943988,0.1201010901102856,21006086,EAUF-Y5312010
EAUF-Y5105010,6.17347747,43.441010999,0.8403779727052638,21006234,EAUF-Y5312010
EAUF-Y5106610,6.222379191,43.443354545,0.9392987072747694,21007512,EAUF-Y5312010
EAUF-Y5106616,6.206817562,43.466698831,0.5190416080481965,21005961,EAUF-Y5312010
EAUF-Y5112010,6.196413503,43.477786448,0.18720058766180972,21005917,EAUF-Y5312010
EAUF-Y5202010,6.471459034,43.446606703,0.6175859734580877,21005803,EAUF-Y5312010
EAUF-Y5215020,6.455849953,43.397174752,0.659411993197861,21006372,EAUF-Y5312010
EAUF-Y5235010,6.483990449,43.50451462,0.5136430256497543,21006412,EAUF-Y5312010
EAUF-Y5305015,6.589605714,43.5033105,0.4151525409823845,21006345,EAUF-Y5312010
EAUF-Y5312010,6.633085405,43.449731009,0.6457433424828773,21005774,EAUF-Y5312010
EAUF-Y5444010,6.552562047,43.254450483,0.23535569605431733,21006238,EAUF-Y5444010
EAUF-Y5514040,6.762054734,43.664602751,0.01083089067461355,21006440,EAUF-Y5534030
EAUF-Y5515410,6.717098486,43.67723358,0.4309951562803239,21007839,EAUF-Y5534030
EAUF-Y5534030,6.927524979,43.589431521,0.18879544204647924,21006089,EAUF-Y5534030
EAUF-Y5615010,7.006488787,43.697710734,0.1378286931272476,21005668,EAUF-Y5615030
EAUF-Y5615030,7.13735508,43.648218007,0.3294699185399207,21005631,EAUF-Y5615030
EAUF-Y6002030,6.790538718,44.122107383,0.7096017398232127,21004758,EAUF-Y6442010
EAUF-Y6042010,6.810133942,43.949350406,0.9758798331127163,21003847,EAUF-Y6442010
EAUF-Y6125012,7.119242553,43.933280532,0.6533213268236304,21003690,EAUF-Y6442010
EAUF-Y6224010,7.105457711,44.084478277,0.9636002676362317,21003893,EAUF-Y6442010
EAUF-Y6234023,7.159497048,43.947972622,0.6623256340133779,21003793,EAUF-Y6442010
EAUF-Y6334040,7.231298235,43.878709876,0.8017919661518398,21004075,EAUF-Y6442010
EAUF-Y6424010,6.956427456,43.864914511,0.06811664803499648,21003903,EAUF-Y6442010
EAUF-Y6434010,7.156740112,43.846296719,0.310805644038959,21003730,EAUF-Y6442010
EAUF-Y6442010,7.200026997,43.664068874,0.05485835513172364,21005708,EAUF-Y6442010
EAUF-Y6620003,7.516675304,43.911657332,0.35094033488178483,21004031,EAUF-Y6620003
EAUF-Y6635010,7.45119483,43.877698665,0.31639946633596794,21004503,EAUF-Y6635010
EAUF-Y7000002,8.976148506,42.319596161,0.013936647987473167,21009991,EAUF-Y7210001
EAUF-Y7020002,9.194130312,42.400550643,0.5745124267316704,21009348,EAUF-Y7210001
EAUF-Y7020004,9.207220003,42.462821417,0.688752342320088,21009140,EAUF-Y7210001
EAUF-Y7110002,9.203252476,42.477849315,0.5431329043292855,21008324,EAUF-Y7210001
EAUF-Y7110004,9.122343835,42.516903358,0.6762716434477563,21005707,EAUF-Y7210001
EAUF-Y7210001,9.371911623,42.506503239,0.9874375174791142,21005472,EAUF-Y7210001
EAUF-Y7810001,8.716900755,42.393648893,0.7621062580236235,21010038,EAUF-Y7810001
EAUF-Y7910002,8.762929656,42.255710779,0.9667646682594908,21009996,EAUF-Y7910002
EAUF-Y8120001,8.818555561,42.116414469,0.9777716402001781,21009333,EAUF-Y8120001
EAUF-Y8300001,8.878146314,41.997425621,0.7543261934478385,21011663,EAUF-Y8300001
EAUF-Y8620001,8.959418165,41.81034056,0.10235999168040268,21009263,EAUF-Y8620001
EAUF-Y8810001,9.076033259,41.725826143,0.6338697619709119,21009801,EAUF-Y8810001
EAUF-Y9000001,9.087692629,42.263304044,0.13716161548592315,21011953,EAUF-Y9110002
EAUF-Y9010004,9.155090353,42.304136567,0.05999109766596466,21009544,EAUF-Y9110002
EAUF-Y9020001,9.205369603,42.22412323,0.5922864361397638,21009907,EAUF-Y9110002
EAUF-Y9110002,9.379456133,42.183974119,0.7487029230048183,21009172,EAUF-Y9110002
EAUF-Y9410001,9.260356368,42.103243804,0.39186244169384177,21011589,EAUF-Y9410001
EAUF-Y9510001,9.383211933,41.914687296,0.11216422022468531,21011335,EAUF-Y9510001
EAUF-Y9600001,9.370376192,41.863776037,0.20843781630136146,21011145,EAUF-Y9600001
ABOM-3637010,149.22908333,-35.33730556,0.030877727444448593,56164948,ABOM-213983010
ABOM-1293010,149.31322222,-35.33561111,0.553845718454864,56165507,ABOM-213983010
ABOM-1389010,148.96683333,-35.38275,0.38399440458234146,56165670,ABOM-213983010
ABOM-1708010,149.34997222,-35.61441667,0.99,56167939,ABOM-213983010
ABOM-1843010,148.961247,-35.24433,0.9647302973408421,56164851,ABOM-213983010
ABOM-2391010,148.94475,-35.13136111,0.6872881418335466,56164621,ABOM-213983010
ABOM-1094010,149.114147,-35.585654,0.47319786493416904,56164670,ABOM-213983010
ABOM-1511010,148.88877778,-35.34605556,0.9455768749292793,56165549,ABOM-213983010
ABOM-1573010,148.82191667,-35.58805556,0.40685385537994945,56167890,ABOM-213983010
ABOM-1798010,148.95527639,-35.29166431,0.492673141147775,56164633,ABOM-213983010
ABOM-2436010,149.30083333,-35.52197222,0.22783785672924,56165100,ABOM-213983010
ABOM-1032010,149.19605556,-36.1105,0.9192347259276955,56165034,ABOM-213983010
ABOM-1144010,148.94175,-35.32402778,0.9159384098716505,56165240,ABOM-213983010
ABOM-1624010,149.06811389,-35.57187222,0.3300500952530473,56165334,ABOM-213983010
ABOM-5499010,133.239983,-24.551811,0.2685666869890403,56064062,ABOM-5651010
ABOM-2145010,149.25702778,-35.38897222,0.7221178919610584,56165000,ABOM-213983010
ABOM-2054010,148.83594444,-35.53172222,0.625153508735223,56167890,ABOM-213983010
ABOM-2214010,149.2315,-35.34227778,0.9036602047815657,56164966,ABOM-213983010
ABOM-4042010,149.10119444,-35.53813889,0.45782141334898196,56164667,ABOM-213983010
ABOM-1926010,148.82938889,-35.44527778,0.20970447025819786,56165549,ABOM-213983010
ABOM-2099010,149.00860983,-35.27360722,0.6622265726142688,56164851,ABOM-213983010
ABOM-7840010,130.735231143,-13.829727613,0.01653128012006403,56002351,ABOM-7840010
ABOM-10356010,131.108642,-13.24147,0.7590767431263394,56003833,ABOM-10418010
ABOM-8238010,131.339977,-13.797103,0.8777640843082934,56003377,ABOM-7840010
ABOM-11813010,133.36165,-14.32185,0.8103339731199696,56003273,ABOM-11748010
ABOM-9026010,132.775592,-13.973668,0.04170353811129094,56002901,ABOM-7840010
ABOM-11537010,133.332606,-14.956723,0.5117184271576685,56002324,ABOM-11748010
ABOM-9708010,130.995703,-12.700905,0.8097669285819602,56000928,ABOM-9770010
ABOM-9770010,131.00256,-12.708794,0.6390971756183714,56000928,ABOM-9770010
ABOM-9121010,131.159027,-13.837493,0.7328821376987924,56003144,ABOM-7840010
ABOM-11475010,133.123892,-15.085444,0.846378240288169,56008514,ABOM-11748010
ABOM-7455010,132.2569,-14.46222,0.5272699858973562,56002801,ABOM-7840010
ABOM-7962010,131.052285,-13.854194,0.3003612903492801,56002361,ABOM-7840010
ABOM-7900010,130.80143,-13.904124,0.660091602091546,56002354,ABOM-7840010
ABOM-8348010,132.058132,-14.702336,0.20559172110763055,56002477,ABOM-7840010
ABOM-8795010,132.399412,-14.283522,0.5378307369483585,56003485,ABOM-7840010
ABOM-8964010,131.674575,-14.688174,0.5139877164040753,56002502,ABOM-7840010
ABOM-11686010,133.207503,-14.943355,0.15389658968734427,56002328,ABOM-11748010
ABOM-6946010,130.031309,-15.765123,0.1428232678916961,56008760,ABOM-6946010
ABOM-10418010,131.270432,-12.948541,0.8590043935787687,56000292,ABOM-10418010
ABOM-10814010,131.23371,-13.090009,0.2632822296063976,56003300,ABOM-10418010
ABOM-12049010,136.316960963,-16.081835719,0.40342247272292575,56007698,ABOM-12049010
ABOM-7641010,132.411656,-15.085487,0.6423742389749283,56008601,ABOM-7840010
ABOM-9325010,132.286454,-14.424851,0.2413258316996059,56002805,ABOM-7840010
ABOM-9388010,132.082728,-14.567733,0.16598370894475042,56002781,ABOM-7840010
ABOM-7095010,130.963804,-15.551511,0.6449514641167999,56007562,ABOM-7095010
ABOM-11624010,133.105889,-14.562825,0.01,56002937,ABOM-11748010
ABOM-5651010,133.64014,-24.929423,0.863198722544327,56062926,ABOM-5651010
ABOM-8626010,132.073655,-14.168095,0.1400560398558438,56003596,ABOM-7840010
ABOM-8849010,131.102294,-13.738101,0.6007834558548404,56003583,ABOM-7840010
ABOM-9556010,130.951249,-13.024295,0.11943883828681265,56000297,ABOM-9556010
ABOM-5561010,133.186642,-24.751602,0.7850817000954263,56063999,ABOM-5651010
ABOM-7517010,130.711342,-13.766164,0.99,56002351,ABOM-7840010
ABOM-8564010,131.342441432,-14.15222848,0.39471752734324,56002373,ABOM-7840010
ABOM-9449010,131.23313,-13.814468,0.4046772784953564,56003205,ABOM-7840010
ABOM-11748010,134.42162,-14.696786,0.1403757438467351,56002247,ABOM-11748010
ABOM-15635010,143.394002,-14.167489,0.8850442406493014,56003608,ABOM-15635010
ABOM-17483010,145.69513889,-16.94208333,0.41705968134573274,56011928,ABOM-17483010
ABOM-16925010,145.53026,-16.780107,0.4905281711171626,56010689,ABOM-16682010
ABOM-15884010,145.01297,-15.76799,0.3209032630020441,56010227,ABOM-15984010
ABOM-16340010,145.28735,-15.98518,0.08100027348273378,56010551,ABOM-16340010
ABOM-15822010,144.48477,-15.61372,0.021384219350676498,56009239,ABOM-15984010
ABOM-16862010,145.53858333,-17.25911111,0.48553087893318503,56021032,ABOM-16682010
ABOM-15984010,144.211279,-14.91683,0.2586151006757969,56002217,ABOM-15984010
ABOM-16682010,145.61211111,-16.79983333,0.36609832465728215,56007761,ABOM-16682010
ABOM-15715010,143.847502,-15.223842,0.03601344271347379,56009596,ABOM-15715010
ABOM-15777010,144.8387,-15.2816,0.7595950073588078,56008753,ABOM-15984010
ABOM-35964010,153.106498,-27.909154,0.01,56105957,ABOM-35964010
ABOM-38606010,148.82573333,-27.31853333,0.3401925351152629,56101474,ABOM-213983010
ABOM-39801010,150.783,-26.90428333,0.21731259264539224,56081589,ABOM-213983010
ABOM-40223010,151.27797222,-27.30339444,0.8247819373453555,56104856,ABOM-213983010
ABOM-34808010,152.761393,-26.93577,0.4318856480588253,56087527,ABOM-381956010
ABOM-35525010,152.867944,-28.215478,0.7328089753736386,56106218,ABOM-35381010
ABOM-36090010,153.158336,-27.997619,0.7525262654409666,56114994,ABOM-35964010
ABOM-36585010,153.4025,-28.1497,0.5626849007193159,56114970,ABOM-36585010
ABOM-36758010,149.4905,-28.49643333,0.3553346284182725,56109409,ABOM-213983010
ABOM-38696010,149.06380556,-27.15004722,0.5160241949473989,56101481,ABOM-213983010
ABOM-38921010,152.04852778,-28.21430556,0.14389833210791894,56105419,ABOM-213983010
ABOM-35273010,152.890705,-28.245303,0.8317040022770603,56114386,ABOM-35381010
ABOM-39163010,151.961306,-28.117611,0.6228777609138932,56107085,ABOM-213983010
ABOM-40097010,151.346725,-27.669019,0.21329719747864154,56107093,ABOM-213983010
ABOM-40419010,151.75761111,-27.99005833,0.95165243050268,56104641,ABOM-213983010
ABOM-34700010,152.625232,-27.134511,0.15452969918646303,56109647,ABOM-381956010
ABOM-34745010,152.57951667,-26.92101111,0.8256622925039977,56092445,ABOM-381956010
ABOM-35820010,152.739821,-27.954294,0.29536667699162794,56106583,ABOM-35381010
ABOM-36693010,150.2531,-28.54638333,0.5654003487353667,56101834,ABOM-213983010
ABOM-37044010,150.98308056,-28.68994167,0.21215901452498614,56107312,ABOM-213983010
ABOM-37456010,151.819861,-28.784895,0.9116251221289362,56107809,ABOM-213983010
ABOM-37644010,151.06944167,-28.41806111,0.13552563322643807,56105023,ABOM-213983010
ABOM-38840010,150.57495,-26.8001,0.8761097619369254,56081587,ABOM-213983010
ABOM-34637010,152.841577,-26.838513,0.5374968617894412,56092315,ABOM-381956010
ABOM-35112010,152.772524,-28.200146,0.876435493148466,56109466,ABOM-35381010
ABOM-35192010,152.927328,-28.070811,0.04086000117459851,56105325,ABOM-35381010
ABOM-35381010,152.987672,-27.833618,0.141489227160707,56104714,ABOM-35381010
ABOM-37089010,151.46777778,-28.98486111,0.2628847120955046,56103524,ABOM-213983010
ABOM-38086010,148.2696,-28.43143333,0.8374529093360504,56101453,ABOM-213983010
ABOM-35641010,152.971734,-28.148868,0.558607753947567,56108720,ABOM-35381010
ABOM-36459010,153.226111,-28.149167,0.3550280330588046,56114906,ABOM-36153010
ABOM-41187010,138.80409167,-18.96943611,0.8968911103531236,56016854,ABOM-41187010
ABOM-44319010,142.639199,-12.454008,0.8368289027490708,56000156,ABOM-44319010
ABOM-42921010,144.168515741,-19.084914179,0.11384078336385606,56017603,ABOM-42564010
ABOM-44381010,142.421975,-11.832684,0.31981102327060973,56000694,ABOM-44381010
ABOM-43281010,142.37426101,-15.942375901,0.2627365330420262,56007490,ABOM-43281010
ABOM-43877010,144.89908888,-17.18124444,0.2189268977814864,56017340,ABOM-43281010
ABOM-44097010,142.920737,-13.417588,0.6194885901867493,56003206,ABOM-44097010
ABOM-41616010,143.133766,-20.697994,0.23903664355966175,56029119,ABOM-41616010
ABOM-41697010,144.52325,-20.17751667,0.24586491485295955,56033309,ABOM-41616010
ABOM-44461010,142.352624,-11.148949,0.5459383464816311,56000331,ABOM-44461010
ABOM-40866010,145.96968333,-27.24815,0.4032006392650404,56101534,ABOM-213983010
ABOM-41001010,145.83247778,-27.63059167,0.1671244421697901,56101529,ABOM-213983010
ABOM-41124010,139.25236944,-18.64189167,0.01,56023677,ABOM-41124010
ABOM-42502010,142.87601388,-18.20250277,0.8884044092642782,56017059,ABOM-42564010
ABOM-42769010,144.30648333,-18.13355555,0.6622438150200929,56019755,ABOM-42564010
ABOM-43344010,143.677240498,-16.53453993,0.03930838485374466,56007507,ABOM-43281010
ABOM-10046010,131.083858063,-12.462514672,0.7494466499033681,56001483,ABOM-10046010
ABOM-7686010,132.420679,-14.315833,0.05520410224425832,56002819,ABOM-7840010
ABOM-14838010,138.8475278,-22.51508333,0.4871379959786001,56043589,ABOM-14838010
ABOM-15178010,145.02424,-22.44919,0.5002801127689289,56045395,ABOM-207631010
ABOM-8502010,132.588332,-14.627053,0.010069772838288657,56003425,ABOM-7840010
ABOM-8300010,131.574048,-14.365375,0.4439339828216882,56002383,ABOM-7840010
ABOM-15269010,143.28125,-25.18541667,0.11288431428160224,56081882,ABOM-207631010
ABOM-17818010,145.96726667,-17.38595,0.21257030442929728,56020016,ABOM-17818010
ABOM-44589010,145.76455556,-17.13336111,0.21630257698838593,56020134,ABOM-44589010
ABOM-15358010,145.45834,-24.42675,0.7137708997161715,56064277,ABOM-207631010
ABOM-18036010,145.6509,-17.3808,0.1504328170161032,56021512,ABOM-18117010
ABOM-18556010,145.63013889,-17.73961111,0.5844405660829501,56022502,ABOM-18636010
ABOM-17582010,145.72475,-17.18319444,0.38460085549718576,56020992,ABOM-44589010
ABOM-19083010,145.3321,-18.1926,0.3628689017629118,56018093,ABOM-18985010
ABOM-12109010,136.084726,-16.451885,0.23529667873031643,56007715,ABOM-12049010
ABOM-15448010,144.28120278,-26.61179722,0.2014812641344462,56081960,ABOM-15403010
ABOM-18117010,145.93252778,-17.54563889,0.06351002532209489,56018722,ABOM-18117010
ABOM-18827010,145.80536111,-18.10691667,0.039289983345715485,56021670,ABOM-18827010
ABOM-15403010,143.93806667,-27.76645,0.4058357313023267,56102419,ABOM-15403010
ABOM-14973010,141.10613333,-27.59669722,0.4061312390998675,56102228,ABOM-207631010
ABOM-17875010,145.87266667,-17.34716667,0.08235215088474167,56027751,ABOM-17875010
ABOM-22150010,148.1174111,-20.2887527,0.9826754897933169,56033305,ABOM-22293010
ABOM-19807010,146.63286561,-19.23771042,0.7822730934896568,56033708,ABOM-19807010
ABOM-23370010,149.0760833,-21.1419305,0.01949297262452356,56046274,ABOM-23370010
ABOM-23451010,149.0225055,-21.2832888,0.1395539910972748,56050005,ABOM-23451010
ABOM-23773010,149.93783333,-23.57636111,0.030925957158657733,56062144,ABOM-299164010
ABOM-20925010,146.04848333,-19.37776667,0.6644605114416597,56032455,ABOM-20479010
ABOM-22626010,148.7596638,-20.9058027,0.5376770771038032,56036266,ABOM-22626010
ABOM-23020010,148.8351167,-21.3228,0.8879096683857166,56049237,ABOM-23370010
ABOM-23853010,150.82062878,-23.81911544,0.1379528105168286,56068312,ABOM-23853010
ABOM-21926010,145.475006,-20.476143,0.2736682903186212,56031938,ABOM-20479010
ABOM-23181010,148.83108,-21.17712,0.04526478696151401,56047057,ABOM-23370010
ABOM-22293010,148.1555389,-20.14934444,0.9642384751180226,56032138,ABOM-22293010
ABOM-19636010,145.4363,-17.7371,0.5963113128931622,56026391,ABOM-18985010
ABOM-20862010,145.49503611,-19.20732678,0.2991687536042034,56029027,ABOM-20479010
ABOM-22904010,148.7435527,-21.178275,0.31188480075118674,56049369,ABOM-23370010
ABOM-21639010,146.42711872,-20.99956331,0.7107954746743417,56043944,ABOM-20479010
ABOM-19290010,145.5371,-18.2042,0.7718029677509729,56021787,ABOM-18985010
ABOM-19403010,145.3399,-18.067,0.6095904836704861,56020349,ABOM-18985010
ABOM-19889010,146.54693611,-19.18330833,0.4394495289303036,56036036,ABOM-19889010
ABOM-20224010,147.02481667,-19.66886667,0.17392973246399693,56032593,ABOM-20111010
ABOM-22778010,148.5958611,-20.72313889,0.09832768500888582,56034280,ABOM-22563010
ABOM-19225010,145.84788333,-18.4436,0.6061961690544498,56022263,ABOM-18985010
ABOM-19332010,145.477,-17.6046,0.5307681347872856,56027154,ABOM-18985010
ABOM-20031010,146.95793889,-19.38660556,0.3661328731545993,56042126,ABOM-20031010
ABOM-20577010,147.16528,-20.626996,0.45552329784570245,56028945,ABOM-20479010
ABOM-21111010,146.02435,-19.812,0.9506949311698272,56028987,ABOM-20479010
ABOM-21299010,148.32469,-20.91759,0.5230569014427277,56029169,ABOM-20479010
ABOM-21442010,148.44784,-21.19426,0.45129541357211433,56061243,ABOM-20479010
ABOM-22671010,148.4696861,-20.5740111,0.3616990412770036,56034128,ABOM-22671010
ABOM-23226010,148.6492333,-21.1326805,0.06654616153920102,56050631,ABOM-23370010
ABOM-24653010,147.75721,-23.88485,0.2903076675426364,56064064,ABOM-299164010
ABOM-22402010,148.54839,-20.30044,0.27732592049904636,56039129,ABOM-22402010
ABOM-20988010,145.909801,-19.13121,0.6682512217288173,56030101,ABOM-20479010
ABOM-21237010,147.5981027,-20.5820888,0.01123937994862496,56029118,ABOM-20479010
ABOM-22356010,148.12970278,-20.00495278,0.617781422789328,56033047,ABOM-22356010
ABOM-19475010,145.3409,-17.6523,0.19544936599432822,56019849,ABOM-18985010
ABOM-20479010,147.24362,-19.75856,0.9429077615302881,56028930,ABOM-20479010
ABOM-21174010,145.09246667,-18.66421667,0.42047545748881293,56018158,ABOM-20479010
ABOM-24115010,149.86930556,-22.96791667,0.23920305554174837,56048190,ABOM-299164010
ABOM-27200010,149.11577735,-22.65658355,0.5786082338862601,56045249,ABOM-299164010
ABOM-29430010,151.10327187,-25.40225205,0.8611505430955313,56081861,ABOM-300733010
ABOM-29951010,151.84383634,-25.90278632,0.13372109164090287,56085326,ABOM-300733010
ABOM-30130010,152.06528718,-26.31776391,0.053106279542870914,56085932,ABOM-300733010
ABOM-31459010,152.5273595,-25.76832547,0.05943465361782016,56083872,ABOM-31459010
ABOM-31522010,152.62017678,-26.3654542,0.6642341236695307,56094584,ABOM-31459010
ABOM-30426010,151.30831834,-26.2553681,0.08902031672228575,56084790,ABOM-300733010
ABOM-30949010,152.49566011,-25.95332924,0.12168304991907701,56084024,ABOM-31459010
ABOM-31030010,152.41150213,-26.00538295,0.8861756379990994,56086612,ABOM-31459010
ABOM-31602010,152.8136828,-26.33062238,0.4178185945757377,56090769,ABOM-31459010
ABOM-27972010,148.61449722,-24.31153611,0.17835578883712438,56062313,ABOM-299164010
ABOM-44825010,151.9894613,-25.28507017,0.8960943513809044,56081813,ABOM-300733010
ABOM-30471010,151.33283673,-25.78592226,0.7775708562343173,56083923,ABOM-300733010
ABOM-32165010,152.9392369,-26.56213227,0.6678379984921995,56093429,ABOM-393310010
ABOM-28411010,151.7362803,-24.51363146,0.9673244683516427,56066047,ABOM-28411010
ABOM-28457010,151.82523288,-24.37647102,0.437756476605265,56069229,ABOM-28457010
ABOM-28833010,151.51734211,-25.27309858,0.1102416498584029,56088117,ABOM-300733010
ABOM-29036010,151.6036895,-25.62154942,0.5525630100555022,56081833,ABOM-300733010
ABOM-27420010,148.92682,-21.77681,0.5315252039357633,56047694,ABOM-299164010
ABOM-30049010,152.05752928,-26.47004314,0.1813163214419329,56084870,ABOM-300733010
ABOM-31174010,152.34911379,-25.90308211,0.65569889700167,56084926,ABOM-31459010
ABOM-31763010,152.74392012,-26.52614175,0.6016936627585163,56086554,ABOM-31459010
ABOM-28973010,151.98813689,-25.38092052,0.08419134798376554,56086631,ABOM-300733010
ABOM-29881010,151.80832412,-25.71077157,0.11610967758727571,56083787,ABOM-300733010
ABOM-28050010,148.38813,-24.97753,0.8227036707663018,56063029,ABOM-299164010
ABOM-28546010,151.89185967,-24.96863311,0.013891815522365934,56062172,ABOM-28546010
ABOM-29726010,152.04325656,-26.30069881,0.24754428860897906,56085932,ABOM-300733010
ABOM-28175010,151.09756389,-23.98498333,0.7412108028419041,56066121,ABOM-28175010
ABOM-33603010,152.700012,-27.663774,0.1619880446796296,56105569,ABOM-381956010
ABOM-34295010,152.21540278,-27.63431111,0.3985147982891132,56106716,ABOM-381956010
ABOM-32668010,152.92374722,-27.34644444,0.03318476507242667,56108834,ABOM-32668010
ABOM-32587010,152.8906,-27.0978,0.6431308457032161,56120463,ABOM-32587010
ABOM-32749010,152.668941,-27.439727,0.7854402869864381,56102052,ABOM-381956010
ABOM-32829010,152.273,-26.8042,0.1991708406300073,56082733,ABOM-381956010
ABOM-34119010,152.364225,-27.72996389,0.33183610258421664,56109170,ABOM-381956010
ABOM-33522010,152.693968,-27.601912,0.7162099412644574,56106895,ABOM-381956010
ABOM-33927010,152.1145,-27.54228,0.3297567295841775,56107877,ABOM-381956010
ABOM-38194010,148.05246667,-28.84016667,0.6965119874641419,56104944,ABOM-213983010
ABOM-37169010,151.58448333,-28.91728333,0.8156681911412266,56105329,ABOM-213983010
ABOM-39352010,151.510508,-27.8699,0.09473815176246819,56104326,ABOM-213983010
ABOM-43137010,144.289350905,-16.470825284,0.6326507051758619,56008001,ABOM-43281010
ABOM-43735010,143.782843627,-16.546911716,0.9019874371761017,56007511,ABOM-43281010
ABOM-36648010,150.30756,-28.549704,0.4176592276050818,56101834,ABOM-213983010
ABOM-36234010,153.19277778,-28.02583333,0.8852131995675495,56115180,ABOM-36234010
ABOM-39640010,151.18573056,-27.22510556,0.7387961250364088,56104019,ABOM-213983010
ABOM-35883010,153.044584,-28.054207,0.8491314909315583,56110616,ABOM-35964010
ABOM-36522010,153.35,-28.08527778,0.7938545971526346,56115370,ABOM-36522010
ABOM-38383010,147.7973,-28.9694,0.4239565037453967,56105564,ABOM-213983010
ABOM-39864010,151.58533333,-28.03205556,0.3323771593332498,56107868,ABOM-213983010
ABOM-40821010,145.68660278,-28.116875,0.5226339818306689,56101526,ABOM-213983010
ABOM-43389010,145.00174,-16.49775,0.6194594222152139,56010252,ABOM-43281010
ABOM-44159010,143.174689,-13.955092,0.5070256183745742,56004068,ABOM-44159010
ABOM-40039010,150.34427778,-26.84166667,0.4389400337057343,56081570,ABOM-213983010
ABOM-40321010,151.69083889,-27.84989444,0.6205798564806532,56107225,ABOM-213983010
ABOM-37724010,150.84553333,-28.57155,0.14929089275651952,56104614,ABOM-213983010
ABOM-18385010,145.90569444,-17.71472222,0.36479788197942054,56026595,ABOM-18438010
ABOM-23533010,149.3985556,-21.91569444,0.5630009943794816,56057987,ABOM-23533010
ABOM-17276010,145.5385,-17.29194444,0.9855383133856984,56027826,ABOM-16682010
ABOM-27280010,149.13149,-22.03574,0.46337915477723157,56047705,ABOM-299164010
ABOM-24994010,149.78958333,-25.63772222,0.1157860188121193,56083717,ABOM-299164010
ABOM-19164010,145.936037,-18.488994,0.5483051228407912,56017816,ABOM-18985010
ABOM-16763010,145.42926,-17.00224,0.44918084550926163,56008368,ABOM-16682010
ABOM-19573010,145.2959,-17.6266,0.41115550264204154,56019703,ABOM-18985010
ABOM-19681010,145.1497,-17.9162,0.4416210534793701,56018853,ABOM-18985010
ABOM-19752010,145.94983333,-18.7664666,0.0885413812559642,56021295,ABOM-18985010
ABOM-18438010,146.00725,-17.73186111,0.3580663784348354,56020967,ABOM-18438010
ABOM-20111010,147.11027778,-19.63313611,0.08152478535361457,56031516,ABOM-20111010
ABOM-20174010,146.95938889,-19.7751,0.5375370229260719,56032185,ABOM-20111010
ABOM-133298010,152.317121106,-29.8393604,0.3100532214079868,56123698,ABOM-133163010
ABOM-132804010,153.225572001,-28.733143999,0.9132195994251141,56113094,ABOM-132804010
ABOM-132541010,153.006191799,-28.940299997,0.11378896001630473,56107007,ABOM-132541010
ABOM-132966010,152.724953984,-29.979325824,0.20053700040518813,56124216,ABOM-133163010
ABOM-133841010,152.446839,-29.484832,0.8350102342729402,56129195,ABOM-133163010
ABOM-134272010,152.593194,-29.196113,0.8819032797869758,56121877,ABOM-133163010
ABOM-133210010,152.346881542,-30.403717943,0.16969615564162996,56132721,ABOM-133163010
ABOM-133540010,152.214471998,-29.761282001,0.8524582966561886,56126802,ABOM-133163010
ABOM-133725010,152.38605,-29.05473,0.056633725806329825,56102954,ABOM-133163010
ABOM-182170010,152.19876,-28.46634,0.29050274103269275,56106975,ABOM-133163010
ABOM-134317010,152.98529,-30.067556,0.764434083474018,56126225,ABOM-188014010
ABOM-182125010,152.251200001,-29.192799997,0.9701964678825441,56124797,ABOM-133163010
ABOM-133388010,153.03334015,-30.252768984,0.24118752423468576,56129321,ABOM-188014010
ABOM-133495010,151.846208484,-29.720858835,0.7494019201999964,56126478,ABOM-133163010
ABOM-132759010,153.351740136,-28.746001721,0.4836650926949943,56107334,ABOM-132389010
ABOM-133344010,152.714557378,-30.304993704,0.06453065339553098,56129348,ABOM-133163010
ABOM-134020010,152.710842,-30.233893,0.8612696375721064,56129348,ABOM-133163010
ABOM-145788010,144.1245,-35.6298,0.04438511870502591,56163912,ABOM-213983010
ABOM-184145010,143.9101,-35.3777,0.8798601306181137,56167971,ABOM-213983010
ABOM-147238010,144.9596,-35.6428,0.5512776012113961,56164649,ABOM-213983010
ABOM-147076010,144.0517,-35.5214,0.3049320273829812,56167971,ABOM-213983010
ABOM-148604010,148.79321619,-35.88474689,0.3347550248243563,56165082,ABOM-213983010
ABOM-124314010,125.113744353,-17.371484126,0.5523909790551981,56018743,ABOM-124314010
ABOM-146075010,144.0331,-35.0899,0.02629988934338762,56163887,ABOM-213983010
ABOM-147461010,143.6823,-35.1356,0.2707299629832167,56164627,ABOM-213983010
ABOM-128603010,128.604588393,-15.834922812,0.8350958667785082,56008676,ABOM-128547010
ABOM-147542010,143.9322,-35.329,0.5146400143828445,56164727,ABOM-213983010
ABOM-123199010,119.714608346,-21.19255633,0.869318805932025,56046042,ABOM-122989010
ABOM-123958010,125.57944914,-18.210326047,0.24667586617750503,56016618,ABOM-123864010
ABOM-147319010,144.1595,-35.2739,0.38638484054320654,56165518,ABOM-213983010
ABOM-147704010,143.8001,-35.1351,0.777401153701619,56164847,ABOM-213983010
ABOM-123864010,123.64620714,-17.736147495,0.7928932188123455,56016540,ABOM-123864010
ABOM-150337010,147.6555,-35.1623,0.27208152801722285,56164904,ABOM-213983010
ABOM-150637010,147.9014,-35.5392,0.2234356723644637,56165585,ABOM-213983010
ABOM-189884010,148.3484,-35.329,0.2835881821902381,56165431,ABOM-213983010
ABOM-149951010,146.4007,-34.6953,0.052662238636342694,56154666,ABOM-213983010
ABOM-189771010,149.137988,-35.702337,0.9624059979004616,56164697,ABOM-213983010
ABOM-184715010,147.51054444,-35.19559444,0.3287935110962366,56165517,ABOM-213983010
ABOM-150174010,147.872897,-35.17751,0.1714678446507938,56165287,ABOM-213983010
ABOM-150255010,148.1628,-34.9304,0.19693328253537962,56164546,ABOM-213983010
ABOM-150041010,148.2057,-35.1216,0.12659917866467754,56164761,ABOM-213983010
ABOM-149289010,148.574237969,-35.000997112,0.34221987650560676,56154753,ABOM-213983010
ABOM-149591010,145.2091,-35.2859,0.2025704588887527,56164079,ABOM-213983010
ABOM-188239010,148.9115,-34.8352,0.6979719981327062,56154887,ABOM-213983010
ABOM-189830010,148.6869,-35.1657,0.3847360558756705,56165087,ABOM-213983010
ABOM-150496010,149.1276,-35.9826,0.9746281172772467,56164757,ABOM-213983010
ABOM-189734010,148.43570689,-35.41826315,0.9789258140177471,56165903,ABOM-213983010
ABOM-184004010,146.3953,-36.0072,0.10495713220363402,56163972,ABOM-213983010
ABOM-184780010,148.0685,-35.3323,0.4244078263217039,56166169,ABOM-213983010
ABOM-149999010,148.2469,-35.0177,0.808254217802154,56165626,ABOM-213983010
ABOM-150682010,148.168282,-35.335072,0.05003543209270127,56165508,ABOM-213983010
ABOM-149053010,148.106902393,-35.075085742,0.9248059781844455,56163955,ABOM-213983010
ABOM-189846010,149.0947,-36.1644,0.3142024505529995,56164798,ABOM-213983010
ABOM-149636010,146.0027,-34.5664,0.574050314754622,56154666,ABOM-213983010
ABOM-182235010,152.982721736,-29.465214138,0.6214812221823727,56128302,ABOM-182235010
ABOM-79077010,116.61577998,-34.766806455,0.8637797848077795,56156249,ABOM-79077010
ABOM-97001010,115.738912641,-32.819340546,0.16995580239900507,56139938,ABOM-97001010
ABOM-131797010,153.292947216,-28.353986107,0.45761725637465417,56110202,ABOM-131797010
ABOM-131835010,153.335886109,-28.30956389,0.14777185263943934,56109840,ABOM-131835010
ABOM-132254010,153.163236109,-28.736397221,0.7382990173418694,56109437,ABOM-132254010
ABOM-136012010,151.897435723,-32.057385242,0.29312282839095327,56143451,ABOM-135837010
ABOM-132496010,152.924016995,-28.756905996,0.19077321583027104,56106210,ABOM-132130010
ABOM-135704010,152.689205,-31.428758,0.42429404865096704,56144191,ABOM-135704010
ABOM-80112010,116.016044844,-34.427532161,0.25456849105784995,56157619,ABOM-81373010
ABOM-98416010,115.861589579,-32.341930132,0.4069496920925209,56141931,ABOM-98416010
ABOM-132199010,152.967091996,-28.505511998,0.044952900018406614,56106333,ABOM-132130010
ABOM-132299010,153.497897003,-28.706611001,0.4163947511691417,56112606,ABOM-132344010
ABOM-135504010,152.693551,-31.614355,0.1510203631110357,56144574,ABOM-135504010
ABOM-135550010,152.594424,-31.421143,0.3961428427243324,56143879,ABOM-135550010
ABOM-135639010,152.740568,-31.331505,0.19663165717560926,56143002,ABOM-135639010
ABOM-135917010,152.079340772,-31.77346271,0.3513045515524022,56141716,ABOM-135837010
ABOM-132130010,153.055426996,-28.864029998,0.19118112751606836,56104609,ABOM-132130010
ABOM-135749010,152.530302,-31.484857,0.5613365434034657,56145760,ABOM-135749010
ABOM-181980010,152.798525358,-28.623104789,0.01,56108910,ABOM-132130010
ABOM-132086010,153.412584997,-28.641291998,0.3134825801608289,56113155,ABOM-132389010
ABOM-134812010,152.027034,-30.475658,0.42610695646424196,56125914,ABOM-134767010
ABOM-135459010,152.638968,-31.725315,0.392405027147316,56151395,ABOM-135459010
ABOM-135684010,152.242533301,-31.368346896,0.6865782333079844,56144006,ABOM-135379010
ABOM-104474010,116.463426139,-31.549236379,0.17234266235726678,56139251,ABOM-106786010
ABOM-131931010,153.292161113,-28.433980556,0.3723407579005705,56109284,ABOM-131970010
ABOM-132456010,152.999441913,-29.109964251,0.688078786135602,56126204,ABOM-132456010
ABOM-136092010,151.3154,-31.5795,0.3664576397667163,56145381,ABOM-135837010
ABOM-131970010,153.334927005,-28.413522004,0.01462141785198827,56108224,ABOM-131970010
ABOM-132389010,153.362272002,-28.721534998,0.21017975649874157,56107334,ABOM-132389010
ABOM-134632010,152.1634,-30.5885,0.6551835945600547,56132383,ABOM-134767010
ABOM-188057010,151.716155374,-31.51625275,0.01,56144477,ABOM-135837010
ABOM-140868010,150.195247,-33.760586,0.9475039461809754,56156208,ABOM-565092010
ABOM-137928010,150.9976,-32.0103,0.2801370645867351,56142267,ABOM-138161010
ABOM-138556010,150.9236,-32.4892,0.5614403879005224,56140828,ABOM-138161010
ABOM-139733010,151.584259,-32.5165844,0.8342898399451036,56142325,ABOM-138430010
ABOM-140481010,151.2748169,-33.2186734,0.1442559877971415,56158113,ABOM-140551010
ABOM-140731010,150.2806,-33.121,0.7261725513464095,56155005,ABOM-573721010
ABOM-139454010,151.1377442,-32.563805,0.2981356193219474,56139717,ABOM-138161010
ABOM-188749010,151.899184136,-31.771374415,0.20149610901957873,56141302,ABOM-135837010
ABOM-136721010,152.2609,-32.1609,0.2931368529763909,56145886,ABOM-136721010
ABOM-136854010,150.8879683,-32.2578541,0.20032071981817975,56141096,ABOM-138161010
ABOM-136388010,151.913948225,-31.796571623,0.9520318859165368,56142693,ABOM-135837010
ABOM-137221010,151.0486,-32.1515,0.36966257363886496,56143840,ABOM-138161010
ABOM-138430010,151.592,-32.5445,0.13042240429146365,56141522,ABOM-138430010
ABOM-18985010,146.14267,-18.63275,0.7370773460808117,56017795,ABOM-18985010
ABOM-44667010,148.94847222,-22.33591667,0.142330448327538,56045575,ABOM-299164010
ABOM-30244010,151.54605022,-26.1816336,0.33895436330425643,56084463,ABOM-300733010
ABOM-30822010,152.36843843,-25.26655416,0.20652380049988056,56088493,ABOM-30822010
ABOM-33009010,152.28565833,-26.97710556,0.91503415443123,56081612,ABOM-381956010
ABOM-28689010,151.65494437,-25.54471212,0.4542362778421696,56081830,ABOM-300733010
ABOM-31916010,152.72216203,-25.82033498,0.847690333216342,56086235,ABOM-31916010
ABOM-43531010,144.77766,-16.1076,0.37363011454818723,56009976,ABOM-43281010
ABOM-36153010,153.310037,-27.999981,0.5134764562900564,56108019,ABOM-36153010
ABOM-39972010,150.60433333,-26.74205833,0.9346044015147452,56084474,ABOM-213983010
ABOM-40544010,152.14154167,-28.37139167,0.04124564649207196,56106459,ABOM-213983010
ABOM-42626010,143.579025,-18.30641388,0.7940997397583608,56019584,ABOM-42564010
ABOM-39415010,149.78656667,-27.08551667,0.7120564803485371,56101704,ABOM-213983010
ABOM-38264010,147.75236667,-28.93765,0.6937726855366101,56110507,ABOM-213983010
ABOM-39100010,151.2032948,-27.5336733,0.25781091157759256,56104104,ABOM-213983010
ABOM-43458010,144.889665,-16.563052,0.9718170964722808,56008878,ABOM-43281010
ABOM-37005010,149.10819722,-28.82381667,0.8340504984495729,56104443,ABOM-213983010
ABOM-37978010,148.563584,-28.06135,0.23749117738898307,56101461,ABOM-213983010
ABOM-42814010,142.71094776,-17.63496433,0.38141303381969105,56017190,ABOM-42564010
ABOM-43797010,144.28870277,-16.9823,0.35709196173472413,56007803,ABOM-43281010
ABOM-42689010,144.09585277,-18.50016111,0.10225054484674037,56017244,ABOM-42564010
ABOM-43611010,143.037831488,-16.040336768,0.8620515086684043,56008497,ABOM-43281010
ABOM-455849010,144.97588889,-15.75944444,0.21581594080421362,56009407,ABOM-15984010
ABOM-24913010,148.4726667,-23.48155556,0.7517186053424206,56062584,ABOM-299164010
ABOM-17195010,145.51268,-17.33747,0.18112138656327617,56021975,ABOM-16682010
ABOM-22563010,148.573,-20.65255556,0.12237457792223375,56033510,ABOM-22563010
ABOM-18636010,145.94247222,-17.99213889,0.8907743105219933,56018508,ABOM-18636010
ABOM-20658010,146.361203,-19.371448,0.28679809488094926,56033937,ABOM-20479010
ABOM-25317010,149.975,-24.83211111,0.16073726783411044,56062715,ABOM-299164010
ABOM-16161010,145.208518,-15.687795,0.8993716176082049,56010808,ABOM-16161010
ABOM-22230010,147.8407222,-19.93333333,0.5325883913477664,56033824,ABOM-22230010
ABOM-23710010,150.66594444,-22.835,0.6494889941366843,56050654,ABOM-23710010
ABOM-16583010,145.371299,-16.453532,0.9520915643570522,56013357,ABOM-16583010
ABOM-20782010,145.42184,-19.16472,0.8153009687410018,56029037,ABOM-20479010
ABOM-23953010,150.10713889,-23.08897222,0.36139454558004414,56062127,ABOM-299164010
ABOM-16259010,145.281892,-16.179607,0.34095972573618066,56009202,ABOM-16259010
ABOM-18242010,145.86255,-17.54088333,0.5890279575797923,56027091,ABOM-18117010
ABOM-18744010,145.65025434,-17.77259587,0.01,56019550,ABOM-18636010
ABOM-81270010,115.97229235,-34.578668999,0.7737350134558382,56159767,ABOM-81270010
ABOM-100288010,115.878080775,-32.633517186,0.22594113237001257,56139495,ABOM-100288010
ABOM-90154010,115.022025955,-33.796042733,0.67743783333775,56158753,ABOM-90154010
ABOM-104348010,116.772392188,-31.891784641,0.01,56139328,ABOM-106786010
ABOM-122989010,119.249026815,-20.311405823,0.4603669222931402,56029283,ABOM-122989010
ABOM-117757010,115.161040528,-28.554514538,0.25093476384332236,56104122,ABOM-117757010
ABOM-83385010,116.964367909,-33.493060928,0.424268245852712,56155138,ABOM-83673010
ABOM-143123010,149.6481,-36.6658,0.4522821999974038,56165725,ABOM-143527010
ABOM-142907010,149.5103,-36.2646,0.6862807901545773,56167087,ABOM-143054010
ABOM-142240010,149.73681,-35.341431,0.6648145501337271,56165016,ABOM-562533010
ABOM-142856010,150.005426,-35.908408,0.34167880237258325,56164840,ABOM-142856010
ABOM-142723010,150.0354,-35.7125,0.5852606021538888,56166071,ABOM-142723010
ABOM-142946010,149.7616,-36.1959,0.20768743567733994,56165116,ABOM-143054010
ABOM-83088010,116.314064952,-33.980001172,0.9257019607929773,56154563,ABOM-83673010
ABOM-142465010,150.587,-34.8398,0.4129722685360826,56159289,ABOM-142465010
ABOM-113129010,115.593993291,-31.264691318,0.7372379964322888,56139313,ABOM-113129010
ABOM-145466010,148.02585,-36.1691,0.3295014558573515,56164837,ABOM-213983010
ABOM-143936010,149.0937,-36.9954,0.02262583597847794,56164477,ABOM-276586010
ABOM-144437010,148.008763609,-35.802312089,0.3428910914859055,56165826,ABOM-213983010
ABOM-144060010,148.9325,-36.8396,0.49344525473351714,56164127,ABOM-276586010
ABOM-124225010,126.051130482,-16.870189764,0.06216121603219425,56008698,ABOM-123864010
ABOM-144772010,147.69240556,-35.89431944,0.139580786973788,56165573,ABOM-213983010
ABOM-143805010,149.6593,-37.0715,0.5463710722586828,56168827,ABOM-143805010
ABOM-183710010,148.02729167,-35.94329167,0.6761081722636839,56165361,ABOM-213983010
ABOM-117487010,115.677899526,-28.183314119,0.09451215473584941,56104442,ABOM-117757010
ABOM-144195010,149.2395,-36.9099,0.3133365243928546,56165232,ABOM-276586010
ABOM-144674010,148.0519,-36.3192,0.414308221850353,56164932,ABOM-213983010
ABOM-143998010,149.0345,-36.9045,0.8260010566497459,56164151,ABOM-276586010
ABOM-127847010,128.854605727,-17.372616925,0.22355653820418275,56017848,ABOM-128547010
ABOM-189366010,149.7138,-37.3704,0.9878198759350062,56169492,ABOM-189366010
ABOM-188181010,148.0999,-35.9256,0.11721415806581036,56165694,ABOM-213983010
ABOM-189306010,149.8272,-36.5342,0.9797585166640834,56165481,ABOM-189346010
ABOM-189161010,150.8062,-34.6441,0.6321295053168425,56159670,ABOM-189161010
ABOM-107074010,116.117822467,-31.674392113,0.8725613489375826,56141559,ABOM-106786010
ABOM-90507010,115.35872,-33.68384,0.6358066207580885,56157709,ABOM-90507010
ABOM-119883010,114.546902718,-27.856671801,0.3037411158065141,56101923,ABOM-119883010
ABOM-136468010,152.338538413,-31.871768229,0.7481598179229921,56142979,ABOM-136468010
ABOM-136935010,151.028148363,-32.569009275,0.48232211562166954,56139719,ABOM-138161010
ABOM-137158010,151.6873,-32.3187,0.6530818393219056,56143638,ABOM-137113010
ABOM-139249010,151.0489823,-32.5310159,0.6174857678253606,56140801,ABOM-138161010
ABOM-182805010,151.1708609,-32.5601496,0.3954547294852762,56139714,ABOM-138161010
ABOM-140346010,151.3595891,-33.2703547,0.8321336753368519,56158113,ABOM-140551010
ABOM-140641010,150.0951,-33.5343,0.7524184883179507,56157398,ABOM-565092010
ABOM-140929010,150.761844,-33.7694,0.5434040877418453,56157866,ABOM-447631010
ABOM-136769010,151.9,-32.2729,0.9449295729429086,56144060,ABOM-182775010
ABOM-202380010,151.735275833,-31.640595883,0.39803438779791794,56142524,ABOM-135837010
ABOM-127802010,129.092385755,-17.176766952,0.4093446347960364,56017108,ABOM-128547010
ABOM-182880010,151.020716738,-32.651214823,0.47825787233481465,56139727,ABOM-138161010
ABOM-182605010,152.097373861,-31.896573532,0.7729862504794137,56141779,ABOM-135837010
ABOM-182775010,151.9575072,-32.4771417,0.7923957268917197,56142115,ABOM-182775010
ABOM-128547010,128.693028788,-15.569554206,0.43669637196883726,56007609,ABOM-128547010
ABOM-183235010,151.0491,-32.4849,0.7687259968557013,56140807,ABOM-138161010
ABOM-182900010,151.1104,-32.0018,0.19901535200351433,56141867,ABOM-138161010
ABOM-188074010,151.506,-31.6583,0.07380286426419368,56142442,ABOM-135837010
ABOM-188894010,151.2153,-31.9157,0.30473253673636225,56142584,ABOM-138161010
ABOM-182930010,151.14958894,-32.45110108,0.33950574368025277,56143043,ABOM-138161010
ABOM-182692010,151.959220318,-32.003366011,0.9427260247863679,56143451,ABOM-135837010
ABOM-182860010,150.3201,-32.4166,0.0729804226123764,56141024,ABOM-138161010
ABOM-188094010,151.240554836,-32.363609216,0.2822997371252974,56144095,ABOM-138161010
ABOM-188134010,151.60561586,-32.24549674,0.6450154978242683,56149673,ABOM-137113010
ABOM-85385010,115.769094946,-33.974277114,0.72621300226001,56154550,ABOM-83673010
ABOM-112546010,115.818958252,-30.98234383,0.6160867762895383,56121683,ABOM-113129010
ABOM-117806010,115.411843142,-29.079080581,0.09097460903000162,56122176,ABOM-117806010
ABOM-83592010,115.69145797,-33.943481936,0.6985436021967365,56157603,ABOM-83673010
ABOM-123639010,124.493109912,-18.186445165,0.03000317289572036,56016562,ABOM-123864010
ABOM-124496010,125.426974008,-17.008417135,0.014705641176105256,56007807,ABOM-124496010
ABOM-106786010,116.068534807,-31.750518614,0.1808247850451088,56139243,ABOM-106786010
ABOM-82501010,115.302173485,-34.276073369,0.382765462176084,56156802,ABOM-82501010
ABOM-83817010,115.200437249,-34.088717823,0.5622536721915723,56158245,ABOM-83817010
ABOM-106318010,116.116426797,-31.73370937,0.3832689452126283,56143134,ABOM-106786010
ABOM-120523010,115.066954421,-25.045567914,0.15818628603818782,56081310,ABOM-120523010
ABOM-123774010,124.839739778,-18.508426928,0.7109117890851121,56016582,ABOM-123864010
ABOM-155734010,148.4181,-33.5739,0.4695443002131398,56155588,ABOM-213983010
ABOM-156049010,145.2488,-33.6544,0.16635314327607462,56154725,ABOM-213983010
ABOM-151480010,146.7844,-34.9274,0.9142873266666747,56159169,ABOM-213983010
ABOM-153318010,145.77312271,-35.14838977,0.09650593066181966,56164113,ABOM-213983010
ABOM-153784010,147.185,-35.6855,0.046982692933679036,56165132,ABOM-213983010
ABOM-151723010,148.19077,-35.484889,0.3072903413871158,56166198,ABOM-213983010
ABOM-154009010,148.1952,-35.1931,0.04449929362996806,56164782,ABOM-213983010
ABOM-156297010,144.9208,-33.7411,0.3304757465523307,56155953,ABOM-213983010
ABOM-185186010,148.7931,-34.8633,0.04016236143949329,56154878,ABOM-213983010
ABOM-151209010,148.7327,-35.4192,0.11148887952112897,56165444,ABOM-213983010
ABOM-151893010,144.8165,-35.2123,0.910786557374621,56164068,ABOM-213983010
ABOM-153541010,146.8462,-35.717,0.8462468376576114,56164867,ABOM-213983010
ABOM-155164010,148.44379,-33.37597,0.8439955973869339,56156225,ABOM-213983010
ABOM-155911010,148.935836,-33.982508,0.7207277903737109,56155651,ABOM-213983010
ABOM-153399010,145.974548,-35.321968,0.7999819947395336,56164283,ABOM-213983010
ABOM-150912010,148.2478,-35.3886,0.4781774366788545,56164931,ABOM-213983010
ABOM-155083010,148.811316,-34.14253,0.15130770759251477,56156017,ABOM-213983010
ABOM-155660010,148.8481,-33.58,0.8512455270078915,56156196,ABOM-213983010
ABOM-155842010,149.596721,-34.113897,0.19999693833965537,56156441,ABOM-213983010
ABOM-157699010,150.8995,-29.2626,0.4001545591825398,56123544,ABOM-213983010
ABOM-186069010,148.9848,-28.9762,0.21992225973375906,56120979,ABOM-213983010
ABOM-186088010,151.274,-28.9861,0.01,56101900,ABOM-213983010
ABOM-185056010,144.4464,-35.0442,0.07376459940072948,56163891,ABOM-213983010
ABOM-156909010,146.2392,-33.1859,0.1627011110421567,56155214,ABOM-213983010
ABOM-190153010,148.67527778,-33.57694444,0.20782726019864983,56155955,ABOM-213983010
ABOM-185464010,145.87524,-33.348326,0.6949248362599423,56154733,ABOM-213983010
ABOM-157559010,150.3615,-28.5916,0.23084925876134665,56101834,ABOM-213983010
ABOM-185515010,145.9027,-33.3824,0.99,56155964,ABOM-213983010
ABOM-157606010,151.7246,-29.0312,0.3908697275985182,56102101,ABOM-213983010
ABOM-188259010,148.550879079,-34.90940783,0.3937002105503568,56154749,ABOM-213983010
ABOM-185958010,147.0971,-33.101,0.8686338411953503,56155606,ABOM-213983010
ABOM-159231010,151.1777,-29.5115,0.10059004893617642,56125304,ABOM-213983010
ABOM-159799010,151.18789444,-30.228725,0.8143899554433446,56126495,ABOM-213983010
ABOM-160503010,148.9023,-29.4773,0.4999767128945634,56123299,ABOM-213983010
ABOM-160752010,148.9592,-29.6352,0.4892247082007942,56123512,ABOM-213983010
ABOM-160821010,149.4525766,-29.27137023,0.7917935116303186,56123147,ABOM-213983010
ABOM-162203010,149.98451,-30.76198,0.01,56121255,ABOM-213983010
ABOM-157978010,151.09448,-29.35319,0.42368408145458836,56124577,ABOM-213983010
ABOM-158485010,149.8747,-28.6078,0.0784369587671674,56101816,ABOM-213983010
ABOM-186963010,150.68936944,-30.58572778,0.9038712162640468,56124567,ABOM-213983010
ABOM-207480010,145.359621,-30.317491,0.3122663043299188,56120864,ABOM-213983010
ABOM-161026010,149.7764,-29.3228,0.02532146287504009,56124886,ABOM-213983010
ABOM-162677010,148.38811111,-29.92115556,0.6325670139607119,56123687,ABOM-213983010
ABOM-170460010,145.66947848,-30.2542883,0.11120049559346501,56120818,ABOM-213983010
ABOM-164090010,150.923308,-31.181543,0.4539382328947873,56143213,ABOM-213983010
ABOM-203160010,149.64059989,-28.80041344,0.6037048074757616,56102543,ABOM-213983010
ABOM-159295010,149.35817975,-29.05741207,0.615816437632056,56121399,ABOM-213983010
ABOM-160661010,149.3047,-29.7301,0.23558212246824287,56123878,ABOM-213983010
ABOM-161378010,150.77846944,-30.67861667,0.3304240586334374,56122338,ABOM-213983010
ABOM-161842010,149.945838888,-30.452122222,0.4290935748513005,56121111,ABOM-213983010
ABOM-162004010,148.38765,-30.141716666,0.22310699117909308,56121081,ABOM-213983010
ABOM-162260010,149.885184,-31.347831,0.15988539036014351,56142677,ABOM-213983010
ABOM-162458010,149.680372222,-30.255661111,0.7115884737890751,56121095,ABOM-213983010
ABOM-170559010,145.75631799,-30.18816215,0.8343968838360469,56120821,ABOM-213983010
ABOM-160566010,149.4785,-29.6942,0.827678707998425,56124535,ABOM-213983010
ABOM-161448010,150.4961,-30.8912,0.4820042368210032,56122284,ABOM-213983010
ABOM-161830010,150.71728333,-30.75158333,0.5787298063744977,56122320,ABOM-213983010
ABOM-163964010,149.1063,-30.301566666,0.5621270922128425,56121086,ABOM-213983010
ABOM-159411010,149.8435,-29.470091,0.39920682618335623,56125556,ABOM-213983010
ABOM-161777010,148.820816666,-30.273516666,0.01,56121083,ABOM-213983010
ABOM-169509010,145.936761,-30.087894,0.7473505489091613,56120825,ABOM-213983010
ABOM-169608010,142.5678,-33.3864,0.4253227634044756,56154437,ABOM-213983010
ABOM-170227010,142.09303041,-32.717666029,0.020717174482889622,56140914,ABOM-213983010
ABOM-158530010,149.388,-28.6961,0.47942272083070286,56101784,ABOM-213983010
ABOM-159693010,151.36369722,-30.46740556,0.18993841216024956,56125233,ABOM-213983010
ABOM-160042010,149.883,-29.4147,0.5889203494018447,56123150,ABOM-213983010
ABOM-160982010,149.315,-29.5888,0.1469768725528037,56123562,ABOM-213983010
ABOM-161626010,151.066538,-31.182158,0.8554582828995705,56142312,ABOM-213983010
ABOM-161696010,151.12621,-31.060355,0.11950367451689121,56139464,ABOM-213983010
ABOM-163136010,149.337716666,-30.28545,0.99,56121092,ABOM-213983010
ABOM-163564010,150.333777,-31.035111,0.672375562272174,56140442,ABOM-213983010
ABOM-163779010,148.743533333,-29.91035,0.8281498510559773,56124253,ABOM-213983010
ABOM-158093010,149.1599,-29.0488,0.4851258537727394,56121283,ABOM-213983010
ABOM-159892010,150.90760556,-29.912275,0.7950343055422132,56123494,ABOM-213983010
ABOM-160936010,149.2685,-29.2233,0.26849265340612793,56123144,ABOM-213983010
ABOM-161538010,151.34717,-30.96569,0.3787795621243355,56122814,ABOM-213983010
ABOM-161905010,150.938925,-31.100756,0.7486380589541212,56139459,ABOM-213983010
ABOM-186273010,151.06505833,-30.17075556,0.42353929931377843,56123799,ABOM-213983010
ABOM-190554010,151.212,-29.4056,0.44768454627700754,56123631,ABOM-213983010
ABOM-167774010,149.490342,-33.157565,0.09981453216288155,56155679,ABOM-213983010
ABOM-167988010,148.06075,-30.015316666,0.6976349008731761,56120923,ABOM-213983010
ABOM-186773010,149.78116667,-30.32706111,0.752279333015834,56121098,ABOM-213983010
ABOM-191031010,148.55217925,-32.70573141,0.6256986713142165,56140327,ABOM-213983010
ABOM-166788010,147.518781,-30.85317,0.6281117331342841,56121664,ABOM-213983010
ABOM-186318010,150.62836389,-29.89378889,0.19805974606003893,56123300,ABOM-213983010
ABOM-186338010,150.3666,-29.5819,0.4336912466652055,56123194,ABOM-213983010
ABOM-186643010,149.3736,-29.3627,0.24040885105933493,56127183,ABOM-213983010
ABOM-188319010,149.93283376,-29.37344086,0.3331249580823327,56127447,ABOM-213983010
ABOM-190901010,151.129572,-31.222419,0.6950147776384116,56142907,ABOM-213983010
ABOM-164397010,148.956716666,-30.607816666,0.21782902901638534,56122114,ABOM-213983010
ABOM-186233010,148.9878,-29.1274,0.43823003786534387,56121263,ABOM-213983010
ABOM-166178010,149.754571,-32.708827,0.21931916020959757,56141684,ABOM-213983010
ABOM-167038010,147.5149,-30.8072,0.21917947743053204,56121651,ABOM-213983010
ABOM-168398010,146.6179,-29.6068,0.4974394537005915,56120842,ABOM-213983010
ABOM-168632010,146.923625,-29.24324167,0.27391118614042625,56120849,ABOM-213983010
ABOM-187388010,148.949181,-32.678439,0.3249460911695448,56139892,ABOM-213983010
ABOM-187929010,145.69570623,-30.2326801,0.9345328583296396,56120820,ABOM-213983010
ABOM-167123010,149.6418,-32.6204,0.8133706511856665,56141482,ABOM-213983010
ABOM-168506010,147.313464,-29.029613,0.8233671857705477,56120853,ABOM-213983010
ABOM-165671010,147.5693,-31.1175,0.8777797087225141,56139800,ABOM-213983010
ABOM-187729010,148.576104,-29.547141,0.947655538036466,56120946,ABOM-213983010
ABOM-190955010,147.5696,-30.4347,0.17235052915524374,56121588,ABOM-213983010
ABOM-191051010,148.9509,-33.0309,0.27334836878227714,56139985,ABOM-213983010
ABOM-166635010,147.505626,-30.897356,0.12684228059193323,56128733,ABOM-213983010
ABOM-166680010,147.571438,-30.889462,0.46421590137412916,56122760,ABOM-213983010
ABOM-167346010,147.053881,-30.854841,0.584451141222622,56122594,ABOM-213983010
ABOM-168353010,146.9512,-29.5007,0.09223131928544757,56123959,ABOM-213983010
ABOM-186858010,150.460008,-31.273115,0.7746653528870896,56141571,ABOM-213983010
ABOM-187553010,149.0666,-32.091575,0.889369329494336,56140995,ABOM-213983010
ABOM-191201010,149.268093,-33.015681,0.6276520721022782,56140123,ABOM-213983010
ABOM-164153010,150.485731,-31.409413,0.5253945109771178,56142243,ABOM-213983010
ABOM-164280010,149.90488377,-31.08718994,0.5853965111703693,56141736,ABOM-213983010
ABOM-164583010,148.591783333,-30.2606,0.5491906261159161,56121083,ABOM-213983010
ABOM-164901010,149.310497,-31.41996,0.01,56142319,ABOM-213983010
ABOM-186813010,150.70328611,-30.70678611,0.6727409416625887,56124062,ABOM-213983010
ABOM-190727010,150.055181,-30.669696,0.9736433754428357,56121120,ABOM-213983010
ABOM-165734010,146.897633,-30.34731,0.4409768181108442,56122333,ABOM-213983010
ABOM-166743010,147.508341,-31.013499,0.8686621311519295,56139799,ABOM-213983010
ABOM-186383010,150.35439722,-29.83385833,0.8487028600121719,56124483,ABOM-213983010
ABOM-187113010,150.965801,-31.133637,0.7798046202811703,56141941,ABOM-213983010
ABOM-190978010,149.690157,-33.080268,0.40778664932115194,56156258,ABOM-213983010
ABOM-191258010,146.514959,-29.772359,0.46432555018918065,56120838,ABOM-213983010
ABOM-95017010,115.799595971,-33.299205484,0.9527275744383966,56155923,ABOM-95017010
ABOM-94675010,116.163558244,-33.387134013,0.6855502129530272,56156776,ABOM-95017010
ABOM-91917010,115.734021971,-33.479005477,0.23847029446851947,56156449,ABOM-91917010
ABOM-102903010,116.428563078,-32.994466065,0.7173714021721572,56139789,ABOM-100288010
ABOM-92884010,116.263221358,-33.330238919,0.08601604693723508,56156626,ABOM-95017010
ABOM-97444010,116.084317234,-32.772164245,0.04668543530617729,56139504,ABOM-100288010
ABOM-105032010,117.141963243,-32.247625727,0.19849521677690174,56139340,ABOM-106786010
ABOM-105239010,116.671899124,-31.647292433,0.9704637337209097,56139324,ABOM-106786010
ABOM-104537010,116.835703102,-32.116840446,0.5423028536223521,56142259,ABOM-106786010
ABOM-104414010,116.929948398,-32.107725465,0.33310564229921474,56139333,ABOM-106786010
ABOM-102984010,116.397903918,-32.865404469,0.6253509120786166,56141130,ABOM-100288010
ABOM-74969010,118.6641433,-34.335569793,0.99,56155752,ABOM-74969010
ABOM-85446010,116.401121772,-33.835332813,0.9782809356980622,56154566,ABOM-83673010
ABOM-121206010,116.916833038,-21.556058645,0.12107164221202844,56043752,ABOM-121206010
ABOM-117406010,114.670823537,-28.763496209,0.40772081691045303,56105108,ABOM-117406010
ABOM-123999010,126.027836926,-17.672160505,0.6986806748609237,56016636,ABOM-123864010
ABOM-121521010,119.234587186,-22.883339678,0.1371638914771494,56044742,ABOM-121206010
ABOM-127982010,128.29013,-16.18705,0.5760060897440193,56009102,ABOM-128547010
ABOM-83673010,115.29264654,-34.090899787,0.40782509724105265,56154540,ABOM-83673010
ABOM-58113010,147.33119,-41.104226,0.01,56171766,ABOM-58113010
ABOM-58580010,148.076619,-42.045958,0.6541934637940701,56171670,ABOM-58580010
ABOM-58850010,148.217192,-41.291234,0.7253812912011518,56171639,ABOM-58850010
ABOM-59837010,147.410419,-41.602595,0.09649224818731218,56171683,ABOM-56026010
ABOM-59916010,147.867414,-41.126091,0.9671963450908275,56171667,ABOM-59916010
ABOM-58661010,147.832217,-42.556119,0.4470912273470597,56171645,ABOM-58661010
ABOM-58949010,148.1793,-41.445808,0.2560300784669744,56171777,ABOM-58949010
ABOM-59451010,148.21736,-41.046377,0.9597234725878214,56171736,ABOM-59451010
ABOM-60689010,146.350489,-41.534208,0.01,56171879,ABOM-61044010
ABOM-78217010,117.035344965,-34.62267939,0.13224420466150746,56156344,ABOM-78504010
ABOM-78504010,117.08743149,-34.888831628,0.025066072247386502,56155887,ABOM-78504010
ABOM-78933010,116.788530261,-34.906173138,0.37669253989325185,56158957,ABOM-78933010
ABOM-79380010,116.376236626,-34.763686652,0.7315987854131235,56157003,ABOM-79380010
ABOM-76585010,117.478320965,-34.9108266,0.4105349125694514,56156371,ABOM-76585010
ABOM-77269010,117.361509941,-34.946199852,0.922328550304247,56156423,ABOM-77269010
ABOM-79464010,116.187782131,-34.748679416,0.014151195810251488,56157257,ABOM-79464010
ABOM-524472010,115.819127999,-33.255694533,0.7840519027574884,56157839,ABOM-524472010
ABOM-91619010,115.704075145,-33.648878018,0.012261826888510978,56157353,ABOM-90352010
ABOM-79572010,116.277736655,-34.369387732,0.513787169306077,56155813,ABOM-81373010
ABOM-90550010,115.194882279,-33.680996399,0.47575099193334036,56157750,ABOM-90550010
ABOM-79824010,116.678962084,-34.250251043,0.47510158182034135,56156315,ABOM-81373010
ABOM-75120010,117.999984666,-34.886094465,0.9014551018923862,56155969,ABOM-75120010
ABOM-82216010,115.784605788,-34.327158999,0.7919608716010861,56156163,ABOM-82216010
ABOM-81373010,115.899451512,-34.521683459,0.4918671779646126,56155660,ABOM-81373010
ABOM-83925010,115.619119911,-34.071494453,0.02685420140766364,56154546,ABOM-83673010
ABOM-89519010,115.054894237,-33.942192111,0.8658844786669334,56156663,ABOM-89519010
ABOM-83268010,116.939253263,-33.368461688,0.5249340368162639,56154582,ABOM-83673010
ABOM-84960010,115.519605752,-34.104666003,0.23864723837683924,56154543,ABOM-83673010
ABOM-84897010,116.133761472,-33.967356018,0.99,56154560,ABOM-83673010
ABOM-17114010,145.44313889,-16.84172222,0.8730194348001612,56007788,ABOM-16682010
ABOM-20720010,145.54029919,-19.681297,0.9884742425028165,56031267,ABOM-20479010
ABOM-21379010,147.88185,-20.75245056,0.24582562663149582,56029135,ABOM-20479010
ABOM-23101010,148.6353722,-21.1120083,0.4878981921501835,56061658,ABOM-23370010
ABOM-24392010,148.60525,-23.54352778,0.8823256977868164,56062250,ABOM-299164010
ABOM-15573010,143.050145,-12.657785,0.2803525584826176,56000388,ABOM-15573010
ABOM-27791010,148.69368933,-24.84193056,0.596424473415158,56062721,ABOM-299164010
ABOM-29276010,151.13066215,-25.12890304,0.8413917907720325,56082080,ABOM-300733010
ABOM-34197010,152.517,-27.4536,0.20909199916182586,56104899,ABOM-381956010
ABOM-34466010,152.38899722,-27.55316389,0.3660009899543193,56106382,ABOM-381956010
ABOM-31256010,152.60080134,-26.16946476,0.712602522263504,56084329,ABOM-31459010
ABOM-33091010,152.1377,-26.7395,0.16702699566122756,56082822,ABOM-381956010
ABOM-54710010,145.11913,-40.871694,0.7802908531144543,56171327,ABOM-54710010
ABOM-60507010,146.537095,-41.589049,0.7189000802820099,56172279,ABOM-62191010
ABOM-31369010,152.21916168,-26.07941476,0.459876715925606,56087699,ABOM-31459010
ABOM-26879010,149.80944444,-24.35661111,0.3095077018421149,56062597,ABOM-299164010
ABOM-44687010,148.78657,-21.76938,0.31963615369867227,56047735,ABOM-299164010
ABOM-25868010,150.35794,-23.76571,0.2203241394505861,56067986,ABOM-299164010
ABOM-29681010,151.27377152,-25.21434014,0.030763459871256987,56086761,ABOM-300733010
ABOM-44884010,153.04264951,-26.0571685,0.19569161185202832,56096280,ABOM-44884010
ABOM-32506010,153.00411,-26.877529,0.6332435508255732,56092048,ABOM-32506010
ABOM-58770010,148.23685,-41.938907,0.5951881883237483,56172222,ABOM-58770010
ABOM-30678010,152.24045584,-25.08624773,0.6828123718404597,56085772,ABOM-30741010
ABOM-31682010,152.70463554,-26.62740743,0.2828168370644827,56087936,ABOM-31459010
ABOM-25510010,149.82191,-24.08827,0.30101836601582166,56062564,ABOM-299164010
ABOM-55549010,146.31441,-41.19127,0.16796900257946976,56172385,ABOM-55549010
ABOM-61223010,145.950941,-43.140645,0.8141592662999019,56172502,ABOM-61223010
ABOM-28501010,151.58717235,-24.75334711,0.04982734690681201,56066686,ABOM-28501010
ABOM-31826010,152.64468913,-26.38988703,0.7284321967387157,56094288,ABOM-31459010
ABOM-30741010,152.3915743,-25.15343652,0.4385455083295997,56085039,ABOM-30741010
ABOM-32910010,152.405221,-26.98946,0.049980784577009864,56102103,ABOM-381956010
ABOM-61564010,147.002794,-42.378888,0.5757467871008263,56171592,ABOM-306003010
ABOM-62191010,146.906065,-41.486929,0.7735710848389168,56171579,ABOM-62191010
ABOM-61929010,146.96553,-43.334091,0.2783575157496633,56172538,ABOM-61929010
ABOM-62028010,147.39067,-41.494416,0.5850654806708526,56171691,ABOM-62028010
ABOM-52305010,135.757672,-16.778216,0.06564082609880065,56007759,ABOM-12049010
ABOM-587407010,146.92786,-43.000167,0.03536477230298813,56172499,ABOM-587407010
ABOM-52198010,130.753426,-16.525911,0.5773274063168333,56007840,ABOM-7095010
ABOM-52136010,131.106024,-16.357311,0.13396805443234994,56007585,ABOM-7095010
ABOM-42564010,141.7674843,-17.1682454,0.5977750557758349,56017046,ABOM-42564010
ABOM-54629010,145.29714,-40.871748,0.5257062172823294,56171338,ABOM-54629010
ABOM-55628010,147.002918,-41.534762,0.8697664277819588,56171754,ABOM-56250010
ABOM-56026010,147.20409,-41.59713,0.4726161768047626,56171463,ABOM-56026010
ABOM-53981010,147.735094,-41.17256,0.7767832386387047,56171798,ABOM-59916010
ABOM-54062010,144.93201,-40.783804,0.08547710973603131,56171343,ABOM-54062010
ABOM-54809010,145.6096,-40.967823,0.7227653826185411,56171334,ABOM-54809010
ABOM-54584010,145.83739,-41.057725,0.24983212119234674,56171721,ABOM-54584010
ABOM-56511010,147.603044,-42.180479,0.7253392949057712,56171647,ABOM-306084010
ABOM-57630010,148.0569,-41.5945,0.5341942983357039,56171901,ABOM-56026010
ABOM-57810010,147.612326,-41.112428,0.5303311594168801,56171760,ABOM-57810010
ABOM-55187010,144.75564,-40.777803,0.2970771148528338,56171361,ABOM-55187010
ABOM-34071010,152.530819,-27.420143,0.01238874587743249,56104750,ABOM-381956010
ABOM-58033010,147.114269,-41.067106,0.7963927289697039,56171710,ABOM-58033010
ABOM-57273010,147.729896,-41.787417,0.730787205150637,56171610,ABOM-56026010
ABOM-57389010,147.390251,-41.9114,0.3420489321823554,56171533,ABOM-306084010
ABOM-56250010,146.951593,-41.634201,0.3186728939041099,56171754,ABOM-56250010
ABOM-57505010,147.424672,-41.930688,0.908435462034888,56171550,ABOM-306084010
ABOM-57711010,147.372535,-41.020991,0.8664326180865973,56171809,ABOM-57711010
ABOM-54386010,146.09059,-41.250972,0.2372719223872047,56171585,ABOM-54386010
ABOM-55744010,146.565129,-41.248269,0.2891529707436102,56171703,ABOM-55744010
ABOM-769081010,150.71647,-28.645145,0.3008529512833123,56101851,ABOM-213983010
ABOM-773672010,145.99555,-17.60762,0.013785501921171716,56018981,ABOM-773672010
ABOM-771564010,145.413093,-37.210147,0.06277737027760455,56169275,ABOM-213983010
ABOM-770872010,149.629733,-33.492427,0.8985285979899901,56155954,ABOM-213983010
ABOM-770892010,149.625045,-33.510929,0.7420247782762484,56156192,ABOM-213983010
ABOM-769139010,147.511952,-30.180189,0.3716430025905104,56120994,ABOM-213983010
ABOM-762434010,147.71955,-41.419837,0.6865817900368199,56172368,ABOM-56026010
ABOM-770937010,149.94734,-23.25347,0.1668551535918034,56062136,ABOM-299164010
ABOM-769220010,150.013020361,-23.536476148,0.24751312950359913,56062143,ABOM-299164010
ABOM-760759010,149.33419,-25.74434,0.6231992410663485,56083940,ABOM-299164010
ABOM-771584010,145.252392,-37.173143,0.6411871179259635,56169481,ABOM-213983010
ABOM-765858010,150.650406457,-34.008187515,0.12152539845398888,56156042,ABOM-565092010
ABOM-765105010,150.678735411,-34.038920585,0.24903041566849018,56156098,ABOM-565092010
ABOM-765085010,150.67920259,-34.02535118,0.7123797279694208,56156098,ABOM-565092010
ABOM-215678010,141.2622,-34.0451,0.22778199402030316,56156609,ABOM-213983010
ABOM-208982010,140.358238,-34.187308,0.2574443822519094,56154386,ABOM-213983010
ABOM-214052010,140.963743,-33.980496,0.8014153992368068,56154402,ABOM-213983010
ABOM-208797010,140.886735,-33.995881,0.6607141395960294,56154401,ABOM-213983010
ABOM-213005010,140.6498,-34.2525,0.22782465231918467,56154395,ABOM-213983010
ABOM-212543010,140.759761,-34.25953,0.4523980891011729,56155786,ABOM-213983010
ABOM-207525010,139.367,-25.9085,0.18421129145407317,56081706,ABOM-207525010
ABOM-208648010,141.596673,-34.191506,0.25799638222937904,56154410,ABOM-213983010
ABOM-209063010,139.931064,-34.07685,0.9468979689574113,56154381,ABOM-213983010
ABOM-202590010,150.8105886,-32.861096,0.635112633574535,56144263,ABOM-202590010
ABOM-191515010,145.60235183,-30.26731301,0.9192573840695794,56120818,ABOM-213983010
ABOM-169977010,142.38023,-32.43684,0.62037226887651,56139198,ABOM-213983010
ABOM-163501010,149.29605,-30.314816666,0.07684105292062683,56126198,ABOM-213983010
ABOM-149127010,146.548534012,-34.755169141,0.12426659753674725,56154667,ABOM-213983010
ABOM-159934010,150.42795278,-30.20690833,0.6011069443469188,56127915,ABOM-213983010
ABOM-144870010,148.05349444,-36.04153056,0.9864478146350797,56165109,ABOM-213983010
ABOM-147158010,144.2099,-35.5105,0.9837495275656716,56164914,ABOM-213983010
ABOM-133975010,152.686131,-29.921557,0.7799681190320409,56124216,ABOM-133163010
ABOM-134542010,152.846001,-30.648383,0.7557385899276086,56127022,ABOM-134542010
ABOM-136425010,151.950453472,-31.977439142,0.8570827693409578,56142072,ABOM-135837010
ABOM-137407010,151.2809,-31.9423,0.7165072735438606,56150181,ABOM-138161010
ABOM-138072010,150.8811,-32.1588,0.43904841664884176,56141267,ABOM-138161010
ABOM-168238010,147.0194,-29.6243,0.9595160596287912,56120877,ABOM-213983010
ABOM-186153010,151.9245,-29.2913,0.01853947407226295,56124830,ABOM-213983010
ABOM-191221010,149.13777,-33.211944,0.31865429034936965,56157807,ABOM-213983010
ABOM-182942010,150.925186611,-31.809757932,0.30772552973496375,56144482,ABOM-138161010
ABOM-151353010,146.7218,-35.6927,0.16257945438836177,56164816,ABOM-213983010
ABOM-187023010,149.436266666,-30.20315,0.8860898474792818,56121094,ABOM-213983010
ABOM-162785010,150.64986944,-30.42130556,0.30482423257233965,56125155,ABOM-213983010
ABOM-152844010,145.1206,-35.3386,0.769457542790726,56164671,ABOM-213983010
ABOM-170622010,146.3004,-29.9646,0.33189194428266927,56120832,ABOM-213983010
ABOM-155798010,149.090731,-34.397285,0.06196554543314314,56155865,ABOM-213983010
ABOM-169383010,145.40773611,-29.058825,0.9722228479922279,56122982,ABOM-213983010
ABOM-186194010,149.6727,-28.6237,0.5617900759687361,56101808,ABOM-213983010
ABOM-157744010,151.4584,-29.1155,0.873905958901633,56121067,ABOM-213983010
ABOM-155245010,148.482441,-33.583482,0.49807542173605185,56155814,ABOM-213983010
ABOM-169132010,147.448346,-29.112242,0.08767355963746827,56120888,ABOM-213983010
ABOM-191404010,145.11507479,-30.53474142,0.555104505650628,56120803,ABOM-213983010
ABOM-150086010,144.3009,-34.4776,0.7973268683302682,56154657,ABOM-213983010
ABOM-135594010,152.449589,-31.479199,0.03948745511463605,56142689,ABOM-135379010
ABOM-165608010,149.334492,-32.407854,0.9384033167633549,56141017,ABOM-213983010
ABOM-133028010,152.567500002,-28.886800004,0.08251927821921873,56103132,ABOM-133163010
ABOM-139625010,151.6665964,-32.2093495,0.7340443664248079,56149599,ABOM-137113010
ABOM-160440010,148.7241,-29.513,0.052467260653296155,56123230,ABOM-213983010
ABOM-188041010,151.7691,-31.0504,0.8105237837744438,56139792,ABOM-134767010
ABOM-188199010,145.7356,-35.3538,0.4737363654280555,56164271,ABOM-213983010
ABOM-137033010,150.1013,-32.3444,0.01,56141398,ABOM-138161010
ABOM-188014010,152.809934,-29.721692,0.4540062975127513,56123882,ABOM-188014010
ABOM-187749010,147.46643611,-30.10403611,0.01,56120905,ABOM-213983010
ABOM-154187010,148.6839,-33.833,0.22009883718749243,56155618,ABOM-213983010
ABOM-185002010,143.4917,-34.665,0.9301010126770762,56154643,ABOM-213983010
ABOM-135837010,152.311845667,-31.917050698,0.1818990187106162,56140962,ABOM-135837010
ABOM-162830010,151.170175,-31.037489,0.8495168947399635,56143265,ABOM-213983010
ABOM-188786010,151.967789796,-32.042587755,0.24450179679485418,56144273,ABOM-135837010
ABOM-183330010,151.389524,-33.328024,0.029681790191334056,56157790,ABOM-183330010
ABOM-144278010,148.8292,-36.505,0.7243735029282168,56164853,ABOM-276586010
ABOM-134387010,152.779625951,-30.426775691,0.9759225630615831,56126521,ABOM-134458010
ABOM-187626010,147.597,-30.5602,0.044221061079239746,56121601,ABOM-213983010
ABOM-190010010,145.5744,-34.8787,0.3423624665683136,56159279,ABOM-213983010
ABOM-161166010,148.68794287,-29.66582386,0.020615948066335946,56123368,ABOM-213983010
ABOM-188934010,151.5129,-32.3063,0.21426831156608184,56144418,ABOM-138430010
ABOM-187368010,148.599083,-32.269383,0.3496133992557773,56139837,ABOM-213983010
ABOM-134884010,152.2054,-30.7517,0.1839819683755402,56121371,ABOM-134767010
ABOM-157807010,150.7296,-28.7997,0.5087437402843065,56103412,ABOM-213983010
ABOM-158311010,151.4646,-29.4562,0.6358441095132316,56124044,ABOM-213983010
ABOM-185978010,144.1987,-34.248,0.8785036971172805,56154719,ABOM-213983010
ABOM-186598010,149.7793,-29.437,0.1530704595233589,56123148,ABOM-213983010
ABOM-133253010,152.10595467,-29.69308716,0.5884698816298551,56124449,ABOM-133163010
ABOM-165903010,148.091153,-31.908266,0.3265218334113703,56139804,ABOM-213983010
ABOM-186663010,149.4307,-29.3449,0.09741795224399204,56127183,ABOM-213983010
ABOM-186793010,150.528072,-30.937898,0.5024560878018757,56121151,ABOM-213983010
ABOM-136179010,152.514164229,-31.7865998,0.6630175452337017,56146028,ABOM-136179010
ABOM-137495010,151.4675608,-32.3359898,0.33308448844919075,56145403,ABOM-138430010
ABOM-158221010,151.5997,-29.0154,0.7105057099737109,56103646,ABOM-213983010
ABOM-135379010,152.471453,-31.422471,0.7533834659235804,56141918,ABOM-135379010
ABOM-138161010,151.4028427,-32.6606168,0.13163394280028906,56139701,ABOM-138161010
ABOM-169009010,147.89403841,-29.11489063,0.5254456157382331,56122552,ABOM-213983010
ABOM-184695010,143.7817,-34.3798,0.99,56154653,ABOM-213983010
ABOM-144105010,148.4045,-36.792,0.9723077636564249,56166717,ABOM-276586010
ABOM-154887010,149.020018,-34.129803,0.27399242793024925,56155713,ABOM-213983010
ABOM-140551010,151.4060752,-33.2778365,0.7561343743548427,56156951,ABOM-140551010
ABOM-149179010,148.23331308,-35.302526734,0.6364862270640675,56164834,ABOM-213983010
ABOM-167166010,149.57,-32.5086,0.11522076536749852,56141261,ABOM-213983010
ABOM-148022010,147.367593175,-35.10080647,0.5240710942852482,56163927,ABOM-213983010
ABOM-154450010,147.991050384,-33.410809038,0.691534500584233,56155554,ABOM-213983010
ABOM-159473010,149.8471,-29.4261,0.8036817033096785,56123150,ABOM-213983010
ABOM-146155010,147.02398333,-36.09927778,0.16611307929688487,56163987,ABOM-213983010
ABOM-143527010,149.7975,-36.73,0.8668735644231949,56165316,ABOM-143527010
ABOM-186108010,151.3838,-29.2179,0.3216667407868125,56124739,ABOM-213983010
ABOM-163269010,150.730125,-30.966698,0.937701999332421,56121159,ABOM-213983010
ABOM-135416010,152.33418,-31.382873,0.6088721918077257,56143794,ABOM-135379010
ABOM-155387010,145.504,-33.4873,0.970628841057023,56154729,ABOM-213983010
ABOM-154825010,147.4584,-33.2267,0.4510897020890112,56155539,ABOM-213983010
ABOM-145203010,148.0787,-36.0007,0.23653268867222177,56165129,ABOM-213983010
ABOM-139517010,151.064688439,-32.840317186,0.27334858975659543,56139741,ABOM-138161010
ABOM-155475010,144.4638,-34.2176,0.21750439011112108,56154719,ABOM-213983010
ABOM-163091010,149.06836944,-30.09100556,0.8558619730777076,56133998,ABOM-213983010
ABOM-150794010,149.351292939,-36.181473858,0.8754891593972555,56165162,ABOM-213983010
ABOM-141251010,150.930414,-33.658933,0.028286485961932346,56158838,ABOM-447541010
ABOM-186878010,151.109262,-30.6258,0.16816390226161423,56122429,ABOM-213983010
ABOM-134458010,152.8852,-30.4417,0.6134340612450342,56124932,ABOM-134458010
ABOM-187974010,144.417698,-30.936751,0.19393817047961776,56139233,ABOM-213983010
ABOM-153622010,146.8855,-35.6972,0.6380465858070619,56164892,ABOM-213983010
ABOM-160132010,150.0295,-29.4473,0.542266838807109,56123153,ABOM-213983010
ABOM-188299010,149.6991,-29.3995,0.5107739554865299,56123148,ABOM-213983010
ABOM-142377010,149.639473,-35.790125,0.2089525643668701,56165839,ABOM-562533010
ABOM-137113010,151.8043,-32.5586,0.3190333841234551,56141693,ABOM-137113010
ABOM-162875010,150.67822778,-30.64396667,0.8253556107099955,56124246,ABOM-213983010
ABOM-186898010,150.428432,-31.407282,0.42994895481035716,56141887,ABOM-213983010
ABOM-151767010,148.8323,-35.026,0.9163719888174445,56168537,ABOM-213983010
ABOM-281370010,141.5056148,-37.645127,0.9311667890081591,56168989,ABOM-281190010
ABOM-279666010,143.991733515,-38.241768775,0.6142007445609473,56169175,ABOM-279726010
ABOM-281770010,147.7035132,-36.86621971,0.7447618905089796,56165402,ABOM-213983010
ABOM-495108010,138.852326006317,-34.8217428198154,0.5835993813631596,56158188,ABOM-385123010
ABOM-280790010,142.4830797,-38.31688258,0.3986577801294763,56169197,ABOM-280790010
ABOM-280246010,143.6426602,-38.01187153,0.22135135483860113,56169200,ABOM-279726010
ABOM-385123010,138.73127198898,-34.8560653794993,0.9268766060780298,56156871,ABOM-385123010
ABOM-286858010,143.1698626,-34.71966901,0.554562019071988,56154476,ABOM-213983010
ABOM-286898010,142.4072101,-34.56709452,0.4044118482796948,56154460,ABOM-213983010
ABOM-282370010,146.3894165,-36.5163133,0.3634502393233276,56164325,ABOM-213983010
ABOM-286878010,142.7581931,-34.60025909,0.30955519935188075,56154469,ABOM-213983010
ABOM-283557010,145.5640351,-37.4136725,0.6963525761067034,56170775,ABOM-213983010
ABOM-232797010,151.6583,-27.4397,0.7483610760032062,56106092,ABOM-213983010
ABOM-287358010,142.14706,-36.74003,0.5502107604313786,56164266,ABOM-287658010
ABOM-287018010,141.2178517,-34.13645012,0.7697952169361604,56156509,ABOM-213983010
ABOM-287378010,142.64297,-36.9093,0.20324911764598325,56164332,ABOM-287658010
ABOM-285159010,144.38071,-37.25096,0.4811125823415237,56169751,ABOM-213983010
ABOM-287758010,142.0098631,-36.56036937,0.20987242555483063,56164251,ABOM-287658010
ABOM-317928010,140.0718,-37.4348,0.27150431181021045,56169005,ABOM-317928010
ABOM-287438010,142.8600891,-36.95390887,0.43300809886350644,56164384,ABOM-287658010
ABOM-287798010,142.8254133,-36.57132147,0.9614384985835278,56165022,ABOM-287778010
ABOM-287658010,141.9744346,-36.4083953,0.6338369030322137,56164248,ABOM-287658010
ABOM-317588010,139.849181,-37.167904,0.6071481352245592,56169290,ABOM-317588010
ABOM-287778010,142.9841975,-36.42840634,0.5921217043546821,56164889,ABOM-287778010
ABOM-294065010,145.319,-37.6952,0.39667360985169636,56169100,ABOM-723491010
ABOM-298387010,145.543813,-17.16315,0.20300668764752766,56019874,ABOM-16682010
ABOM-321906010,140.019099,-36.401112,0.45794922486300155,56163872,ABOM-321906010
ABOM-298608010,147.295865,-20.308933,0.359625365846741,56028937,ABOM-20479010
ABOM-723491010,145.020568377,-37.786568543,0.3344231562950182,56169021,ABOM-723491010
ABOM-767712010,144.034528,-31.37779,0.99,56139226,ABOM-213983010
ABOM-208388010,141.244063,-34.063367,0.04346206104128744,56154407,ABOM-213983010
ABOM-208874010,140.765483,-34.188906,0.2516289968370277,56154396,ABOM-213983010
ABOM-485270010,139.0835,-33.8422,0.01,56156562,ABOM-213983010
ABOM-217277010,139.685774,-34.055059,0.6130992615286306,56154374,ABOM-213983010
ABOM-768737010,146.43471111,-20.01163333,0.4181572136872146,56028975,ABOM-20479010
ABOM-208751010,141.244875,-34.067185,0.99,56154408,ABOM-213983010
ABOM-208490010,141.2768,-34.0482,0.8706960920163752,56156743,ABOM-213983010
ABOM-208921010,140.577316,-34.343186,0.6077503836207824,56154394,ABOM-213983010
ABOM-213983010,139.615749,-34.35095,0.5038250724309062,56154371,ABOM-213983010
ABOM-277046010,147.5722231,-37.81500036,0.15205236845520304,56168973,ABOM-277046010
ABOM-274583010,151.285572663786,-24.2823408272385,0.9874153868352735,56065411,ABOM-274583010
ABOM-280350010,143.2565402,-38.58909395,0.5462309521770455,56169486,ABOM-280430010
ABOM-225308010,138.5181,-33.5331,0.3891253186868399,56156189,ABOM-225308010
ABOM-227247010,137.5187,-35.698,0.9600498943583556,56165178,ABOM-227247010
ABOM-278246010,145.7088978,-38.55901685,0.054559532065097144,56169692,ABOM-278246010
ABOM-281450010,141.4546374,-37.98007141,0.05803106916861418,56169296,ABOM-281190010
ABOM-284137010,146.0760963,-37.51940015,0.09826785953199771,56169640,ABOM-213983010
ABOM-281270010,141.8406916,-37.67396787,0.3518614929651784,56169051,ABOM-281190010
ABOM-306724010,148.1746891,-37.47048385,0.4575172702814202,56168865,ABOM-276586010
ABOM-306544010,148.9510043,-37.72962305,0.3619471626697298,56169208,ABOM-306544010
ABOM-276566010,149.156689,-37.53864684,0.5570089540773075,56169350,ABOM-276566010
ABOM-276646010,148.1732424,-37.49584324,0.5861755748064864,56168865,ABOM-276586010
ABOM-276766010,147.7288186,-37.2687812,0.19731703130384523,56168870,ABOM-276826010
ABOM-276786010,147.697124,-37.59294631,0.9807719689837748,56169599,ABOM-585722010
ABOM-276986010,147.0891645,-37.4074969,0.8734820121385243,56169278,ABOM-277046010
ABOM-277066010,147.3682,-37.73655,0.40142318338762134,56169011,ABOM-277046010
ABOM-276546010,148.9016487,-37.60712619,0.067644754348401,56169318,ABOM-306544010
ABOM-276806010,147.8698513,-37.67253062,0.05641081593490812,56168845,ABOM-276826010
ABOM-276826010,147.8491161,-37.7573062,0.021224909081212648,56168841,ABOM-276826010
ABOM-276526010,148.9831348,-37.44019449,0.5136222103392569,56169960,ABOM-306544010
ABOM-276706010,148.32748,-36.95493,0.36427516012546435,56168905,ABOM-276586010
ABOM-276726010,148.3598666,-37.41015604,0.514384330960684,56169557,ABOM-276586010
ABOM-276966010,147.3747776,-37.76358991,0.7868820820287883,56169011,ABOM-277046010
ABOM-277206010,147.0950473,-37.8101256,0.9603953589581168,56169526,ABOM-277406010
ABOM-276426010,149.1986606,-37.37293559,0.9562007299890841,56169507,ABOM-276566010
ABOM-276666010,148.4132551,-37.08362756,0.02143861305794139,56168822,ABOM-276586010
ABOM-276746010,148.2736248,-37.49908473,0.4364280440026296,56168815,ABOM-276586010
ABOM-277186010,146.43303,-37.85387,0.22064362023313538,56169465,ABOM-277386010
ABOM-276466010,149.4917673,-37.688768,0.4905256850895552,56169476,ABOM-276466010
ABOM-277006010,147.2686992,-37.49511762,0.785081858144406,56169188,ABOM-277046010
ABOM-276506010,149.5203757,-37.41577078,0.21196882754745316,56169213,ABOM-276506010
ABOM-276586010,148.3613139,-37.66108607,0.5273415539853702,56168812,ABOM-276586010
ABOM-276626010,148.5473254,-37.51153449,0.162972381676278,56169310,ABOM-276626010
ABOM-276946010,147.1664437,-37.48996086,0.602238509124141,56169148,ABOM-277046010
ABOM-277146010,146.6233123,-37.62961037,0.36025922738493915,56169258,ABOM-277386010
ABOM-233331010,151.4547,-27.3267,0.3178088266849838,56105043,ABOM-213983010
ABOM-289365010,145.515,-38.4672,0.7815672047850889,56170121,ABOM-289365010
ABOM-277446010,146.9777193,-38.02567825,0.8725323873477456,56169042,ABOM-277386010
ABOM-282630010,146.2998983,-36.33656586,0.08354503907131676,56165097,ABOM-213983010
ABOM-281510010,141.9578508,-37.2342674,0.7069626804587493,56169159,ABOM-281190010
ABOM-289147010,146.425,-37.9836,0.361548349939495,56169302,ABOM-277386010
ABOM-277286010,146.8849073,-37.80184085,0.20849613187923743,56169368,ABOM-277406010
ABOM-277366010,146.625004,-37.97499864,0.4687554324400593,56169189,ABOM-277386010
ABOM-289012010,146.318408619,-37.683916018,0.614776958337418,56169862,ABOM-277386010
ABOM-277386010,146.9921134,-38.04526544,0.44152397917220787,56169026,ABOM-277386010
ABOM-289103010,146.281688282,-37.711305452,0.12356872933393313,56169729,ABOM-277386010
ABOM-289192010,146.404,-37.91,0.9096209814909382,56169478,ABOM-277386010
ABOM-277226010,146.5664779,-37.51621523,0.499116677356584,56169409,ABOM-277386010
ABOM-277406010,147.1736143,-38.0238042,0.4430688263307998,56169130,ABOM-277406010
ABOM-572715010,145.78613,-38.23496,0.24948079747990942,56169800,ABOM-289755010
ABOM-289890010,145.686,-38.1277,0.39590471730997223,56169356,ABOM-289890010
ABOM-289560010,145.207,-37.9932,0.9018451485611032,56169706,ABOM-291033010
ABOM-289755010,145.633,-38.2418,0.16777416055541347,56169510,ABOM-289755010
ABOM-294020010,145.581,-37.6246,0.6273961721018926,56170648,ABOM-723491010
ABOM-296127010,145.478,-37.6664,0.13453466719938656,56169147,ABOM-723491010
ABOM-293977010,146.004,-37.7256,0.4860939233300434,56169948,ABOM-723491010
ABOM-296084010,145.827,-37.6561,0.6391956798380738,56169930,ABOM-723491010
ABOM-294424010,145.702,-37.752,0.19600714141585357,56169314,ABOM-723491010
ABOM-296489010,145.507,-37.8121,0.025961714351566977,56169705,ABOM-723491010
ABOM-277506010,146.3086626,-37.94434539,0.7696412009937013,56170435,ABOM-277786010
ABOM-277766010,146.193315,-37.97984217,0.01,56169516,ABOM-277786010
ABOM-277806010,146.7917096,-38.14239142,0.3374432091432134,56169049,ABOM-277786010
ABOM-308204010,146.682818,-38.550964,0.12988182617126737,56169695,ABOM-308204010
ABOM-277606010,146.1596572,-38.08850552,0.46102903423104247,56169321,ABOM-277786010
ABOM-277646010,146.0021236,-38.20566815,0.09657439746156525,56169814,ABOM-277786010
ABOM-278046010,145.9915693,-38.58164621,0.154340980058197,56169259,ABOM-278046010
ABOM-277466010,146.4097,-38.16677222,0.4583842699930265,56169136,ABOM-277786010
ABOM-277866010,146.2130207,-38.17598946,0.14083199312750916,56169372,ABOM-277786010
ABOM-132921010,152.994843998,-28.621042004,0.019517785489181937,56105464,ABOM-132130010
ABOM-134927010,151.7144,-30.6795,0.4525073717707877,56125802,ABOM-134767010
ABOM-154567010,147.1482,-33.091,0.04326839738366858,56154961,ABOM-213983010
ABOM-158625010,149.467,-29.0528,0.41638720684356156,56121423,ABOM-213983010
ABOM-184060010,145.994,-36.0114,0.029563417780149755,56163967,ABOM-213983010
ABOM-146477010,144.758475,-35.434342,0.33963780978122704,56164626,ABOM-213983010
ABOM-137991010,150.7116696,-32.3806078,0.853374253308516,56141021,ABOM-138161010
ABOM-149523010,146.2675,-34.9452,0.08582288976591824,56164158,ABOM-213983010
ABOM-139312010,151.1587932,-32.5680731,0.29648520293794167,56139714,ABOM-138161010
ABOM-184020010,146.93990833,-36.11256944,0.08775548764519911,56163985,ABOM-213983010
ABOM-142991010,149.6926,-36.257,0.7864254559125,56167139,ABOM-143054010
ABOM-182710010,151.3441963,-31.5589418,0.060989102102979795,56144376,ABOM-135837010
ABOM-185256010,144.8811,-33.8695,0.24605779880680648,56154722,ABOM-213983010
ABOM-186488010,149.1565,-29.6891,0.09703780139803721,56123645,ABOM-213983010
ABOM-187498010,149.0811,-32.6332,0.6724898451286239,56140060,ABOM-213983010
ABOM-143054010,150.0032,-36.1289,0.881671601342985,56164895,ABOM-143054010
ABOM-158822010,150.781728,-28.901481,0.6178999481630707,56103554,ABOM-213983010
ABOM-165205010,147.8668,-31.735,0.1853923700713009,56139801,ABOM-213983010
ABOM-146915010,143.5826,-35.1074,0.891276229083125,56164790,ABOM-213983010
ABOM-139562010,151.6278093,-32.2013316,0.6097008177891414,56149661,ABOM-137113010
ABOM-188219010,146.836,-34.8797,0.8858666074499524,56154673,ABOM-213983010
ABOM-154261010,148.60655355,-33.88461585,0.7091123405109315,56156313,ABOM-213983010
ABOM-158023010,151.7038,-29.5128,0.3540875739469939,56124670,ABOM-213983010
ABOM-160087010,149.6581,-29.5569,0.051538949902186285,56123986,ABOM-213983010
ABOM-186403010,150.584822,-29.796486,0.5363011299936155,56125560,ABOM-213983010
ABOM-189346010,149.8821,-36.6176,0.2770818131998968,56165182,ABOM-189346010
ABOM-166995010,147.670687,-31.17914,0.03897228486319817,56144643,ABOM-213983010
ABOM-182625010,151.870859526,-32.037467493,0.7258400552387124,56143106,ABOM-135837010
ABOM-169689010,142.26827778,-33.74641667,0.11785393958678117,56154426,ABOM-213983010
ABOM-163456010,151.135405,-31.430696,0.1011391046292613,56144182,ABOM-213983010
ABOM-186983010,151.143479,-31.341803,0.563726953853968,56143421,ABOM-213983010
ABOM-169770010,143.377251,-31.560942,0.24204998787773063,56139217,ABOM-213983010
ABOM-132624010,152.891551002,-28.450382003,0.6902539450983624,56107674,ABOM-132130010
ABOM-153947010,148.250078186,-34.986090378,0.1382543928140597,56163960,ABOM-213983010
ABOM-134726010,151.83018,-31.186244,0.04524408484181032,56144356,ABOM-134767010
ABOM-139688010,151.0079,-31.967,0.99,56144097,ABOM-138161010
ABOM-156792010,145.5053,-33.2222,0.5991809411348699,56157546,ABOM-156792010
ABOM-168193010,148.6885,-29.353,0.0251549165273506,56120955,ABOM-213983010
ABOM-157870010,151.1275,-29.792,0.069740673939014,56125000,ABOM-213983010
ABOM-145077010,147.9306,-35.7698,0.1694902857124316,56165829,ABOM-213983010
ABOM-153239010,145.2884,-35.3101,0.99,56164252,ABOM-213983010
ABOM-151416010,148.3701,-34.616,0.32502643975245965,56157258,ABOM-213983010
ABOM-168898010,146.4431,-29.9421,0.749571276752466,56120857,ABOM-213983010
ABOM-168972010,147.3679,-29.702,0.3954727638929407,56122329,ABOM-213983010
ABOM-164653010,148.88772222,-29.94111111,0.2828200408454765,56124253,ABOM-213983010
ABOM-137662010,150.574013,-32.344661,0.1850736187368193,56140918,ABOM-138161010
ABOM-142285010,150.0331,-35.1473,0.80444158428227,56165920,ABOM-562533010
ABOM-207415010,148.872607,-34.003677,0.3771760852024097,56156753,ABOM-213983010
ABOM-185076010,144.7111,-34.5247,0.07230799532836721,56154659,ABOM-213983010
ABOM-203206010,150.721518,-30.404789,0.21713132249187214,56126052,ABOM-213983010
ABOM-190030010,149.315944,-33.956499,0.99,56155946,ABOM-213983010
ABOM-148337010,146.27710923,-34.88593374,0.869634366204304,56157800,ABOM-213983010
ABOM-148237010,145.49174005,-35.29485121,0.9082303720494191,56164090,ABOM-213983010
ABOM-133073010,152.544854803,-29.571397972,0.6804792695417848,56123328,ABOM-133163010
ABOM-160706010,149.1044,-29.4607,0.776801988654184,56123423,ABOM-213983010
ABOM-134592010,152.889596,-30.38361,0.4332998537053571,56132967,ABOM-134458010
ABOM-161071010,149.977,-29.4752,0.24916489349848522,56127746,ABOM-213983010
ABOM-187183010,150.852439,-30.965822,0.4131808972600247,56121168,ABOM-213983010
ABOM-284639010,146.3692,-37.1057,0.4777872321580853,56171229,ABOM-213983010
ABOM-285179010,144.5402949,-37.01512226,0.6774267623956381,56164494,ABOM-213983010
ABOM-285119010,144.5301809,-36.8433206,0.29770450206441573,56164140,ABOM-213983010
ABOM-284999010,145.6117809,-36.10881709,0.9853963488455175,56165672,ABOM-213983010
ABOM-285079010,144.5545006,-36.62921036,0.16450112355060298,56164122,ABOM-213983010
ABOM-285219010,144.4915599,-36.96162462,0.22130476558097478,56164462,ABOM-213983010
ABOM-280430010,143.2482161,-38.70152297,0.1530715107239951,56169194,ABOM-280430010
ABOM-285658010,143.9192282,-35.70323414,0.010407054315184417,56164165,ABOM-213983010
ABOM-285818010,144.0579866,-37.10903603,0.016674571562635243,56168878,ABOM-213983010
ABOM-285838010,144.2084168,-37.15795783,0.08656087814564742,56169446,ABOM-213983010
ABOM-285958010,143.9512236,-36.42677506,0.695687304637612,56164171,ABOM-213983010
ABOM-285998010,144.2858042,-36.16250846,0.32608320185434564,56164849,ABOM-213983010
ABOM-285898010,143.8340699,-37.22743357,0.3961847302779746,56169419,ABOM-213983010
ABOM-285678010,143.8917144,-36.83120534,0.04702158016219487,56164175,ABOM-213983010
ABOM-285698010,143.8718822,-35.92432646,0.9364402653058724,56164168,ABOM-213983010
ABOM-285738010,143.96747,-36.98518,0.6869488378868726,56164192,ABOM-213983010
ABOM-286638010,143.5641798,-35.32763381,0.23975815506593687,56163910,ABOM-213983010
ABOM-286618010,145.5566847,-35.81351719,0.6049644981470966,56163967,ABOM-213983010
ABOM-286658010,144.4646595,-35.94257355,0.23420118544192484,56163914,ABOM-213983010
ABOM-314524010,143.2983437,-36.4379661,0.6210325822893811,56164109,ABOM-213983010
ABOM-315204010,143.619027811,-35.408587109,0.2252383285366647,56164061,ABOM-213983010
ABOM-279046010,144.1066954,-37.76387236,0.033561558614591855,56169336,ABOM-279726010
ABOM-279906010,143.9375,-38.29928,0.30755995867989344,56169207,ABOM-279726010
ABOM-280390010,143.4772919,-38.7031718,0.7231234913117199,56170015,ABOM-280390010
ABOM-280470010,143.4829,-38.5241,0.3079368966760099,56169595,ABOM-280430010
ABOM-280550010,142.9888108,-38.44770604,0.9122999747053678,56169625,ABOM-276348010
ABOM-279766010,143.8335511,-38.32521467,0.4011301359216344,56169383,ABOM-279726010
ABOM-276348010,142.9601945,-38.44498055,0.15435578839128614,56169247,ABOM-276348010
ABOM-281250010,141.2427515,-37.36671027,0.28140603556347066,56168954,ABOM-281190010
ABOM-281670010,147.2312238,-36.40752232,0.8782934713188195,56163998,ABOM-213983010
ABOM-281710010,147.4133807,-36.56852733,0.05441620967908395,56165563,ABOM-213983010
ABOM-281730010,147.4565577,-36.53122801,0.2642607933126493,56164003,ABOM-213983010
ABOM-281930010,147.9724472,-36.10647676,0.7838599582298822,56165004,ABOM-213983010
ABOM-281070010,141.769572,-38.150428,0.8740397082904785,56169303,ABOM-281070010
ABOM-281290010,141.8325532,-37.70876208,0.816887630936834,56169225,ABOM-281190010
ABOM-281830010,147.3352514,-36.21329129,0.7169686176338403,56165555,ABOM-213983010
ABOM-281950010,147.4331744,-36.66066154,0.01,56165917,ABOM-213983010
ABOM-281750010,147.8294929,-36.44500012,0.8464731027029266,56165716,ABOM-213983010
ABOM-281970010,147.4999121,-36.5522394,0.5854379715329706,56164004,ABOM-213983010
ABOM-281190010,141.2812064,-37.92471219,0.20640177411272168,56168932,ABOM-281190010
ABOM-281350010,141.8502479,-37.147871,0.04720591869752731,56169044,ABOM-281190010
ABOM-281810010,147.7092775,-36.75660534,0.7471450318314997,56165533,ABOM-213983010
ABOM-280750010,143.3600674,-37.68769856,0.7264836027936498,56169246,ABOM-280810010
ABOM-281550010,141.9406626,-36.991616,0.5650725995986964,56164508,ABOM-287658010
ABOM-281910010,147.8790571,-36.06551093,0.44638590710394394,56165181,ABOM-213983010
ABOM-311144010,141.5898571,-37.17077114,0.27219095036595636,56168997,ABOM-281190010
ABOM-280770010,143.0657,-37.68052,0.10598376148656753,56169158,ABOM-280810010
ABOM-280910010,142.8812902,-38.30559215,0.7651136727134816,56168969,ABOM-280810010
ABOM-281130010,141.4290873,-37.61903001,0.03241145385656298,56168940,ABOM-281190010
ABOM-281610010,147.7114996,-35.93141425,0.6645316566636272,56164690,ABOM-213983010
ABOM-281690010,147.6777407,-36.21187783,0.5127197260727043,56165950,ABOM-213983010
ABOM-281790010,147.4721913,-36.93271871,0.15964362571871593,56165540,ABOM-213983010
ABOM-281030010,142.2264285,-38.31991057,0.34770989036525285,56169304,ABOM-281030010
ABOM-280810010,142.6251911,-38.33543732,0.7732780286370525,56168949,ABOM-280810010
ABOM-280830010,142.7030202,-38.24379422,0.6698419029412558,56168986,ABOM-280810010
ABOM-282210010,146.7179057,-36.5712181,0.04816939716604474,56164321,ABOM-213983010
ABOM-282690010,146.8594306,-36.85494444,0.16714297179958723,56164425,ABOM-213983010
ABOM-282830010,145.4497833,-36.4313885,0.7687592951273801,56164089,ABOM-213983010
ABOM-282330010,146.601172,-36.31093197,0.3477819323167955,56166081,ABOM-213983010
ABOM-282470010,146.6683095,-36.5334707,0.23815686526767835,56164311,ABOM-213983010
ABOM-282010010,146.9068279,-36.30457397,0.07051049800035376,56165793,ABOM-213983010
ABOM-282550010,146.2363493,-36.16297488,0.38900171520308036,56164255,ABOM-213983010
ABOM-283277010,145.6691815,-36.43366659,0.14001358600921734,56164089,ABOM-213983010
ABOM-282490010,146.9793761,-36.75128939,0.790656912658738,56166500,ABOM-213983010
ABOM-282510010,146.8820491,-36.72149292,0.430629176473771,56164376,ABOM-213983010
ABOM-282030010,146.9541519,-36.1377051,0.2765990847098643,56164864,ABOM-213983010
ABOM-282130010,147.1600333,-36.79134421,0.5477830932516824,56166454,ABOM-213983010
ABOM-282230010,146.2440721,-36.61945775,0.11959916177465095,56165600,ABOM-213983010
ABOM-282430010,146.3982264,-36.83127032,0.4854072078931607,56164411,ABOM-213983010
ABOM-282570010,147.06242,-36.88408,0.08968780309004946,56166128,ABOM-213983010
ABOM-282190010,146.3445061,-36.33212192,0.05196118247318831,56164267,ABOM-213983010
ABOM-282270010,146.5823969,-36.82063834,0.8169397545501041,56164533,ABOM-213983010
ABOM-282310010,146.6684806,-36.71160556,0.2674078742572307,56164360,ABOM-213983010
ABOM-282530010,146.4200083,-36.65953226,0.6444972540290959,56164367,ABOM-213983010
ABOM-282170010,146.9525954,-36.72564366,0.23061508087403026,56165492,ABOM-213983010
ABOM-282790010,145.9417393,-36.47353488,0.11457238641093892,56164105,ABOM-213983010
ABOM-282110010,147.0204923,-36.25354477,0.7306883792507447,56165021,ABOM-213983010
ABOM-282350010,146.7001479,-36.91058935,0.029094400788292566,56164429,ABOM-213983010
ABOM-283457010,145.2195882,-36.61703491,0.344483397740269,56163940,ABOM-213983010
ABOM-283917010,145.0550452,-37.05963157,0.41485942241374524,56169283,ABOM-213983010
ABOM-283937010,145.8275646,-37.29036608,0.3211602077568155,56169832,ABOM-213983010
ABOM-283857010,145.682753,-36.88700722,0.26790363735321415,56165908,ABOM-213983010
ABOM-283677010,146.1878417,-37.29125953,0.7576093365467157,56169462,ABOM-213983010
ABOM-283817010,145.2883666,-37.34705697,0.17816444446293042,56169842,ABOM-213983010
ABOM-283397010,146.0106833,-36.84537159,0.11348294051288238,56164134,ABOM-213983010
ABOM-283577010,145.7128865,-37.31772866,0.12327311803554457,56169373,ABOM-213983010
ABOM-283617010,146.1130903,-37.15829277,0.29176751059392236,56169453,ABOM-213983010
ABOM-283637010,146.2072162,-37.22958349,0.1803281999285517,56169352,ABOM-213983010
ABOM-283657010,145.4730812,-37.38272675,0.2268486823910697,56169561,ABOM-213983010
ABOM-283737010,146.0569575,-37.36747223,0.013698146784483285,56169312,ABOM-213983010
ABOM-283697010,146.1307397,-37.33088353,0.8143695970199133,56169362,ABOM-213983010
ABOM-283537010,145.3935312,-36.37977731,0.07427490296649038,56163928,ABOM-213983010
ABOM-283717010,145.3071965,-36.62110636,0.9742732566002084,56165189,ABOM-213983010
ABOM-283757010,145.2836389,-36.95108333,0.3701329366348652,56164017,ABOM-213983010
ABOM-283497010,145.1089547,-37.01990004,0.1944427531751009,56168837,ABOM-213983010
ABOM-283877010,145.585843,-36.762369,0.38002120877356776,56165356,ABOM-213983010
ABOM-283517010,145.8892935,-37.2467952,0.7603190793497095,56168871,ABOM-213983010
ABOM-283597010,145.0561441,-37.09895462,0.5928650368572795,56169582,ABOM-213983010
ABOM-284157010,145.3990649,-36.45670697,0.99,56165141,ABOM-213983010
ABOM-273269010,138.990179,-35.232757,0.062369863433571655,56164390,ABOM-273269010
ABOM-277626010,146.0221188,-37.90701017,0.9234190438058297,56169636,ABOM-277786010
ABOM-277886010,146.3053661,-38.40696156,0.3950029069854829,56169877,ABOM-277786010
ABOM-277486010,146.3557807,-38.04843951,0.7239016673612052,56169719,ABOM-277786010
ABOM-277566010,146.5439326,-38.19405359,0.8385545386453485,56169896,ABOM-277786010
ABOM-277666010,146.2422901,-38.09467319,0.9253352629986633,56169516,ABOM-277786010
ABOM-277826010,146.3341122,-37.96182377,0.01,56169719,ABOM-277786010
ABOM-306387010,149.486607,-37.382091,0.37167712177774087,56169234,ABOM-276506010
ABOM-278786010,144.5725944,-37.74622874,0.9262540091295153,56169232,ABOM-298158010
ABOM-278206010,145.9573587,-38.3929462,0.22396510115375723,56169920,ABOM-278046010
ABOM-278546010,144.8009737,-37.631372,0.34993804580833254,56169116,ABOM-297367010
ABOM-278186010,146.1609799,-38.49963302,0.4040477504913566,56169875,ABOM-278046010
ABOM-278486010,144.8364761,-37.72770609,0.912090274048345,56169089,ABOM-297367010
ABOM-293080010,145.502,-37.6532,0.49962284457614187,56169623,ABOM-723491010
ABOM-293145010,144.99,-37.7783,0.545527932481661,56169313,ABOM-293145010
ABOM-293280010,145.655,-37.7525,0.4970064251683623,56169314,ABOM-723491010
ABOM-293235010,145.376,-37.6609,0.2293734991120609,56169112,ABOM-723491010
ABOM-296739010,144.902284535,-37.410313059,0.07019750187097577,56169243,ABOM-297367010
ABOM-293329010,145.62,-37.7809,0.8411834469619275,56170451,ABOM-723491010
ABOM-293390010,145.512,-37.7649,0.7168755141244014,56169705,ABOM-723491010
ABOM-291033010,145.187393,-38.021624,0.5580381762078527,56169488,ABOM-291033010
ABOM-297007010,144.856,-37.5285,0.011670129921282264,56169152,ABOM-297367010
ABOM-292993010,145.137,-37.7402,0.16922104027770868,56169037,ABOM-723491010
ABOM-293190010,145.212,-37.7397,0.4867885352448172,56169069,ABOM-723491010
ABOM-292775010,145.077,-37.76,0.467373770062352,56169031,ABOM-723491010
ABOM-297367010,144.805,-37.6778,0.029088906097741264,56169089,ABOM-297367010
ABOM-297683010,144.646,-37.8797,0.9098779298730069,56169141,ABOM-298158010
ABOM-309984010,143.9184477,-37.81068186,0.21910618829926692,56169320,ABOM-279726010
ABOM-279646010,144.1871004,-38.14339597,0.2752368309085211,56169012,ABOM-279726010
ABOM-279726010,144.3468922,-38.16360559,0.6176511728747878,56168985,ABOM-279726010
ABOM-207631010,140.8432,-27.6998,0.27489603467537843,56102217,ABOM-207631010
ABOM-279746010,143.9903598,-38.14925264,0.4596256001657903,56169047,ABOM-279726010
ABOM-276446010,148.9152556,-37.44703719,0.632386466113353,56169809,ABOM-306544010
ABOM-279026010,144.27865,-38.0893,0.35949539452689755,56169108,ABOM-279726010
ABOM-309964010,143.9772528,-38.01385278,0.22028608869282135,56169192,ABOM-279726010
ABOM-277106010,147.0760061,-37.9685868,0.01659753684374971,56169162,ABOM-277406010
ABOM-562035010,149.69500021,-34.78444413,0.20071997102944394,56155264,ABOM-565092010
ABOM-561935010,149.88297,-34.61162,0.6332774424710026,56158049,ABOM-565092010
ABOM-562119010,150.42477,-34.14376,0.7791558203813721,56156940,ABOM-565092010
ABOM-561662010,150.14055554,-33.54499967,0.8158545637153051,56157048,ABOM-565092010
ABOM-562395010,149.9363451,-35.42201415,0.5417412580311115,56165880,ABOM-562533010
ABOM-562311010,149.95363367,-35.18447866,0.43437605931829726,56164839,ABOM-562533010
ABOM-562533010,150.43237,-34.84471,0.04560706927491351,56154774,ABOM-562533010
ABOM-562349010,149.72191709,-35.44726779,0.6762857762170897,56165081,ABOM-562533010
ABOM-562257010,150.18212994,-34.81921893,0.2640979090077805,56154788,ABOM-562533010
ABOM-562173010,150.425280203,-34.390727486,0.5590865742515652,56160085,ABOM-565092010
ABOM-562587010,150.52244073,-34.72798991,0.01642236912814586,56157566,ABOM-562533010
ABOM-562487010,150.31583333,-34.77777778,0.05949803388120983,56154780,ABOM-562533010
ABOM-562671010,150.590762,-34.736655,0.8100559735840935,56159526,ABOM-562533010
ABOM-562625010,150.582545,-34.712767,0.6962109921308034,56158303,ABOM-562533010
ABOM-577289010,143.35695,-31.59037,0.4883226001494688,56139217,ABOM-213983010
ABOM-565092010,150.71403109,-33.58930125,0.48373454028040763,56155120,ABOM-565092010
ABOM-583264010,150.75605,-34.22924,0.9531708760912906,56158521,ABOM-565092010
ABOM-583244010,150.74412,-34.23193,0.11547500483010824,56157814,ABOM-565092010
ABOM-573667010,150.703806,-34.047869,0.04594388402403353,56156119,ABOM-565092010
ABOM-573721010,150.72589,-33.41832,0.5613425766265439,56154695,ABOM-573721010
ABOM-583434010,150.569556,-34.384667,0.6894133676352107,56157886,ABOM-565092010
ABOM-583828010,150.09825,-34.58349,0.02526278930149164,56157299,ABOM-565092010
ABOM-583204010,150.534097,-34.477019,0.3468829657222461,56158701,ABOM-565092010
ABOM-584012010,150.6291667,-33.61527778,0.10237972535922293,56156707,ABOM-565092010
ABOM-583284010,150.74443,-34.11674,0.5995133779910238,56156365,ABOM-565092010
ABOM-283477010,145.2025134,-37.0916115,0.5917490145150374,56168842,ABOM-213983010
ABOM-286838010,143.34152,-34.84718,0.6523179404332398,56154480,ABOM-213983010
ABOM-277786010,146.9189788,-38.13921347,0.11050187716365077,56169029,ABOM-277786010
ABOM-281990010,147.1003626,-36.59537238,0.03848568132084897,56165313,ABOM-213983010
ABOM-283997010,145.6257751,-36.59087224,0.9726169230814162,56165641,ABOM-213983010
ABOM-282290010,146.6314464,-36.80542153,0.99,56164456,ABOM-213983010
ABOM-286698010,144.9610344,-36.01760591,0.6342815874180107,56163963,ABOM-213983010
ABOM-282730010,146.0592047,-36.61115514,0.07775423284518372,56165284,ABOM-213983010
ABOM-281650010,147.6056955,-36.94595897,0.07496650332610837,56164013,ABOM-213983010
ABOM-8688010,131.874956,-14.283463,0.9376621973534603,56002907,ABOM-7840010
ABOM-61304010,146.70946,-42.706074,0.2786160546614506,56171749,ABOM-61304010
ABOM-585104010,150.62918,-34.20439,0.9465835003767207,56156647,ABOM-565092010
ABOM-209522010,140.275375,-34.178713,0.6524231997345373,56154386,ABOM-213983010
ABOM-585722010,147.695371,-37.727613,0.41920758770830746,56169363,ABOM-585722010
ABOM-579052010,151.5506,-27.39,0.24253388876776036,56105438,ABOM-213983010
ABOM-110531010,116.0248407,-31.751057902,0.539292134825514,56142894,ABOM-110531010
ABOM-715770010,144.589539,-37.788316,0.7416895651209593,56169206,ABOM-298158010
ABOM-381896010,152.27,-27.55,0.5684367196897552,56105794,ABOM-381956010
ABOM-382046010,152.69,-27.5,0.42015917063732716,56102047,ABOM-381956010
ABOM-381776010,152.659721380773,-26.1984247793683,0.267970500458803,56084389,ABOM-31459010
ABOM-382136010,152.98,-27.85,0.7654947986605442,56104784,ABOM-35381010
ABOM-367653010,143.8637307,-37.09296795,0.5243071684068856,56169297,ABOM-213983010
ABOM-381836010,152.743050544854,-27.6462044274057,0.4743396058595088,56105361,ABOM-381956010
ABOM-381956010,152.924026443573,-27.532094151526,0.8899685632486208,56102029,ABOM-381956010
ABOM-492174010,150.865818,-33.740593,0.34288737336335773,56161517,ABOM-492174010
ABOM-382091010,153.02,-27.81,0.9069293070340175,56104714,ABOM-35381010
ABOM-440867010,150.93125045,-33.59861589,0.8437110070612273,56158838,ABOM-447541010
ABOM-393310010,152.89,-26.59,0.01,56093429,ABOM-393310010
ABOM-133930010,153.011285,-30.257631,0.08503760997189434,56129321,ABOM-188014010
ABOM-190180010,151.1212,-29.2939,0.4018807716962297,56123486,ABOM-213983010
ABOM-143349010,149.6855,-36.7303,0.7048258075034491,56165812,ABOM-143527010
ABOM-186213010,148.8085,-29.1215,0.5078522510989416,56120973,ABOM-213983010
ABOM-149368010,146.0355,-35.3142,0.7717234516173319,56164665,ABOM-213983010
ABOM-191109010,148.3757,-32.2114,0.5818500514583068,56139814,ABOM-213983010
ABOM-160354010,149.5519,-29.125,0.44976597506307886,56124050,ABOM-213983010
ABOM-142635010,150.2394,-35.4681,0.5633946061781013,56165348,ABOM-142635010
ABOM-143289010,149.80969,-36.59838,0.6757173981118849,56166039,ABOM-189346010
ABOM-134767010,152.712496,-31.007617,0.21342883019261072,56139514,ABOM-134767010
ABOM-186253010,150.134901,-29.477038,0.29527264271593984,56123158,ABOM-213983010
ABOM-191460010,142.215051598,-32.552253671,0.4643040238899487,56141072,ABOM-213983010
ABOM-133163010,152.683425096,-29.507339214,0.4362236160640608,56121807,ABOM-133163010
ABOM-137283010,150.991,-32.1117,0.9301273377696287,56141867,ABOM-138161010
ABOM-148282010,146.040574,-35.192167,0.5350161473263573,56164380,ABOM-213983010
ABOM-155526010,146.84718226,-33.1029549,0.9325388448336087,56157222,ABOM-213983010
ABOM-132344010,153.394826998,-28.755573996,0.3736995539553421,56107077,ABOM-132344010
ABOM-146833010,143.6228,-34.9888,0.5675730331384076,56154485,ABOM-213983010
ABOM-149838010,148.377,-34.7877,0.6700675006827674,56156450,ABOM-213983010
ABOM-207395010,150.772847,-32.463842,0.3205696364248623,56140857,ABOM-138161010
ABOM-186182010,150.8917,-28.692,0.019698804496086287,56101857,ABOM-213983010
ABOM-154691010,147.1627,-33.0837,0.8615674731784833,56155302,ABOM-213983010
ABOM-133885010,152.653911487,-29.40164371,0.4077877933308803,56127071,ABOM-133163010
ABOM-168069010,146.863716666,-29.947166666,0.7990605677989466,56120898,ABOM-213983010
ABOM-202520010,151.695523,-32.239117,0.16577017427754315,56144387,ABOM-137113010
ABOM-744115010,145.622536,-36.801381,0.9608627442852823,56165908,ABOM-213983010
ABOM-393326010,152.8,-27.54,0.5420792698867536,56102044,ABOM-381956010
ABOM-393563010,152.6,-27.94,0.01,56107627,ABOM-381956010
ABOM-437898010,149.52236,-23.31838,0.6607863668482893,56062168,ABOM-299164010
ABOM-447585010,150.8529,-33.6821,0.7194740670332488,56161517,ABOM-492174010
ABOM-447512010,147.6203,-28.8015,0.4684642787496439,56101443,ABOM-213983010
ABOM-447541010,150.9427,-33.5808,0.07078705866023013,56157754,ABOM-447541010
ABOM-447631010,150.81171509,-33.67707041,0.615252327489772,56157028,ABOM-447631010
ABOM-325642010,148.57027778,-35.77055556,0.3038960975105634,56165713,ABOM-213983010
ABOM-325085010,148.57973231,-36.37846631,0.7192305369913863,56165726,ABOM-276586010
ABOM-325462010,148.33111111,-35.56666667,0.7492681997841935,56165948,ABOM-213983010
ABOM-324798010,148.57277778,-35.93944444,0.8416496624270743,56167691,ABOM-276586010
ABOM-325877010,148.40138889,-35.79,0.2086017622861312,56165464,ABOM-213983010
ABOM-298768010,148.387844,-21.131404,0.7906826634459433,56061243,ABOM-20479010
ABOM-325922010,148.28084556,-35.61611331,0.9097191056187953,56167925,ABOM-213983010
ABOM-304363010,147.0953056,-41.70088889,0.8506351091261939,56171738,ABOM-306084010
ABOM-353942010,146.8810046,-38.01068638,0.9051717658774805,56169090,ABOM-277386010
ABOM-356620010,146.35513,-38.17128,0.7595016977063933,56169177,ABOM-277786010
ABOM-762963010,146.6677493,-37.76935073,0.37296242164687826,56169153,ABOM-277386010
ABOM-770446010,149.3842,-28.7049,0.4995619962610718,56104466,ABOM-213983010
ABOM-155590010,149.167286,-34.310902,0.129759173954971,56156345,ABOM-213983010
ABOM-190381010,149.5628,-28.5751,0.543483380391129,56101796,ABOM-213983010
ABOM-186430010,150.0438,-29.6704,0.45253911835043614,56125435,ABOM-213983010
ABOM-134432010,152.8496,-30.6288,0.8005095094717581,56125753,ABOM-134432010
ABOM-166350010,147.69342,-31.385084,0.3008108419333549,56139800,ABOM-213983010
ABOM-164838010,149.35171728,-31.52328667,0.03938827230848706,56141935,ABOM-213983010
ABOM-140256010,151.7606,-32.3946,0.5613876853467539,56142223,ABOM-137113010
ABOM-142145010,150.886494,-34.025278,0.2304689829026006,56157389,ABOM-142145010
ABOM-133770010,152.41982,-28.71982,0.3904508975355203,56103235,ABOM-133163010
ABOM-134497010,152.696929,-30.783296,0.6974430854661837,56128154,ABOM-134497010
ABOM-182755010,151.9789,-32.2437,0.5684353356288911,56145440,ABOM-182775010
ABOM-164982010,147.998733333,-30.310466666,0.3885278352223291,56121013,ABOM-213983010
ABOM-189697010,148.5302674,-34.701533,0.7783713857503539,56157298,ABOM-213983010
ABOM-151164010,146.2562,-34.6151,0.2476192621187417,56154666,ABOM-213983010
ABOM-561114010,150.08194475,-34.5491667,0.21549128915718238,56155173,ABOM-565092010
ABOM-561567010,150.743181,-34.228931,0.16969373261026421,56157814,ABOM-565092010
ABOM-560988010,150.667111,-34.245297,0.01,56156804,ABOM-565092010
ABOM-561523010,150.63062,-34.32624,0.4222457868180461,56157314,ABOM-565092010
ABOM-560796010,150.19138889,-34.42472222,0.8514095405109973,56156695,ABOM-565092010
ABOM-561026010,150.6063889,-33.87694444,0.7053610712705752,56155126,ABOM-565092010
ABOM-561072010,150.25401365,-33.87124191,0.9053928947021275,56156015,ABOM-565092010
ABOM-560934010,150.62971,-33.85952,0.7973993850465239,56155943,ABOM-565092010
ABOM-560850010,150.39694468,-34.53472269,0.5419976470163992,56158397,ABOM-565092010
ABOM-561429010,150.6825,-33.74677778,0.37517923109199974,56155122,ABOM-565092010
ABOM-560888010,150.679412,-33.628996,0.748033638561452,56155121,ABOM-565092010
ABOM-573553010,151.129286141,-32.985307507,0.09302466733135775,56140533,ABOM-138161010
ABOM-622402010,148.58625,-20.39413,0.8586985369437309,56033503,ABOM-622402010
ABOM-573135010,150.81563,-24.452572,0.7571519030674547,56069774,ABOM-299164010
ABOM-573342010,151.004785,-24.562708,0.023968855565407968,56068804,ABOM-300733010
ABOM-576790010,148.335084,-23.432064,0.36768829457041213,56062599,ABOM-299164010
ABOM-573513010,151.24773333,-32.88916667,0.4455446019073153,56139775,ABOM-138161010
ABOM-573010010,147.801925,-23.706667,0.040943930231396294,56065668,ABOM-299164010
ABOM-573533010,151.13366667,-32.93396944,0.023213737317544798,56139753,ABOM-138161010
ABOM-576807010,151.054889,-31.063655,0.1912484820840534,56139462,ABOM-213983010
ABOM-15493010,142.984523,-12.879744,0.051383230130025145,56000503,ABOM-15573010
ABOM-33846010,152.541985,-27.664892,0.19509404759304558,56108681,ABOM-381956010
ABOM-22823010,148.8203,-21.27237,0.2749275756705332,56047751,ABOM-23370010
ABOM-715790010,150.650347,-34.339236,0.595474958050705,56158709,ABOM-565092010
ABOM-92985010,116.098332479,-33.373220331,0.3179489101511435,56156125,ABOM-95017010
ABOM-61044010,146.42221,-41.272933,0.8521971055697984,56171497,ABOM-61044010
ABOM-583224010,150.731,-34.338528,0.3942960431226857,56160154,ABOM-565092010
ABOM-145993010,143.5702,-35.0376,0.0472242478838686,56164612,ABOM-213983010
ABOM-90352010,115.566657775,-33.552866268,0.5480610236654628,56156784,ABOM-90352010
ABOM-133591010,152.218236203,-28.932533363,0.22716944759443122,56103484,ABOM-133163010
ABOM-168569010,147.5289,-29.4457,0.5624476365780192,56122446,ABOM-213983010
ABOM-182446010,152.008935,-30.970686,0.24885671378299284,56121440,ABOM-134767010
ABOM-161254010,150.2556,-30.972,0.7539511454505323,56121137,ABOM-213983010
ABOM-139186010,151.0621731,-32.4993696,0.7554519643587067,56140803,ABOM-138161010
ABOM-561981010,150.34317,-34.49525,0.3751935095055559,56157689,ABOM-565092010
ABOM-561797010,150.24428,-33.94642,0.03977441418684029,56156234,ABOM-565092010
ABOM-561889010,149.79305584,-34.7213892,0.7659438287804873,56155243,ABOM-565092010
ABOM-434671010,149.379677,-32.004553,0.6543842505708428,56141448,ABOM-213983010
ABOM-391104010,147.541465,-30.224805,0.6338353505857088,56121563,ABOM-213983010
ABOM-391995010,145.419212,-34.44597,0.8725900656847467,56154665,ABOM-213983010
ABOM-298850010,148.39048,-20.367986,0.4552755646493125,56034653,ABOM-622402010
ABOM-299342010,149.035,-23.07335,0.8443657622170669,56062237,ABOM-299164010
ABOM-289057010,146.403,-37.8504,0.5244063745199797,56169478,ABOM-277386010
ABOM-291686010,145.608,-38.1453,0.743325278132397,56169356,ABOM-289890010
ABOM-299012010,148.66544,-21.22222,0.4518841899257581,56052465,ABOM-23370010
ABOM-299961010,150.0344,-25.4633,0.05490500046985378,56082541,ABOM-299164010
ABOM-299164010,150.139123,-23.09766,0.01,56062126,ABOM-299164010
ABOM-299385010,148.84075,-23.3739,0.41507590953780715,56062243,ABOM-299164010
ABOM-300205010,150.18275,-25.18147222,0.5454601537141462,56082465,ABOM-299164010
ABOM-298158010,144.657,-37.8991,0.7069398525305898,56169141,ABOM-298158010
ABOM-305536010,146.2247833,-41.55986667,0.36905991556537804,56171612,ABOM-61044010
ABOM-301952010,151.276154,-28.48324,0.5575231246765108,56106973,ABOM-213983010
ABOM-376887010,145.7679722,-42.24172222,0.10529986861417018,56171613,ABOM-376887010
ABOM-305609010,145.6708056,-41.41886111,0.27725534468889623,56171807,ABOM-305609010
ABOM-300350010,149.813993,-24.172467,0.6295172522250603,56062576,ABOM-299164010
ABOM-305654010,146.2155,-41.68944444,0.9898975045723545,56172234,ABOM-61044010
ABOM-377011010,146.6586111,-41.52394444,0.6646536057769379,56171706,ABOM-62191010
ABOM-377073010,146.3968333,-41.69755556,0.19901577927012068,56172243,ABOM-61044010
ABOM-304569010,146.1312222,-41.61080556,0.3640754482032859,56171679,ABOM-305795010
ABOM-301648010,152.006735,-26.268484,0.7196376800593551,56085932,ABOM-300733010
ABOM-376949010,147.5669722,-41.81547222,0.11998774014771957,56171514,ABOM-56026010
ABOM-302152010,151.217045,-28.436387,0.03310147701941124,56105397,ABOM-213983010
ABOM-301235010,151.1085,-24.86594444,0.17096658115019747,56065208,ABOM-300733010
ABOM-300778010,151.183946198,-25.56001965,0.47331239034361816,56081853,ABOM-300733010
ABOM-301375010,151.72525,-26.05285,0.39335607270519773,56083999,ABOM-300733010
ABOM-302399010,148.740127,-27.646264,0.27671618296123646,56101469,ABOM-213983010
ABOM-303122010,146.4398333,-42.64347222,0.6125337158932102,56171957,ABOM-306003010
ABOM-300406010,149.813066,-23.861226,0.3350444028736307,56062535,ABOM-299164010
ABOM-300733010,152.09945,-25.0515,0.11674967241623353,56062411,ABOM-300733010
ABOM-301520010,151.892694,-26.252053,0.3411382173183356,56084251,ABOM-300733010
ABOM-373280010,146.5164444,-42.43913889,0.99,56171632,ABOM-306003010
ABOM-301565010,151.814502,-26.165692,0.22406841959697574,56084112,ABOM-300733010
ABOM-304871010,146.7233333,-42.47611111,0.24321270377939513,56171493,ABOM-306003010
ABOM-306003010,146.8472222,-42.6125,0.3503243946095521,56171474,ABOM-306003010
ABOM-306084010,147.0939167,-41.68158333,0.07754407163724174,56171470,ABOM-306084010
ABOM-306174010,145.930283,-42.161433,0.011266625178244054,56171794,ABOM-376887010
ABOM-306295010,146.2156389,-42.12855556,0.7505428572646636,56171756,ABOM-306003010
ABOM-305795010,146.2537222,-41.271,0.9406375561100149,56171548,ABOM-305795010
ABOM-306219010,145.9978056,-41.53511111,0.09348788870844398,56172316,ABOM-305795010
ABOM-440135010,144.582423738,-37.820141208,0.25232600316337045,56169183,ABOM-298158010
ABOM-305117010,146.4194444,-42.03027778,0.7253398993014504,56171788,ABOM-306003010
ABOM-303449010,147.0749444,-41.84405556,0.44885662503810375,56171572,ABOM-306084010
ABOM-353740010,146.7801402,-37.98544026,0.9253098632676654,56170397,ABOM-277386010
ABOM-290464010,145.755,-38.0768,0.899297025308922,56169567,ABOM-289890010
ABOM-305423010,146.2309444,-41.27433333,0.9101307031967046,56171663,ABOM-305795010
ABOM-304112010,147.12375,-41.74266667,0.8007851663683672,56171556,ABOM-306084010
ABOM-305196010,146.8755556,-42.25444444,0.5622848532351651,56171561,ABOM-306003010
ABOM-304202010,146.7783333,-42.41027778,0.99,56171530,ABOM-306003010
ABOM-524510010,115.853710954,-33.557786456,0.21345005087724694,56156997,ABOM-91917010
ABOM-771546010,145.5441525,-37.16465661,0.45210425279920385,56168851,ABOM-213983010
ABOM-531919010,151.243608,-25.673217,0.440977347783339,56083824,ABOM-300733010
ABOM-722148010,146.0346,-18.6386,0.7575278951568555,56020220,ABOM-18985010
ABOM-767813010,143.563141418,-38.529581193,0.8989208351608753,56170035,ABOM-280430010
ABOM-720680010,148.3270124,-29.782735655,0.15060120938602486,56120932,ABOM-213983010
ABOM-765775010,150.0296,-23.46903,0.019563625176819893,56062142,ABOM-299164010
USGS-02175025,-80.4501667,32.75394444,0.7269884056335537,73014498,USGS-02175025
USGS-07332340,-96.6815444,34.47575278,0.9755588158866659,74064838,USGS-07381490
USGS-15303600,-155.5888516,62.9521566,0.9685061745446925,81018604,USGS-15304000
USGS-04025500,-91.5952778,46.53777778,0.42849595114438205,72041865,ECCC-02OA016
USGS-04026561,-90.59,46.3947222,0.856102344772396,72042744,ECCC-02OA016
USGS-04026740,-90.7362967,46.41661565,0.772526164803884,72040380,ECCC-02OA016
USGS-04027000,-90.696297,46.4866144,0.2093895566558012,72040349,ECCC-02OA016
USGS-04031000,-90.0746179,46.5113361,0.031502323385741826,72041436,ECCC-02OA016
USGS-04033000,-89.0765285,46.3568916,0.23440664939748712,72040364,ECCC-02OA016
USGS-04036000,-89.5418197,46.5874471,0.3426264414790778,72041664,ECCC-02OA016
USGS-04040000,-89.207086,46.7207742,0.14153468727026394,72040301,ECCC-02OA016
USGS-04041500,-88.6624167,46.7258333,0.29137668244544623,72041026,ECCC-02OA016
USGS-04043097,-88.4431868,46.7346552,0.17911700466040592,72042647,ECCC-02OA016
USGS-04044003,-87.4103611,46.5716944,0.6905323186836914,72041563,ECCC-02OA016
USGS-04045500,-85.26963889,46.5745833,0.06851843076337254,72040114,ECCC-02OA016
USGS-04056500,-86.161249,46.03052857,0.11979831830169278,72046127,ECCC-02OA016
USGS-04058100,-87.5020817,46.3171649,0.9257762619814416,72041089,ECCC-02OA016
USGS-04059000,-87.2135278,45.90891667,0.17827113204053133,72046385,ECCC-02OA016
USGS-04059034,-87.0976366,45.80607766,0.06029778815823579,72046367,ECCC-02OA016
USGS-04059500,-87.2020793,45.7549674,0.1234239539567628,72046928,ECCC-02OA016
USGS-04059750,-87.395,45.52388889,0.8021704639302627,72047113,ECCC-02OA016
USGS-04060500,-88.627354,46.05856639,0.15645864151577457,72047679,ECCC-02OA016
USGS-04060993,-88.3159663,45.96078737,0.21505055628788883,72047020,ECCC-02OA016
USGS-04062000,-88.2584682,46.0110635,0.735989297670626,72046551,ECCC-02OA016
USGS-04062011,-88.2154106,45.94745319,0.6206389710969105,72046534,ECCC-02OA016
USGS-04062500,-88.2159687,46.113838,0.2984481315743185,72046134,ECCC-02OA016
USGS-04063000,-88.1892993,45.9513419,0.06359831778030367,72046122,ECCC-02OA016
USGS-04063522,-88.074573,45.86606566,0.5658785885576132,72046118,ECCC-02OA016
USGS-04063700,-88.4636111,45.7636111,0.39460874081168784,72047270,ECCC-02OA016
USGS-04064500,-88.2252778,45.8372222,0.3066352299153065,72047001,ECCC-02OA016
USGS-04065106,-87.9805556,45.76777778,0.6016384084973063,72046108,ECCC-02OA016
USGS-04065650,-87.82845849,45.77607029,0.2426406871190756,72047043,ECCC-02OA016
USGS-04065722,-87.86345709,45.7366265,0.07413768877403222,72046102,ECCC-02OA016
USGS-04066003,-87.7869722,45.5794722,0.18613579790527185,72046094,ECCC-02OA016
USGS-04066030,-87.8022222,45.4819444,0.669900077125654,72046092,ECCC-02OA016
USGS-04066500,-88.0,45.5,0.05263609172035196,72047189,ECCC-02OA016
USGS-04066800,-87.7020585,45.38719517,0.8946473972324211,72046082,ECCC-02OA016
USGS-04067500,-87.6633333,45.3258333,0.40483889159500913,72046076,ECCC-02OA016
USGS-04067958,-88.3051099,45.38774406,0.3260707993893867,72047008,ECCC-02OA016
USGS-04069416,-87.8005556,45.1433333,0.4062805436856633,72046902,ECCC-02OA016
USGS-04069500,-87.7444444,45.0475,0.042186707990761955,72051159,ECCC-02OA016
USGS-04071000,-88.3,44.865,0.8311093653109974,72050960,ECCC-02OA016
USGS-04071765,-87.98388889,44.86055556,0.05990261725643727,72050951,ECCC-02OA016
USGS-04072150,-88.1296944,44.53338889,0.9844262503363367,72052090,ECCC-02OA016
USGS-04073365,-89.1333333,43.8511111,0.46918386266304385,72051026,ECCC-02OA016
USGS-04073473,-88.9463889,43.8575,0.3856156586411168,72052172,ECCC-02OA016
USGS-04073500,-88.9503056,43.96875,0.8136063122715742,72051013,ECCC-02OA016
USGS-04074950,-88.7334398,45.18997026,0.3026909257606407,72047028,ECCC-02OA016
USGS-04077630,-88.8442729,44.8980311,0.13843256292441702,72051336,ECCC-02OA016
USGS-04078500,-88.7361111,44.7247222,0.08134036885577395,72051272,ECCC-02OA016
USGS-04079000,-88.7403812,44.3922026,0.02004406468386994,72051231,ECCC-02OA016
USGS-04082400,-88.5408823,44.01361209,0.2924370482875647,72051001,ECCC-02OA016
USGS-04085200,-87.5564746,44.45833125,0.20726178891903896,72052217,ECCC-02OA016
USGS-04085427,-87.7160278,44.10616667,0.3914682581026084,72051644,ECCC-02OA016
USGS-04086000,-87.7521111,43.74138889,0.14090315790654978,72050970,ECCC-02OA016
USGS-04086500,-87.9786111,43.32305556,0.5434017807628254,72055869,ECCC-02OA016
USGS-04086600,-87.9425,43.28027778,0.4874663860851555,72055500,ECCC-02OA016
USGS-04087000,-87.9089745,43.10001159,0.21699662967836644,72055451,ECCC-02OA016
USGS-04087120,-87.9997222,43.04555556,0.03812902456840482,72055822,ECCC-02OA016
USGS-04087233,-87.9947222,42.81555556,0.3895611751435745,72056177,ECCC-02OA016
USGS-04087240,-87.8236111,42.75138889,0.20119877908009687,72055872,ECCC-02OA016
USGS-04093000,-87.2569484,41.5361281,0.9578354680156079,72058324,ECCC-02OA016
USGS-04094000,-87.0874428,41.62223849,0.3332785545425989,72058444,ECCC-02OA016
USGS-04096015,-86.5750216,41.87365438,0.19116161939861467,72058487,ECCC-02OA016
USGS-04096405,-85.0799764,42.1031014,0.6161948597560966,72058233,ECCC-02OA016
USGS-04097500,-85.6327707,41.94032575,0.05249858240155229,72058150,ECCC-02OA016
USGS-04099000,-85.7561047,41.80088279,0.4268569137340703,72058145,ECCC-02OA016
USGS-04099750,-85.5763364,41.7489037,0.019281370180799107,72058170,ECCC-02OA016
USGS-04100222,-85.4754999,41.48168376,0.4998026630587059,72058325,ECCC-02OA016
USGS-04100500,-85.84856789,41.5933496,0.9244681214014487,72058189,ECCC-02OA016
USGS-04101000,-85.974961,41.69168215,0.13722512003123427,72058135,ECCC-02OA016
USGS-04101225,-86.2678333,41.72027778,0.5319221943126462,72058129,ECCC-02OA016
USGS-04101500,-86.2597325,41.8292138,0.5187565794160328,72058127,ECCC-02OA016
USGS-04102700,-86.1875265,42.35420009,0.8858046202198215,72058543,ECCC-02OA016
USGS-04103490,-84.9585922,42.2664309,0.9853021495061555,72058390,ECCC-02OA016
USGS-04103500,-84.96387,42.2647643,0.12175511213643642,72058217,ECCC-02OA016
USGS-04105500,-85.1974929,42.32392989,0.07633267218855572,72057981,ECCC-02OA016
USGS-04105700,-85.3538894,42.3533734,0.9034036266458223,72059423,ECCC-02OA016
USGS-04106000,-85.513893,42.28559716,0.9201319439138087,72057962,ECCC-02OA016
USGS-04106500,-85.5763942,42.2742075,0.5981415302931343,72058413,ECCC-02OA016
USGS-04107850,-85.798355,42.48225575,0.1900783896703438,72055232,ECCC-02OA016
USGS-04108600,-85.7219681,42.6422537,0.74695949700666,72056132,ECCC-02OA016
USGS-04108660,-86.106703,42.65085976,0.8178982444409332,72055180,ECCC-02OA016
USGS-04108800,-86.0183722,42.77919167,0.21774559773174412,72056242,ECCC-02OA016
USGS-04109000,-84.4088483,42.28364676,0.7307713922800051,72058258,ECCC-02OA016
USGS-04111000,-84.62297,42.5347305,0.40062979531678095,72055034,ECCC-02OA016
USGS-04111379,-84.2191329,42.6830899,0.599437418387407,72055900,ECCC-02OA016
USGS-04112500,-84.4780317,42.7272571,0.3289181247502369,72055646,ECCC-02OA016
USGS-04113000,-84.555257,42.75059039,0.12506343983369328,72055030,ECCC-02OA016
USGS-04114000,-84.9122182,42.85642289,0.7689408288729235,72055027,ECCC-02OA016
USGS-04114498,-84.7594339,42.82809018,0.08263707542527889,72055537,ECCC-02OA016
USGS-04115000,-84.6930521,43.10975485,0.99,72055575,ECCC-02OA016
USGS-04116000,-85.0691725,42.971977,0.7309683728052977,72055023,ECCC-02OA016
USGS-04117500,-85.2363933,42.6158688,0.13967893938426318,72055289,ECCC-02OA016
USGS-04118500,-85.5908648,43.0822491,0.7679455994154357,72055710,ECCC-02OA016
USGS-04119000,-85.6772533,42.963082,0.42239195669785284,72055012,ECCC-02OA016
USGS-04119055,-85.650584,42.91280557,0.7434147708657173,72056667,ECCC-02OA016
USGS-04119070,-85.7672555,42.9153038,0.8794352532692596,72055011,ECCC-02OA016
USGS-04119160,-85.7628105,42.9025263,0.9026747468437687,72056636,ECCC-02OA016
USGS-04119400,-86.0264354,43.0241884,0.3045229734751702,72055005,ECCC-02OA016
USGS-04121300,-85.0528147,44.2005692,0.4522487024594365,72051768,ECCC-02OA016
USGS-04121500,-85.2553192,43.8991863,0.870746924000947,72051529,ECCC-02OA016
USGS-04121944,-85.5955989,43.43085818,0.2573320711063614,72055664,ECCC-02OA016
USGS-04121970,-85.6653239,43.43474558,0.030633724777236408,72055262,ECCC-02OA016
USGS-04122200,-86.2325668,43.46417856,0.8767897424300878,72055577,ECCC-02OA016
USGS-04122500,-86.2786896,43.9450063,0.6212802940747475,72051286,ECCC-02OA016
USGS-04123500,-84.8471415,44.6930538,0.34311694756245464,72052034,ECCC-02OA016
USGS-04124000,-85.6986792,44.43639239,0.99,72051520,ECCC-02OA016
USGS-04124200,-85.820905,44.3630596,0.25679184394782684,72051505,ECCC-02OA016
USGS-04125460,-85.7697863,44.19334009,0.24120746244800234,72051795,ECCC-02OA016
USGS-04125550,-85.9416248,44.25944459,0.14548041266364853,72051493,ECCC-02OA016
USGS-04126740,-86.0348123,44.6680551,0.7971210682305544,72052036,ECCC-02OA016
USGS-04126970,-85.436731,44.65667,0.9006132102899296,72051994,ECCC-02OA016
USGS-04127200,-85.6309068,44.67527949,0.9427660762218537,72051782,ECCC-02OA016
USGS-041275685,-85.2836,44.94250278,0.8079817319435695,72051377,ECCC-02OA016
USGS-04127570,-85.3275222,44.8504,0.8679622758982645,72051338,ECCC-02OA016
USGS-04127800,-85.0972788,45.10111787,0.8192250348787462,72048403,ECCC-02OA016
USGS-04127885,-84.3152778,46.4983333,0.7838053063261857,72039710,ECCC-02OA016
USGS-04127917,-84.6122222,46.19055556,0.1749234920051803,72046420,ECCC-02OA016
USGS-04127997,-84.6000315,45.27445746,0.014986264242643078,72047462,ECCC-02OA016
USGS-04133501,-83.63554,45.1241787,0.5413868204762726,72046128,ECCC-02OA016
USGS-04135700,-84.455575,44.61473849,0.3032042590970409,72051748,ECCC-02OA016
USGS-04135800,-84.4196263,44.7166645,0.9544185976196482,72052310,ECCC-02OA016
USGS-04136000,-84.2925146,44.6769593,0.38154975844200845,72051261,ECCC-02OA016
USGS-04136500,-84.1311167,44.66001385,0.5979688125196368,72051252,ECCC-02OA016
USGS-04136900,-83.8376616,44.61277537,0.8870965379875553,72051233,ECCC-02OA016
USGS-04137005,-83.802764,44.56084749,0.11273883840459024,72051226,ECCC-02OA016
USGS-04137500,-83.4338609,44.43640447,0.6389933292230527,72051217,ECCC-02OA016
USGS-04137680,-83.4068134,44.51166408,0.8801148124832701,72052021,ECCC-02OA016
USGS-04137716,-83.34156389,44.44067778,0.8713451130967865,72051965,ECCC-02OA016
USGS-04138536,-83.6858611,44.080225,0.01,72051716,ECCC-02OA016
USGS-04142000,-84.0199939,44.0725203,0.24945580047691757,72051870,ECCC-02OA016
USGS-04144500,-84.17997,43.01502685,0.3665605461794711,72055554,ECCC-02OA016
USGS-04145000,-84.1055324,43.2547478,0.38136613732512414,72055436,ECCC-02OA016
USGS-04145785,-84.1202582,43.4522487,0.9376697866817238,72055883,ECCC-02OA016
USGS-04146063,-83.3507814,43.1594706,0.7278968000711138,72055704,ECCC-02OA016
USGS-04147500,-83.5193965,43.11113726,0.35953485154376946,72055574,ECCC-02OA016
USGS-04148295,-83.7388461,42.9858609,0.5000798090313188,72055796,ECCC-02OA016
USGS-04148500,-83.771626,43.03891625,0.45061652189445905,72055493,ECCC-02OA016
USGS-04149000,-83.9535014,43.30833635,0.14721650715280102,72055409,ECCC-02OA016
USGS-04150500,-83.175974,43.5841674,0.4452515963209682,72055600,ECCC-02OA016
USGS-04151500,-83.7480196,43.3278021,0.6421827092164626,72055455,ECCC-02OA016
USGS-04152049,-84.3422276,44.04113225,0.31793002642512425,72052118,ECCC-02OA016
USGS-04152238,-84.545289,43.8669691,0.5249562245250469,72051895,ECCC-02OA016
USGS-04152500,-84.4738977,43.8794687,0.13058917751822,72051789,ECCC-02OA016
USGS-04153300,-84.382499,43.6769719,0.841215026812978,72055144,ECCC-02OA016
USGS-04153500,-84.4711157,43.7030836,0.761417636836077,72055278,ECCC-02OA016
USGS-04153725,-85.0300556,43.66128889,0.6147443067804675,72055141,ECCC-02OA016
USGS-04153905,-84.847925,43.59268056,0.9463316581476758,72055378,ECCC-02OA016
USGS-04154000,-84.70778969,43.62614048,0.36383916896945295,72055114,ECCC-02OA016
USGS-04154512,-84.3305472,43.6011083,0.7332857455734594,72055092,ECCC-02OA016
USGS-04155500,-84.3691619,43.56447276,0.16151660118640723,72055458,ECCC-02OA016
USGS-04156000,-84.2355439,43.59530477,0.47058876881791173,72055087,ECCC-02OA016
USGS-04157005,-83.951918,43.4219699,0.36692283372146,72055077,ECCC-02OA016
USGS-04157060,-83.8922222,43.60194444,0.12926688814343482,72055068,ECCC-02OA016
USGS-041590774,-82.845,43.9583333,0.5104086978086895,72052748,ECCC-02OA016
USGS-04159130,-82.4246369,42.98697429,0.7610848987687645,72054934,ECCC-02OA016
USGS-04159492,-82.6246474,43.15086,0.11012095555711973,72055582,ECCC-02OA016
USGS-04159900,-82.734649,43.0544713,0.5067218989890223,72055778,ECCC-02OA016
USGS-04160600,-82.7690914,42.9008622,0.7608693706741461,72055842,ECCC-02OA016
USGS-04161000,-83.2243782,42.63336646,0.9221900212530805,72056269,ECCC-02OA016
USGS-04161820,-83.02659329,42.6144781,0.5886378774170367,72055608,ECCC-02OA016
USGS-04164000,-82.951589,42.57781225,0.27626315126729284,72055287,ECCC-02OA016
USGS-04164500,-82.8888104,42.62920008,0.4713797138922307,72055701,ECCC-02OA016
USGS-04165500,-82.908745,42.5958395,0.410687732852579,72055279,ECCC-02OA016
USGS-04165710,-83.0926997,42.2980939,0.76551151765254,72057814,ECCC-02OA016
USGS-04166100,-83.29736958,42.44750765,0.4560688064829374,72058040,ECCC-02OA016
USGS-04166500,-83.2546513,42.3730923,0.31270063967103445,72058010,ECCC-02OA016
USGS-04167000,-83.31159728,42.34809259,0.45315130437186224,72058333,ECCC-02OA016
USGS-04168400,-83.2527063,42.30837099,0.889637198330788,72058519,ECCC-02OA016
USGS-04172000,-83.799943,42.4653119,0.285489618431395,72058026,ECCC-02OA016
USGS-04173500,-83.8982774,42.30031476,0.3229237855705776,72058409,ECCC-02OA016
USGS-04174040,-83.8406333,42.3237472,0.39410337895530995,72057991,ECCC-02OA016
USGS-04174500,-83.7338296,42.28698238,0.5748365239126677,72057980,ECCC-02OA016
USGS-04176000,-83.98077629,41.9047691,0.13738982464783592,72058200,ECCC-02OA016
USGS-04176500,-83.5309896,41.9605671,0.3667591543057266,72058147,ECCC-02OA016
USGS-04177000,-83.6125472,41.65968056,0.4035941170093621,72058315,ECCC-02OA016
USGS-04177080,-84.4907444,41.70945895,0.2622087250782525,72058342,ECCC-02OA016
USGS-04177266,-84.6699172,41.68334819,0.13670894000369155,72058394,ECCC-02OA016
USGS-04178000,-84.8016259,41.38560609,0.4034724567208255,72058176,ECCC-02OA016
USGS-04179520,-85.0490969,41.36001796,0.7827552438577327,72058475,ECCC-02OA016
USGS-04180000,-85.0763202,41.21890817,0.4920400242397475,72059467,ECCC-02OA016
USGS-04180500,-85.0740833,41.16738889,0.7171876989217846,72059464,ECCC-02OA016
USGS-04180610,-85.12563889,41.10888889,0.17456182724196134,72059464,ECCC-02OA016
USGS-04180988,-84.6466254,40.69476968,0.5547190713033283,72059519,ECCC-02OA016
USGS-04181049,-84.7891667,40.74888889,0.40666457154173474,72059507,ECCC-02OA016
USGS-04181120,-84.8423611,40.77944444,0.7700724560618818,72059503,ECCC-02OA016
USGS-04181500,-84.9377049,40.84807836,0.7180796683831583,72059495,ECCC-02OA016
USGS-04182000,-85.1118772,40.9877993,0.46492735151309955,72059481,ECCC-02OA016
USGS-04182769,-85.1543785,41.07863177,0.34026068503347506,72059474,ECCC-02OA016
USGS-04182900,-85.1152105,41.0825206,0.14496887478782167,72059463,ECCC-02OA016
USGS-04182950,-85.0874318,41.0797428,0.3902295053456446,72059463,ECCC-02OA016
USGS-04183000,-85.0221518,41.0850205,0.99,72059463,ECCC-02OA016
USGS-04183500,-84.7444033,41.19893889,0.5646377360636275,72059460,ECCC-02OA016
USGS-04185000,-84.4296719,41.50449567,0.23066329762442556,72058177,ECCC-02OA016
USGS-04185318,-84.4161111,41.3825,0.2668610603043408,72058156,ECCC-02OA016
USGS-04185935,-84.2655556,40.6858333,0.08708301461252825,72059524,ECCC-02OA016
USGS-04186500,-84.266059,40.9486617,0.8489988544996292,72059524,ECCC-02OA016
USGS-04187100,-84.1263371,40.7247729,0.32215701709709,72059528,ECCC-02OA016
USGS-04188100,-84.2266132,40.9903287,0.07545118279772624,72059493,ECCC-02OA016
USGS-04188337,-83.5571508,40.9244986,0.12019823054912379,72059541,ECCC-02OA016
USGS-04188400,-83.5793742,41.0339426,0.2948449210230409,72059525,ECCC-02OA016
USGS-04189000,-83.6879889,41.05588646,0.5130648932906771,72059518,ECCC-02OA016
USGS-04189131,-83.91888889,41.01527778,0.11722390145865885,72059500,ECCC-02OA016
USGS-04189174,-83.97638889,40.97305556,0.7178502112333258,72059591,ECCC-02OA016
USGS-04189260,-84.0468889,41.0169962,0.44158354043623665,72059494,ECCC-02OA016
USGS-04190000,-84.2268905,41.0414393,0.539527786855631,72059482,ECCC-02OA016
USGS-04191058,-84.4075,41.09194444,0.6387918344594822,72059516,ECCC-02OA016
USGS-04192500,-84.2810573,41.2919928,0.35984741244173446,72057844,ECCC-02OA016
USGS-04192599,-84.0508333,41.35638889,0.24393161381023756,72058013,ECCC-02OA016
USGS-04193500,-83.7127145,41.5000526,0.26464346386007365,72057832,ECCC-02OA016
USGS-04195500,-83.3613156,41.449496,0.42040350007825317,72057990,ECCC-02OA016
USGS-04195820,-83.2246454,41.49116178,0.08382329107435356,72057968,ECCC-02OA016
USGS-04196000,-83.00574369,40.80366875,0.4613012882135223,72059573,ECCC-02OA016
USGS-04196500,-83.2563084,40.85061194,0.7414840318644325,72059515,ECCC-02OA016
USGS-04196800,-83.3488116,40.9228332,0.42582003461810664,72059517,ECCC-02OA016
USGS-04197100,-83.1096382,41.022278,0.4203718185153435,72059542,ECCC-02OA016
USGS-04197137,-83.1797222,41.11416667,0.8941771215635426,72059480,ECCC-02OA016
USGS-04198000,-83.1588088,41.3078307,0.18303347236037978,72057872,ECCC-02OA016
USGS-04199000,-82.6082326,41.3008852,0.07100878701126939,72058018,ECCC-02OA016
USGS-04199500,-82.3168273,41.38199,0.36962569072868434,72058019,ECCC-02OA016
USGS-04200500,-82.10459279,41.38032368,0.1710518102011852,72057896,ECCC-02OA016
USGS-04201400,-81.9031933,41.3508833,0.8717983140987391,72058060,ECCC-02OA016
USGS-04201484,-81.8347222,41.33444444,0.8399128410320216,72058071,ECCC-02OA016
USGS-04201500,-81.88263759,41.4075483,0.020168295046708196,72057997,ECCC-02OA016
USGS-04202000,-81.1667664,41.3406103,0.2860259222445862,72059458,ECCC-02OA016
USGS-04206000,-81.5470622,41.1356112,0.8826237200044552,72059454,ECCC-02OA016
USGS-04206425,-81.56511929,41.28894396,0.23404507593153456,72057889,ECCC-02OA016
USGS-04207200,-81.5273419,41.38449868,0.672507864938678,72058041,ECCC-02OA016
USGS-04208000,-81.6298478,41.39533087,0.6599063407736923,72057887,ECCC-02OA016
USGS-04208502,-81.7215204,41.45032916,0.4440662128380736,72058595,ECCC-02OA016
USGS-04209000,-81.40344549,41.630881,0.01,72058243,ECCC-02OA016
USGS-04212100,-81.2278789,41.7189339,0.05238658205881495,72058161,ECCC-02OA016
USGS-04213000,-80.6039659,41.92699898,0.5195566414140549,72058362,ECCC-02OA016
USGS-04213319,-79.5899167,42.33080556,0.40883368259663233,72055325,ECCC-02OA016
USGS-04213376,-79.3504444,42.45063889,0.40986239004675357,72055326,ECCC-02OA016
USGS-04213401,-79.1689722,42.5383611,0.9293477635988053,72055333,ECCC-02OA016
USGS-04213500,-78.9345278,42.46344444,0.35656723356243103,72055150,ECCC-02OA016
USGS-04214060,-79.0355,42.65713889,0.38107152171618686,72056154,ECCC-02OA016
USGS-0421422210,-78.84925,42.70655556,0.7755011302730958,72056404,ECCC-02OA016
USGS-04214231,-78.8786944,42.68027778,0.7742509933970854,72056399,ECCC-02OA016
USGS-04214500,-78.7564167,42.8546111,0.9080399393812848,72055991,ECCC-02OA016
USGS-04215000,-78.6449444,42.8900833,0.02753667313440541,72055791,ECCC-02OA016
USGS-04215500,-78.7750278,42.82952778,0.7662316322249481,72055929,ECCC-02OA016
USGS-04216418,-78.2834167,42.86469444,0.12831491952638954,72055995,ECCC-02OA016
USGS-04217000,-78.1881667,42.99713889,0.3489855264512882,72055766,ECCC-02OA016
USGS-04218000,-78.6361667,43.0935,0.9032436780600385,72055497,ECCC-02OA016
USGS-04219000,-77.2969722,43.07177778,0.44478305729622714,72056146,ECCC-02OA016
USGS-04219767,-78.6978611,43.25255556,0.1584479751573611,72055861,ECCC-02OA016
USGS-04219768,-78.7154167,43.31380556,0.5589550600744444,72055861,ECCC-02OA016
USGS-04219915,-78.2645278,43.3608333,0.8341659053042191,72056053,ECCC-02OA016
USGS-04220045,-78.38638889,43.17430556,0.23487597737767157,72055744,ECCC-02OA016
USGS-0422016550,-78.3104444,43.301,0.15349729619318314,72055614,ECCC-02OA016
USGS-0422018610,-78.1930556,43.35330556,0.6509625730331075,72055614,ECCC-02OA016
USGS-04220223,-77.9278056,43.33538889,0.20014810002753597,72055925,ECCC-02OA016
USGS-04221000,-77.9572222,42.1222222,0.18242073701164868,72058329,ECCC-02OA016
USGS-04223000,-78.0419722,42.57019444,0.5035835594117031,72055054,ECCC-02OA016
USGS-04224775,-77.7039444,42.5358611,0.8582363493531077,72055236,ECCC-02OA016
USGS-04226000,-77.8286944,42.6824722,0.8258816321542886,72056105,ECCC-02OA016
USGS-04227000,-77.8414167,42.73605556,0.33310676386469834,72055183,ECCC-02OA016
USGS-04227500,-77.83888889,42.76666667,0.17986475107686137,72055051,ECCC-02OA016
USGS-04227995,-77.71527778,42.85416667,0.560286907342865,72056294,ECCC-02OA016
USGS-04228500,-77.7574167,42.9227222,0.112258734064409,72055045,ECCC-02OA016
USGS-04229500,-77.58888889,42.9572222,0.8342754249293309,72055824,ECCC-02OA016
USGS-04230380,-78.1376111,42.74266667,0.03960514726318686,72056244,ECCC-02OA016
USGS-04230500,-77.79138889,43.01,0.5305471396995227,72055642,ECCC-02OA016
USGS-04230650,-77.6808333,43.09294444,0.9767915299077615,72055043,ECCC-02OA016
USGS-04231000,-77.8822222,43.10055556,0.5941238455163281,72055801,ECCC-02OA016
USGS-04231600,-77.6163056,43.1417222,0.18134143415531553,72055041,ECCC-02OA016
USGS-0423205010,-77.5119444,43.145,0.07857742715717796,72055846,ECCC-02OA016
USGS-04232200,-76.8439167,42.32827778,0.01,72058515,ECCC-02OA016
USGS-04232482,-76.95388889,42.6803333,0.8921601543003296,72055238,ECCC-02OA016
USGS-04232730,-76.7611111,42.93888889,0.7440432963824629,72055170,ECCC-02OA016
USGS-04233255,-76.5216667,42.4272222,0.48588661459144294,72058507,ECCC-02OA016
USGS-04233300,-76.4355833,42.40263889,0.5901199273394202,72059388,ECCC-02OA016
USGS-04234000,-76.47277778,42.4533333,0.7869428945592783,72057916,ECCC-02OA016
USGS-0423401815,-76.5338333,42.5526111,0.45535613625089916,72055962,ECCC-02OA016
USGS-0423406130,-76.7368961,42.96292674,0.34762896241834107,72055113,ECCC-02OA016
USGS-04234254,-77.2982222,43.0674722,0.28821672899371203,72055745,ECCC-02OA016
USGS-04235000,-77.23277778,42.9182222,0.4821521257675026,72055727,ECCC-02OA016
USGS-04235250,-77.0680556,42.95777778,0.9658711002360019,72056418,ECCC-02OA016
USGS-0423527080,-76.87752778,43.0825833,0.20634629310828795,72055483,ECCC-02OA016
USGS-04235440,-76.5635556,42.93238889,0.3430523501517636,72055764,ECCC-02OA016
USGS-04235600,-76.6455556,43.0786111,0.9384213429793088,72055103,ECCC-02OA016
USGS-04236800,-76.47225,43.01488889,0.8159356250354457,72056585,ECCC-02OA016
USGS-04237496,-76.3626944,43.1623333,0.5631971779245708,72055094,ECCC-02OA016
USGS-04239000,-76.1508333,42.9833333,0.4180055692075667,72056123,ECCC-02OA016
USGS-04240010,-76.162,43.05744444,0.9209886532045073,72056123,ECCC-02OA016
USGS-04242640,-75.61302778,43.25825,0.04558918099343201,72055640,ECCC-02OA016
USGS-04243500,-75.6394167,43.09755556,0.01,72055838,ECCC-02OA016
USGS-04243783,-75.7512222,43.0956111,0.2647419555076219,72056169,ECCC-02OA016
USGS-04244000,-75.8586111,43.02305556,0.85390158991474,72056324,ECCC-02OA016
USGS-04245840,-76.00277778,43.25980556,0.6220454659880686,72057192,ECCC-02OA016
USGS-04247000,-76.21777778,43.2053611,0.07251022830031138,72055441,ECCC-02OA016
USGS-04247055,-76.2871111,43.21116667,0.1276566031640275,72055086,ECCC-02OA016
USGS-04249000,-76.50527778,43.45166667,0.29695411280948797,72055079,ECCC-02OA016
USGS-04249200,-75.8139722,43.5423611,0.9361442655566257,72055880,ECCC-02OA016
USGS-04250200,-76.0376944,43.53119444,0.7448290880148691,72055644,ECCC-02OA016
USGS-04250750,-76.0744444,43.81369444,0.39160499544103117,72055348,ECCC-02OA016
USGS-04252500,-75.30677778,43.5116111,0.801090779744983,72055669,ECCC-02OA016
USGS-04256000,-75.3334444,43.74680556,0.686081926824735,72055352,ECCC-02OA016
USGS-04258000,-75.40427778,43.89716667,0.9419827546422594,72051652,ECCC-02OA016
USGS-04260500,-75.9246111,43.9858333,0.7508857207765823,72051122,ECCC-02OA016
USGS-04262000,-75.0743056,44.22255556,0.9544845522871966,72051742,ECCC-02OA016
USGS-04262500,-75.3308333,44.18555556,0.07885574893583175,72051767,ECCC-02OA016
USGS-04263000,-75.37888889,44.5994444,0.37589312431513483,72051498,ECCC-02OA016
USGS-04265432,-75.0784444,44.84652778,0.2689376191832539,72051211,ECCC-02OA016
USGS-04266500,-74.57152778,44.23416667,0.770596359727609,72051591,ECCC-02OA016
USGS-04267500,-74.8836111,44.5098333,0.9504304667327473,72051522,ECCC-02OA016
USGS-04268000,-74.97888889,44.83888889,0.07628273014290188,72051487,ECCC-02OA016
USGS-04268800,-74.7372222,44.59875,0.42234063178579806,72051876,ECCC-02OA016
USGS-04269000,-74.7786944,44.8637222,0.466546175583013,72051615,ECCC-02OA016
USGS-04270200,-74.5569444,44.94,0.520749195239509,72052068,ECCC-02OA016
USGS-04271500,-73.5020833,44.9996111,0.5267656211148559,72051210,ECCC-02OJ007
USGS-04271815,-73.415,44.9022222,0.755620439337695,72052596,ECCC-02OJ007
USGS-04273500,-73.4711111,44.68166667,0.5898629659328546,72051563,ECCC-02OJ007
USGS-04273700,-73.49488889,44.64016667,0.15464417144984755,72052178,ECCC-02OJ007
USGS-04273800,-73.4963333,44.59427778,0.1447742441693265,72052221,ECCC-02OJ007
USGS-04275000,-73.6809722,44.43738889,0.9026076501963487,72051898,ECCC-02OJ007
USGS-04275500,-73.6426667,44.45175,0.2875321339983438,72051828,ECCC-02OJ007
USGS-04276500,-73.3944444,44.3583333,0.29507156741924523,72051781,ECCC-02OJ007
USGS-04280000,-73.31163628,43.62425698,0.581241614789035,72055853,ECCC-02OJ007
USGS-04280450,-73.2845,43.46394444,0.22301857852399237,72055848,ECCC-02OJ007
USGS-04282000,-73.0132928,43.6037007,0.7999971597506637,72055752,ECCC-02OJ007
USGS-04282500,-73.1680182,44.01314317,0.5099208746205509,72051184,ECCC-02OJ007
USGS-04282525,-73.17079579,44.061754,0.7239712864745433,72052071,ECCC-02OJ007
USGS-04282629,-73.1848694,44.185725,0.2797237720433095,72052653,ECCC-02OJ007
USGS-04282650,-73.2491311,44.1981424,0.29012936078611473,72052402,ECCC-02OJ007
USGS-04282780,-73.22857458,44.24925319,0.668017660401224,72052406,ECCC-02OJ007
USGS-04285500,-72.57872119,44.29950278,0.4298859128030149,72052452,ECCC-02OJ007
USGS-04286000,-72.59344318,44.25672595,0.665179488293512,72051916,ECCC-02OJ007
USGS-04287000,-72.6406655,44.1825606,0.1372911019692724,72052525,ECCC-02OJ007
USGS-04288000,-72.7426163,44.2772802,0.5327923343468439,72052225,ECCC-02OJ007
USGS-04288295,-72.7244444,44.4425,0.7812059061566491,72052563,ECCC-02OJ007
USGS-04289000,-72.7687298,44.37033339,0.8000527543074603,72052366,ECCC-02OJ007
USGS-04290500,-73.1387381,44.47893867,0.022429676746951847,72051579,ECCC-02OJ007
USGS-04292000,-72.67633099,44.62286096,0.850673740050351,72051824,ECCC-02OJ007
USGS-04292500,-73.0727335,44.6792507,0.18389586776641156,72051590,ECCC-02OJ007
USGS-04293000,-72.38548537,44.97285866,0.2297201595806424,72046767,ECCC-02OJ007
USGS-04293500,-72.6966075,44.96008186,0.69719093191636,72051195,ECCC-02OJ007
USGS-04294000,-73.1285674,44.9167499,0.3834484732684942,72051177,ECCC-02OJ007
USGS-04294300,-72.8335565,45.00285988,0.023192417298049932,72046756,ECCC-02OJ007
USGS-04296000,-72.2701041,44.8689363,0.5304158152571143,72051993,USGS-04296000
USGS-04296280,-72.2005556,44.87138889,0.48766280037072113,72052309,USGS-04296280
USGS-04296500,-72.1892684,44.94032449,0.9394300585193477,72052251,USGS-04296500
USGS-03007800,-78.29279129,41.81867578,0.18930698112158284,74024147,USGS-07374000
USGS-03010500,-78.3861287,41.963398,0.9896637196807224,74023951,USGS-07374000
USGS-03010655,-78.1980662,41.96173237,0.9222382490674472,74025138,USGS-07374000
USGS-03010820,-78.4508611,42.0723611,0.36435703958057436,74023722,USGS-07374000
USGS-03011020,-78.7155556,42.1568333,0.44371593484952476,74023618,USGS-07374000
USGS-03011800,-78.71863999,41.76645099,0.5263172533836,74026178,USGS-07374000
USGS-03012550,-79.0119846,41.84144917,0.35068939076198946,74023531,USGS-07374000
USGS-03014500,-79.20363889,42.11263889,0.8561138111341615,74024793,USGS-07374000
USGS-03015000,-79.133101,41.9381145,0.926697006054309,74023862,USGS-07374000
USGS-03015310,-79.1497668,41.8439485,0.04074769178793544,74023500,USGS-07374000
USGS-03015500,-79.3172708,41.8525587,0.9761388231551397,74024112,USGS-07374000
USGS-03016000,-79.4078243,41.5708949,0.2980496930563389,74023445,USGS-07374000
USGS-03017500,-79.0500392,41.60200599,0.9714517900453804,74024612,USGS-07374000
USGS-03020000,-79.4439351,41.47784,0.8068713792646977,74029649,USGS-07374000
USGS-03020500,-79.6953304,41.4817261,0.99,74030115,USGS-07374000
USGS-03021350,-79.7825507,42.015332,0.704963525409191,74024575,USGS-07374000
USGS-03021520,-79.8967189,41.90783338,0.9696978062430273,74024309,USGS-07374000
USGS-03022540,-80.04811219,41.6906115,0.5141737990016593,74025949,USGS-07374000
USGS-03022554,-80.1081133,41.69588905,0.8119603969066032,74025949,USGS-07374000
USGS-03023100,-80.1595043,41.63255476,0.05241522235881025,74023669,USGS-07374000
USGS-03024000,-79.9558912,41.43755525,0.9457006833038926,74030011,USGS-07374000
USGS-03025500,-79.8203322,41.3895027,0.06605227792420419,74029612,USGS-07374000
USGS-03027500,-78.5961347,41.5531176,0.6282147878654456,74025439,USGS-07374000
USGS-03028000,-78.69224919,41.57533955,0.01,74025214,USGS-07374000
USGS-03028500,-78.6783595,41.48617269,0.3526595376918092,74030031,USGS-07374000
USGS-03029000,-78.7358612,41.4208946,0.041366831755926925,74029969,USGS-07374000
USGS-03029500,-79.2089298,41.3306189,0.05055151863464799,74029854,USGS-07374000
USGS-03030500,-79.440045,41.19256259,0.7175962855972875,74029837,USGS-07374000
USGS-03031500,-79.68116,41.10061789,0.45975703406565904,74029592,USGS-07374000
USGS-03031882,-79.0808701,41.15811918,0.11347337307131436,74031123,USGS-07374000
USGS-03032500,-79.3942088,40.9945093,0.033739613975145216,74030614,USGS-07374000
USGS-03034000,-79.00836738,40.93923105,0.1586252628922139,74031744,USGS-07374000
USGS-03034500,-79.1100356,40.8361756,0.611614117187678,74032814,USGS-07374000
USGS-03036000,-79.2911508,40.9275653,0.8237515864396899,74030970,USGS-07374000
USGS-03036500,-79.531434,40.82034197,0.32123527950882974,74029563,USGS-07374000
USGS-03038000,-79.3486511,40.6547875,0.10917129022265347,74031492,USGS-07374000
USGS-03039000,-79.5114332,40.7203422,0.5573108471794266,74031045,USGS-07374000
USGS-03040000,-78.9205806,40.28563049,0.09028342539241574,74029891,USGS-07374000
USGS-03041029,-78.9261111,40.34138889,0.046073777849265515,74029880,USGS-07374000
USGS-03041500,-79.0261404,40.4192377,0.14540562115948358,74029869,USGS-07374000
USGS-03042000,-79.1867009,40.4770127,0.945773118832266,74031351,USGS-07374000
USGS-03042280,-79.1033664,40.57256726,0.6166805537986597,74032667,USGS-07374000
USGS-03042500,-79.171701,40.5172899,0.5813166219410028,74031458,USGS-07374000
USGS-03044000,-79.3908724,40.4545117,0.562665139962377,74029834,USGS-07374000
USGS-03045000,-79.340591,40.29257045,0.6667325651965226,74032181,USGS-07374000
USGS-03047000,-79.4494444,40.45888889,0.5095505768770586,74031148,USGS-07374000
USGS-03048500,-79.5519887,40.6045099,0.5310924695042308,74029823,USGS-07374000
USGS-03048900,-79.6781111,40.7344722,0.6388656479222206,74031680,USGS-07374000
USGS-03049500,-79.7183667,40.6152958,0.8551978776095613,74029552,USGS-07374000
USGS-03049807,-79.9484444,40.50313889,0.8722420996513566,74032892,USGS-07374000
USGS-03050000,-79.8817342,38.809275,0.7995723876862897,74037901,USGS-07374000
USGS-03051000,-79.93590799,39.0292694,0.5797346455180167,74037796,USGS-07374000
USGS-03052000,-80.0681352,39.03954454,0.8490301972454322,74039725,USGS-07374000
USGS-03052120,-80.21388889,38.81963889,0.21019292932105896,74040100,USGS-07374000
USGS-03052450,-80.20924949,39.0053762,0.07583084498994018,74039145,USGS-07374000
USGS-03053500,-80.1145254,39.05121,0.6583540511268279,74038894,USGS-07374000
USGS-03054500,-80.038691,39.15037545,0.6075783324576787,74037753,USGS-07374000
USGS-03056000,-80.0250779,39.31981459,0.7760795174575539,74037703,USGS-07374000
USGS-03056250,-79.9934094,39.33648107,0.8058556739022247,74040153,USGS-07374000
USGS-03057000,-80.1325789,39.4350866,0.3683501902655816,74037676,USGS-07374000
USGS-03058000,-80.4733611,39.00452778,0.09747687985671494,74039489,USGS-07374000
USGS-03058500,-80.4675915,39.09064846,0.9142817464659084,74039291,USGS-07374000
USGS-03061000,-80.2759187,39.42230818,0.9152459126655311,74038630,USGS-07374000
USGS-03061500,-80.1681667,39.50566667,0.48496129465402404,74039685,USGS-07374000
USGS-03062500,-79.9525633,39.62924826,0.9563343553930564,74043794,USGS-07374000
USGS-03065000,-79.6228373,39.07232928,0.8519124994067869,74038965,USGS-07374000
USGS-03066000,-79.4683852,39.1270524,0.11614971167038302,74039806,USGS-07374000
USGS-03068800,-79.770342,38.91316335,0.6823845243862702,74038069,USGS-07374000
USGS-03069500,-79.6755278,39.12155556,0.3125953134768983,74037748,USGS-07374000
USGS-0307020015,-79.6679194,39.34976389,0.01,74037683,USGS-07374000
USGS-03070260,-79.6444969,39.4948104,0.9621485193449197,74037683,USGS-07374000
USGS-03070500,-79.7045556,39.62175,0.20970705750176594,74039710,USGS-07374000
USGS-03072000,-79.9706152,39.7592449,0.7665770189648963,74039326,USGS-07374000
USGS-03072655,-79.9228206,39.8250275,0.629076486922187,74037603,USGS-07374000
USGS-03073000,-80.072558,39.92313056,0.33482948414625563,74039515,USGS-07374000
USGS-03074500,-79.7642085,39.9800758,0.1790577318248025,74030063,USGS-07374000
USGS-03075500,-79.42363889,39.4215833,0.01,74039976,USGS-07374000
USGS-03075590,-79.4120278,39.49255556,0.756876613380717,74039765,USGS-07374000
USGS-03076100,-79.41075,39.52580556,0.10685007819978695,74039567,USGS-07374000
USGS-03076500,-79.4083056,39.6536111,0.9033604162302608,74039567,USGS-07374000
USGS-03076600,-79.3941111,39.65613889,0.34370348735619255,74040462,USGS-07374000
USGS-03077500,-79.3642019,39.80535485,0.9026389837162121,74038911,USGS-07374000
USGS-03078000,-79.13638889,39.70219444,0.4857606612024149,74040372,USGS-07374000
USGS-03079000,-79.2288333,39.85991667,0.9630364820822037,74037954,USGS-07374000
USGS-03080000,-79.3214227,39.820355,0.7113563365155915,74037958,USGS-07374000
USGS-03081000,-79.3725353,39.8275767,0.3772285701881431,74037857,USGS-07374000
USGS-03081500,-79.4944829,39.86590869,0.9866058330941646,74037845,USGS-07374000
USGS-03082500,-79.5932222,40.01752778,0.5781622388305362,74029798,USGS-07374000
USGS-03083500,-79.8066944,40.2402222,0.15745013470454922,74029763,USGS-07374000
USGS-03084698,-79.8058805,40.39423566,0.6670965055462508,74031829,USGS-07374000
USGS-03085500,-80.0964444,40.4006247,0.026196182735829174,74031153,USGS-07374000
USGS-03086000,-80.20560508,40.5491864,0.949405638787868,74029469,USGS-07374000
USGS-03090500,-81.0012032,41.0483912,0.2165584990450613,74031441,USGS-07374000
USGS-03091500,-80.9712018,41.1314461,0.8027204120595132,74031441,USGS-07374000
USGS-03092460,-81.0717621,41.15700127,0.22175624322373713,74032233,USGS-07374000
USGS-03093000,-80.9542569,41.26116735,0.40234619059040366,74031935,USGS-07374000
USGS-03094000,-80.880642,41.23922335,0.027554115339876006,74030829,USGS-07374000
USGS-03095500,-80.7584141,41.29977898,0.11460921195092463,74029953,USGS-07374000
USGS-03098600,-80.6655556,41.10527778,0.20493499155327113,74029884,USGS-07374000
USGS-03099500,-80.5361815,41.03672598,0.5722472500599509,74029872,USGS-07374000
USGS-03101500,-80.46006929,41.49810898,0.2808478911563147,74030124,USGS-07374000
USGS-03102500,-80.376178,41.42199889,0.4616950205754924,74030000,USGS-07374000
USGS-03102850,-80.3978453,41.3536663,0.9048313414122933,74029962,USGS-07374000
USGS-03103500,-80.47255589,41.2661241,0.3255366552159321,74029897,USGS-07374000
USGS-03105500,-80.3370083,40.88867389,0.6908397026763026,74029843,USGS-07374000
USGS-03106000,-80.2422837,40.8170092,0.9066488491224637,74031017,USGS-07374000
USGS-03106300,-80.12888889,40.9633333,0.7397465654886688,74035585,USGS-07374000
USGS-03106500,-80.2336604,40.88390519,0.7529014236958169,74031187,USGS-07374000
USGS-03107500,-80.31505239,40.763351,0.64937745030985,74029835,USGS-07374000
USGS-03108000,-80.33755359,40.62779694,0.6565618645196164,74031297,USGS-07374000
USGS-03109500,-80.5406244,40.6758974,0.405570875226956,74030961,USGS-07374000
USGS-03110000,-80.7250777,40.53784235,0.7860047310447166,74031446,USGS-07374000
USGS-03110830,-80.5925723,40.4356229,0.6397642039996763,74032523,USGS-07374000
USGS-03111500,-80.7342482,40.19340427,0.5916671598946405,74031779,USGS-07374000
USGS-03111548,-80.8084198,40.0670164,0.7266946130688675,74032602,USGS-07374000
USGS-03112000,-80.6609116,40.0445177,0.01,74029788,USGS-07374000
USGS-03113990,-80.9359288,39.9067395,0.2964890051531827,74039680,USGS-07374000
USGS-03114283,-80.5627222,39.4992222,0.01,74040919,USGS-07374000
USGS-03114306,-80.8747222,39.63027778,0.031195839175451705,74037240,USGS-07374000
USGS-03114350,-80.7334722,39.26725,0.622101048351931,74040381,USGS-07374000
USGS-03114500,-80.9970537,39.4750762,0.4059780200022298,74038788,USGS-07374000
USGS-03115400,-81.2037236,39.5631294,0.36603459502963426,74039192,USGS-07374000
USGS-03115644,-81.371975,39.6128833,0.2825138263185644,74039675,USGS-07374000
USGS-03115712,-81.4608333,39.63160556,0.6567398463115113,74040775,USGS-07374000
USGS-03115786,-81.4230556,39.50888889,0.36144624569909184,74039216,USGS-07374000
USGS-03115917,-81.5602778,41.02,0.2835612987919615,74032195,USGS-07374000
USGS-03116000,-81.6326245,40.9278334,0.8931246556820557,74031837,USGS-07374000
USGS-03116077,-81.8505556,40.96638889,0.9777720254798105,74035933,USGS-07374000
USGS-03116196,-81.7630556,40.95805556,0.04582265877958395,74031859,USGS-07374000
USGS-03117000,-81.5230556,40.7875,0.9312030774742043,74031066,USGS-07374000
USGS-03117500,-81.2598308,40.6725609,0.045471746164297014,74031417,USGS-07374000
USGS-03118000,-81.3537229,40.84144709,0.8519478694963714,74035577,USGS-07374000
USGS-03118500,-81.3694444,40.7497222,0.1273144985832144,74031641,USGS-07374000
USGS-03120500,-81.196493,40.47034258,0.17902582047601528,74032546,USGS-07374000
USGS-03121500,-81.2881642,40.52534188,0.9646103839842974,74034495,USGS-07374000
USGS-03124500,-81.523175,40.5875624,0.9264016039224824,74031269,USGS-07374000
USGS-03125900,-81.2095508,40.19451235,0.99,74033433,USGS-07374000
USGS-03126000,-81.2153844,40.1947901,0.09140225146597632,74031736,USGS-07374000
USGS-03126910,-81.2841667,40.2661111,0.99,74033574,USGS-07374000
USGS-03127000,-81.2903866,40.2703451,0.1099545687226457,74031185,USGS-07374000
USGS-03128500,-81.2301062,40.3570105,0.353604169268093,74032414,USGS-07374000
USGS-03129000,-81.6090097,40.2614593,0.7330306828118786,74030400,USGS-07374000
USGS-03131300,-82.36016289,40.6978361,0.01019005553188647,74031038,USGS-07374000
USGS-03136500,-82.4998854,40.4056175,0.2752218659274136,74031491,USGS-07374000
USGS-03139000,-81.985979,40.48145387,0.7706879049107415,74030849,USGS-07374000
USGS-03140500,-81.872909,40.24840465,0.17807088302799137,74030304,USGS-07374000
USGS-03141500,-81.4378966,39.92451624,0.6491611821479982,74040150,USGS-07374000
USGS-03141870,-81.4956758,39.99007179,0.7098840087774804,74029534,USGS-07374000
USGS-03142000,-81.5870674,40.01451644,0.18620217459629676,74029521,USGS-07374000
USGS-03144000,-82.13638889,40.1197222,0.8598817783781749,74031412,USGS-07374000
USGS-03144500,-81.9995802,40.12034687,0.09111108852985818,74029466,USGS-07374000
USGS-03144816,-82.5986111,39.9636111,0.5400392305686119,74038169,USGS-07374000
USGS-03145000,-82.47487789,39.988675,0.7041861590763732,74029804,USGS-07374000
USGS-03145173,-82.4133333,40.0375,0.8270418638215002,74029399,USGS-07374000
USGS-03145483,-82.5516667,40.06888889,0.23527321379756466,74032253,USGS-07374000
USGS-03145534,-82.41138889,40.0525,0.9704741932056595,74032253,USGS-07374000
USGS-03146000,-82.454881,40.22978675,0.49000120101845057,74031761,USGS-07374000
USGS-03146402,-82.39638889,40.05944444,0.9125168406016576,74031230,USGS-07374000
USGS-03146500,-82.3395948,40.05923245,0.4959986001585835,74029397,USGS-07374000
USGS-03149500,-81.8604105,39.9086814,0.48047058987695423,74037340,USGS-07374000
USGS-03150000,-81.8498578,39.6450711,0.43701824855315563,74037216,USGS-07374000
USGS-03150500,-81.6404066,39.5450731,0.05861104054190894,74037210,USGS-07374000
USGS-03151400,-80.5253667,38.7434337,0.5890796674171724,74039811,USGS-07374000
USGS-03151600,-80.6762077,38.8650952,0.13659992428091094,74038961,USGS-07374000
USGS-03151915,-80.73838889,38.92538889,0.693826377129068,74040114,USGS-07374000
USGS-03152000,-80.8382222,38.9329722,0.706137708730114,74038817,USGS-07374000
USGS-03154000,-81.22338889,38.84455556,0.012035396572702757,74039391,USGS-07374000
USGS-03155000,-81.38956408,39.0589686,0.7375419532927617,74038424,USGS-07374000
USGS-03155220,-81.2123373,39.07896905,0.5137082740175968,74039117,USGS-07374000
USGS-03156400,-82.6007184,39.70673098,0.3673087120674139,74040473,USGS-07374000
USGS-03157000,-82.5784946,39.5883982,0.9050999439443851,74044222,USGS-07374000
USGS-03157500,-82.4746008,39.5650661,0.44599058517371143,74039045,USGS-07374000
USGS-03159500,-82.0876439,39.32896188,0.28005078383416,74038624,USGS-07374000
USGS-03159540,-81.8818024,39.06368935,0.1864044203347299,74039270,USGS-07374000
USGS-03161000,-81.4069444,36.3933333,0.9004234932522432,74055269,USGS-07374000
USGS-03164000,-80.978969,36.6473497,0.01,74054793,USGS-07374000
USGS-03165000,-80.9192444,36.6459613,0.37558357810923404,74059851,USGS-07374000
USGS-03165500,-80.9525807,36.83484534,0.69955779035534,74054755,USGS-07374000
USGS-03167000,-80.8872997,36.93900995,0.549654129680937,74054439,USGS-07374000
USGS-03168000,-80.7456257,36.93762235,0.04408449168918173,74054398,USGS-07374000
USGS-03170000,-80.5567239,37.03762635,0.5374427545658885,74045416,USGS-07374000
USGS-03171000,-80.56922499,37.14179254,0.2363194131549905,74045407,USGS-07374000
USGS-03173000,-80.7095125,37.26817845,0.03025422858136598,74046980,USGS-07374000
USGS-03175500,-80.8497993,37.30567654,0.8409796353684155,74047465,USGS-07374000
USGS-03176500,-80.8606347,37.3728986,0.8834440368350759,74045388,USGS-07374000
USGS-03177120,-80.8860833,37.3485,0.6443552773796499,74048148,USGS-07374000
USGS-03177710,-81.3048227,37.27150554,0.9214574940404822,74048478,USGS-07374000
USGS-03179000,-81.0103678,37.54400779,0.17266118432682934,74046879,USGS-07374000
USGS-03180500,-79.833115,38.54372659,0.01,74046330,USGS-07374000
USGS-03181949,-80.0278056,38.1978611,0.15083214454461896,74048087,USGS-07374000
USGS-03182500,-80.13,38.1862222,0.9804556485641244,74046077,USGS-07374000
USGS-03182700,-80.28988889,37.9086111,0.5571319805565549,74047888,USGS-07374000
USGS-03183500,-80.641468,37.7242874,0.8263649703755697,74045986,USGS-07374000
USGS-03184000,-80.805083,37.64012018,0.5885056948624046,74045969,USGS-07374000
USGS-03185000,-81.1623212,37.7606708,0.964458107747378,74050949,USGS-07374000
USGS-03185400,-81.07648838,37.95511285,0.99,74045365,USGS-07374000
USGS-03186500,-80.4839737,38.37899915,0.7918533324999362,74047864,USGS-07374000
USGS-03187500,-80.5264749,38.2953903,0.7548888285949721,74049036,USGS-07374000
USGS-03188900,-80.5880556,38.1636111,0.4910338904534638,74052145,USGS-07374000
USGS-03189100,-80.6409242,38.29094494,0.01675531047496645,74047057,USGS-07374000
USGS-03190000,-80.8762069,38.1126125,0.6130174763916787,74047271,USGS-07374000
USGS-03191500,-81.0231111,38.2646111,0.6379166127586631,74052656,USGS-07374000
USGS-03192000,-81.1809415,38.2334395,0.6795703822068393,74046593,USGS-07374000
USGS-03193000,-81.2142745,38.1381632,0.41922853057766396,74045352,USGS-07374000
USGS-03194700,-80.4903644,38.59732627,0.7027589738299326,74037349,USGS-07374000
USGS-03197000,-81.2841933,38.47203988,0.41075878999736276,74045300,USGS-07374000
USGS-03197790,-81.5011944,38.45594444,0.5696384184260319,74046370,USGS-07374000
USGS-03197950,-81.627068,38.3581527,0.5338266245619591,74045287,USGS-07374000
USGS-03198000,-81.7020701,38.37148448,0.6706851100678314,74045284,USGS-07374000
USGS-03198350,-81.524278,37.9662186,0.9237812883104305,74048431,USGS-07374000
USGS-03198500,-81.7115106,38.1798222,0.624444639137085,74047063,USGS-07374000
USGS-03199000,-81.8365,38.07977778,0.9288010552741677,74047427,USGS-07374000
USGS-03200500,-81.841518,38.33898309,0.6371585613920369,74046817,USGS-07374000
USGS-03201000,-81.6312379,38.52620409,0.41687140104993736,74039051,USGS-07374000
USGS-03201405,-82.0068032,38.4453673,0.6571570521369668,74052940,USGS-07374000
USGS-03202000,-82.3558333,38.8736111,0.057806275237587246,74038615,USGS-07374000
USGS-03202300,-81.5371111,37.5818611,0.9686781329160514,74047413,USGS-07374000
USGS-03202400,-81.6451096,37.60400034,0.8456722889904602,74047398,USGS-07374000
USGS-03202750,-81.7073342,37.62316608,0.8426723507102586,74047907,USGS-07374000
USGS-03203600,-81.9759574,37.84232616,0.4226667044891616,74046653,USGS-07374000
USGS-03204346,-82.0401667,38.25441667,0.46567439002841265,74049111,USGS-07374000
USGS-03204500,-82.1131111,38.38825,0.8586153154044215,74047203,USGS-07374000
USGS-03205470,-82.495157,38.59619126,0.28229057361001453,74046307,USGS-07374000
USGS-03206600,-82.3059722,38.0118333,0.5861763477900391,74051699,USGS-07374000
USGS-03207800,-82.1956935,37.35371995,0.16302105762383137,74047223,USGS-07374000
USGS-03208950,-82.4387614,37.1239952,0.39747876598306625,74048943,USGS-07374000
USGS-03209500,-82.5262632,37.4642676,0.01,74046724,USGS-07374000
USGS-03209800,-82.7771043,37.67093027,0.967549778288647,74046556,USGS-07374000
USGS-03210000,-82.45792659,37.5670444,0.963979593774684,74050467,USGS-07374000
USGS-03212500,-82.7915493,37.81537197,0.01,74046497,USGS-07374000
USGS-03212750,-81.5998295,37.44122439,0.99,74047895,USGS-07374000
USGS-03212980,-81.8026142,37.39538968,0.36572947425725777,74047493,USGS-07374000
USGS-03213000,-81.8383056,37.47927778,0.29884594526449265,74047176,USGS-07374000
USGS-03213500,-81.8711111,37.44555556,0.5623383692234557,74050240,USGS-07374000
USGS-03213700,-82.2801408,37.67315699,0.09700512838253614,74046628,USGS-07374000
USGS-03214500,-82.4087578,37.83731869,0.36350549705213536,74046543,USGS-07374000
USGS-03216350,-82.9910027,38.25397068,0.9728624849798823,74048078,USGS-07374000
USGS-03216500,-82.9393353,38.3300813,0.6556403157607735,74047289,USGS-07374000
USGS-03216777,-83.1895603,38.29038098,0.12421199777606663,74048831,USGS-07374000
USGS-03217000,-82.9521158,38.5642453,0.9784276293100289,74038048,USGS-07374000
USGS-03217424,-83.6136111,40.64444444,0.13059202231328443,74031867,USGS-07374000
USGS-03217500,-83.3841667,40.57194444,0.39019417094668035,74031204,USGS-07374000
USGS-03219500,-83.1971372,40.4195042,0.5459358090969544,74030768,USGS-07374000
USGS-03219781,-83.39,40.25694444,0.43754085931223685,74032837,USGS-07374000
USGS-03220000,-83.1738026,40.24839457,0.9559606401656173,74032837,USGS-07374000
USGS-03221000,-83.1204664,40.14339564,0.4357639277920493,74030552,USGS-07374000
USGS-03221646,-83.0677778,39.98916667,0.6541260925811044,74038103,USGS-07374000
USGS-03223425,-82.8212902,40.5489487,0.3635372895070604,74034697,USGS-07374000
USGS-03225500,-83.0671318,40.35506096,0.09094878572002163,74038104,USGS-07374000
USGS-03226800,-83.0318515,40.110341,0.6846176304590235,74038104,USGS-07374000
USGS-03227107,-83.0236111,39.99777778,0.9310441800008562,74038104,USGS-07374000
USGS-03227500,-83.0090724,39.9095084,0.8041415814003228,74038007,USGS-07374000
USGS-03228300,-82.8512892,40.2361735,0.01,74031795,USGS-07374000
USGS-03228500,-82.8840675,40.1036745,0.23437785816737883,74031420,USGS-07374000
USGS-03228689,-82.7925,39.92888889,0.4840438286703661,74038154,USGS-07374000
USGS-03228750,-82.9215704,40.35672806,0.01,74032293,USGS-07374000
USGS-03228805,-82.9615711,40.18228495,0.1742254516816774,74038110,USGS-07374000
USGS-03229000,-82.9410138,39.94506415,0.8078019678639045,74038110,USGS-07374000
USGS-03229500,-82.9571255,39.85673038,0.2966462928934101,74037922,USGS-07374000
USGS-03229610,-83.0076834,39.77422977,0.08798812116205469,74037852,USGS-07374000
USGS-03229796,-82.96295889,39.71089625,0.39898718347847595,74038902,USGS-07374000
USGS-03230310,-83.26936009,39.9511729,0.5660024943399751,74038036,USGS-07374000
USGS-03230450,-83.1573333,39.8478333,0.7946828392483428,74044995,USGS-07374000
USGS-03230500,-83.110187,39.7006176,0.20016872716678222,74037836,USGS-07374000
USGS-03230700,-82.9551804,39.60145128,0.029153335960786782,74037788,USGS-07374000
USGS-03230800,-83.2571369,39.7150611,0.314923845215415,74039140,USGS-07374000
USGS-03231500,-82.9710126,39.34145297,0.5910359028880412,74037750,USGS-07374000
USGS-03232000,-83.3754706,39.3792304,0.4744354970316784,74038873,USGS-07374000
USGS-03232300,-83.4754728,39.32895287,0.8168581782510775,74039176,USGS-07374000
USGS-03232500,-83.3854695,39.21839888,0.7961436272617821,74040252,USGS-07374000
USGS-03234000,-83.16685208,39.2636763,0.9050723353328658,74038649,USGS-07374000
USGS-03234300,-82.9782349,39.3203421,0.507266552457806,74038534,USGS-07374000
USGS-03234500,-82.8637854,39.21228934,0.12972937672986418,74037704,USGS-07374000
USGS-03237020,-83.0196224,39.07006954,0.5426272799881671,74037675,USGS-07374000
USGS-03237500,-83.4210226,38.8036838,0.05039605958789779,74038888,USGS-07374000
USGS-03238495,-83.9283333,38.9197222,0.2810238629982477,74039380,USGS-07374000
USGS-03238745,-84.3382712,38.9514529,0.7800100772927556,74042042,USGS-07374000
USGS-03240000,-83.9313196,39.74839296,0.915878409602808,74040110,USGS-07374000
USGS-03241500,-83.8823056,39.72238889,0.5691427806472258,74040187,USGS-07374000
USGS-03244936,-84.2327142,39.2647812,0.7574468282031782,74040917,USGS-07374000
USGS-03245500,-84.2979933,39.17144887,0.8242636847511023,74038584,USGS-07374000
USGS-03246500,-84.0504885,39.05256455,0.5351349663511343,74039018,USGS-07374000
USGS-03247500,-84.2379918,39.13700548,0.22127218917025085,74038663,USGS-07374000
USGS-03248300,-83.0579478,37.73064817,0.7335596380376412,74047898,USGS-07374000
USGS-03249500,-83.5432431,38.11535945,0.6961834782944493,74046585,USGS-07374000
USGS-03249505,-83.5571327,38.14008125,0.9290039698690854,74046585,USGS-07374000
USGS-03250100,-83.4804635,38.1992478,0.28576237104258784,74048333,USGS-07374000
USGS-03250190,-83.8315854,38.02396899,0.7912265021302077,74048293,USGS-07374000
USGS-03250500,-83.9974261,38.4200749,0.2988461982850585,74046414,USGS-07374000
USGS-03251200,-84.0202056,38.5947955,0.45048052809407774,74037319,USGS-07374000
USGS-03251500,-84.2663239,38.60007244,0.3836886933660639,74037299,USGS-07374000
USGS-03251900,-84.2380556,38.205,0.33266279121196746,74047122,USGS-07374000
USGS-03252300,-84.05514979,38.2474368,0.28434249853743737,74047480,USGS-07374000
USGS-03252500,-84.3029905,38.390908,0.1980783904929582,74046752,USGS-07374000
USGS-03253000,-84.3518814,38.6586817,0.4272924315492307,74037480,USGS-07374000
USGS-03253500,-84.3107693,38.7103478,0.7435312990264848,74037290,USGS-07374000
USGS-03254520,-84.44799549,38.9203417,0.13348627869014312,74037278,USGS-07374000
USGS-03254550,-84.5416667,38.98055556,0.8252958648427866,74042207,USGS-07374000
USGS-03255349,-84.4319444,39.26944444,0.6543914624853444,74043380,USGS-07374000
USGS-03255420,-84.4257749,39.2545024,0.7403095384534716,74043380,USGS-07374000
USGS-03259000,-84.4712778,39.2019722,0.21624089058068988,74039911,USGS-07374000
USGS-03261500,-84.149943,40.2869942,0.06102062196628716,74030930,USGS-07374000
USGS-03261950,-84.3838383,40.30699246,0.31443466482300353,74031695,USGS-07374000
USGS-03262000,-84.2441116,40.21449409,0.5389757639520414,74031150,USGS-07374000
USGS-03262001,-84.8041667,39.03,0.406456808138572,74042497,USGS-07374000
USGS-03262500,-84.2288333,40.1508844,0.257027463339985,74030754,USGS-07374000
USGS-03262700,-84.1872222,40.03055556,0.5980080399422892,74030653,USGS-07374000
USGS-03263000,-84.16188479,39.87450176,0.3739657085188878,74037973,USGS-07374000
USGS-03264000,-84.4299498,40.1022723,0.8405766073428484,74031508,USGS-07374000
USGS-03265000,-84.3560589,40.05782925,0.06948975050644138,74030879,USGS-07374000
USGS-03266000,-84.2860557,39.87033349,0.3490158785057458,74037394,USGS-07374000
USGS-03266560,-83.749655,40.25227718,0.99,74033893,USGS-07374000
USGS-03267000,-83.7990978,40.1075575,0.01,74031463,USGS-07374000
USGS-03267900,-83.8315962,39.9642265,0.01,74038015,USGS-07374000
USGS-03269500,-83.8702081,39.92311527,0.16912142919506043,74037564,USGS-07374000
USGS-03270000,-84.088548,39.79728106,0.17190310015295504,74037551,USGS-07374000
USGS-03270500,-84.1974405,39.7653365,0.5188325374280783,74037387,USGS-07374000
USGS-03271000,-84.2366086,39.76672525,0.7194790930496201,74040442,USGS-07374000
USGS-03271500,-84.2896639,39.6445028,0.041579780733718104,74037380,USGS-07374000
USGS-03271620,-84.3049408,39.563114,0.7697533040255148,74037380,USGS-07374000
USGS-03272000,-84.403834,39.6378342,0.5121811526521521,74039066,USGS-07374000
USGS-03272100,-84.4126778,39.5198861,0.4172062834479158,74037374,USGS-07374000
USGS-03272700,-84.6443633,39.629203,0.9399720695635295,74044605,USGS-07374000
USGS-03274000,-84.572169,39.3911674,0.40496216729506984,74037366,USGS-07374000
USGS-03275000,-85.15588889,39.5743333,0.24093107483922488,74037834,USGS-07374000
USGS-03275500,-84.9071494,39.806701,0.6159062070201486,74039723,USGS-07374000
USGS-03275600,-84.9596512,39.73253529,0.3757393486750104,74039411,USGS-07374000
USGS-03276500,-85.01288889,39.4074722,0.24264068711914788,74037774,USGS-07374000
USGS-03277075,-84.7161111,38.99416667,0.053232244028681465,74040786,USGS-07374000
USGS-03277130,-84.7207555,38.84504677,0.5127983863603973,74040702,USGS-07374000
USGS-03277200,-84.97238889,38.77525,0.1884229332465529,74037084,USGS-07374000
USGS-03277300,-82.82460429,37.11759849,0.7413371178346988,74049043,USGS-07374000
USGS-03277500,-83.1827778,37.2465833,0.6155959437907914,74046098,USGS-07374000
USGS-03280000,-83.3857358,37.55231228,0.6523969600632014,74046005,USGS-07374000
USGS-03280700,-83.3079564,37.1650931,0.6808603129673738,74048363,USGS-07374000
USGS-03280902,-83.4478611,37.34327778,0.31963251002523985,74045591,USGS-07374000
USGS-03281000,-83.5937993,37.55508768,0.6298574744969405,74045581,USGS-07374000
USGS-03281100,-83.7601974,37.15203405,0.47252010612200745,74046179,USGS-07374000
USGS-03281500,-83.6751923,37.47981018,0.03700739958224423,74046032,USGS-07374000
USGS-03282000,-83.7693625,37.5531418,0.828578428245521,74045566,USGS-07374000
USGS-03282040,-83.8101979,37.5006422,0.28569352784412066,74048266,USGS-07374000
USGS-03282060,-83.83336439,37.60189058,0.7008044563315888,74045565,USGS-07374000
USGS-03282290,-84.1032602,37.78396929,0.2887068123111613,74045545,USGS-07374000
USGS-03282500,-83.45768398,37.80925288,0.4026001947179128,74048315,USGS-07374000
USGS-03283500,-83.9335328,37.86480329,0.8382117066730459,74047108,USGS-07374000
USGS-03284000,-84.26048609,37.89396779,0.31488448247503686,74045537,USGS-07374000
USGS-03284230,-84.44063039,37.843968,0.08073353496990363,74045532,USGS-07374000
USGS-03284500,-84.5866074,37.74535715,0.3782850783665406,74045524,USGS-07374000
USGS-03285000,-84.6607768,37.6420234,0.13745033556695058,74047166,USGS-07374000
USGS-03286200,-84.7060566,37.7931339,0.46622332732137217,74046775,USGS-07374000
USGS-03287000,-84.8213381,37.92563166,0.8801948591354402,74045515,USGS-07374000
USGS-03287250,-84.8311989,38.0528805,0.2440628441329275,74045510,USGS-07374000
USGS-03287500,-84.8741111,38.2113333,0.04479250377188842,74045506,USGS-07374000
USGS-03287600,-84.4132694,38.07646608,0.38811485766611725,74052009,USGS-07374000
USGS-03288100,-84.562998,38.2195187,0.06481254520919506,74047310,USGS-07374000
USGS-03289000,-84.6263318,38.0431322,0.7829372758872855,74051839,USGS-07374000
USGS-03289200,-84.5879977,38.103687,0.5277021011887384,74052031,USGS-07374000
USGS-03289300,-84.645222,38.1409082,0.31910085442694924,74048125,USGS-07374000
USGS-03289500,-84.8146714,38.26868254,0.4066775755650323,74046840,USGS-07374000
USGS-03290080,-84.8807829,38.4167353,0.9757524034354302,74045500,USGS-07374000
USGS-03290500,-84.9632844,38.43895654,0.01,74037260,USGS-07374000
USGS-03291000,-84.5432759,38.38951686,0.5358898316167361,74049037,USGS-07374000
USGS-03291500,-84.8248089,38.7064538,0.4559392996025294,74037844,USGS-07374000
USGS-03291780,-85.2571616,38.87810218,0.9535287338795206,74042178,USGS-07374000
USGS-03292470,-85.57459969,38.36117864,0.8982531179676452,74048024,USGS-07374000
USGS-03292494,-85.7021843,38.2811812,0.6854653009734079,74045236,USGS-07374000
USGS-03293510,-85.7207955,38.26590398,0.7255200509971562,74048552,USGS-07374000
USGS-03294000,-85.7263437,38.37060967,0.946365342701473,74045758,USGS-07374000
USGS-03294500,-85.7991305,38.28034736,0.21178250227712817,74045231,USGS-07374000
USGS-03295400,-85.0605085,38.00201594,0.43866090290495985,74047049,USGS-07374000
USGS-03295890,-85.3407867,38.0370083,0.9051523128570294,74047283,USGS-07374000
USGS-03297900,-85.4674592,38.28534776,0.16838971467526823,74048100,USGS-07374000
USGS-03298000,-85.460235,38.18840166,0.2059575219488937,74047531,USGS-07374000
USGS-03298200,-85.5549556,38.08534216,0.19760057380986942,74047215,USGS-07374000
USGS-03298500,-85.7174591,37.98506585,0.4922619883365918,74046551,USGS-07374000
USGS-03300400,-85.2960686,37.83283985,0.13323136958639578,74046735,USGS-07374000
USGS-03301000,-85.4807919,37.79700569,0.07288150888351774,74046568,USGS-07374000
USGS-03301500,-85.7038488,37.7672853,0.10666835709962356,74046496,USGS-07374000
USGS-03302000,-85.7957955,38.1197916,0.11625928333264073,74048530,USGS-07374000
USGS-03302030,-85.8716296,38.05423677,0.6777371217603061,74048530,USGS-07374000
USGS-03302220,-86.08802209,38.12033579,0.07853744772567957,74048682,USGS-07374000
USGS-03302800,-86.1916364,38.4339422,0.05776717159089632,74045612,USGS-07374000
USGS-03303000,-86.22713759,38.23447298,0.024044186473763524,74045586,USGS-07374000
USGS-03303280,-86.70554179,37.89950088,0.7849129056201072,74045191,USGS-07374000
USGS-03303300,-86.7210978,38.13894674,0.6426104986796821,74052433,USGS-07374000
USGS-03305000,-84.7502243,37.42202127,0.8759326347225672,74050391,USGS-07374000
USGS-03307000,-85.4040748,37.12547797,0.3934582773038689,74047256,USGS-07374000
USGS-03308500,-85.8880556,37.26944444,0.8445850996486003,74046040,USGS-07374000
USGS-03309000,-86.1124757,37.18004845,0.6211165312993538,74046015,USGS-07374000
USGS-03310300,-86.0366333,37.56200389,0.31220537962915884,74047443,USGS-07374000
USGS-03310400,-85.9661111,37.35194444,0.3975612136562359,74048427,USGS-07374000
USGS-03313700,-86.5522175,36.7233738,0.2597857810278324,74055997,USGS-07374000
USGS-03314000,-86.380546,36.89531974,0.328515478117105,74055265,USGS-07374000
USGS-03314500,-86.432768,37.0028201,0.40008377904780307,74045642,USGS-07374000
USGS-03316500,-86.9777726,37.2639316,0.3685283897714185,74045480,USGS-07374000
USGS-03318800,-86.6555419,37.4639398,0.6825791105686023,74048822,USGS-07374000
USGS-03320000,-87.2638873,37.533935,0.5336810630589228,74045470,USGS-07374000
USGS-03320500,-87.3194431,37.1222655,0.21483584885486534,74046142,USGS-07374000
USGS-03321350,-86.88749179,37.6189392,0.8546675450571325,74051151,USGS-07374000
USGS-03321500,-87.4097294,37.8583774,0.40723214394406987,74045450,USGS-07374000
USGS-03322011,-87.51954,38.24491736,0.9257375815590283,74049227,USGS-07374000
USGS-03322485,-84.57638889,40.5347222,0.7193955480018602,74032188,USGS-07374000
USGS-03322900,-85.03088889,40.64388889,0.8350758947971891,74030812,USGS-07374000
USGS-03323000,-85.1714444,40.7423611,0.1590299155991588,74030583,USGS-07374000
USGS-03324000,-85.4131667,40.89855556,0.1348780530328123,74031699,USGS-07374000
USGS-03324095,-85.6020833,40.86880556,0.4473186064597168,74030378,USGS-07374000
USGS-03324112,-85.6478333,40.8427222,0.3282771932646474,74030368,USGS-07374000
USGS-03324200,-85.039,40.4277222,0.4345666735098655,74032147,USGS-07374000
USGS-03324300,-85.4535554,40.71252448,0.31199048235547194,74030865,USGS-07374000
USGS-03325000,-85.8202341,40.79085717,0.0861567761564805,74030316,USGS-07374000
USGS-03325519,-85.0284722,40.28305556,0.6760877892450478,74032109,USGS-07374000
USGS-03326500,-85.6595278,40.57641667,0.6413372933875471,74030526,USGS-07374000
USGS-03327500,-86.0666667,40.75,0.5877046501748926,74030286,USGS-07374000
USGS-03328000,-85.7825833,40.99455556,0.21648513526881527,74030665,USGS-07374000
USGS-03328500,-86.2638599,40.7819685,0.2603698078377229,74030380,USGS-07374000
USGS-03329000,-86.3774748,40.74641335,0.06555553714411147,74030259,USGS-07374000
USGS-03329700,-86.6213718,40.5903039,0.43092187094467316,74031174,USGS-07374000
USGS-03330241,-85.6922222,41.31638889,0.5774139083618793,74036423,USGS-07374000
USGS-03330500,-85.7891216,41.32057424,0.48745247181795176,74032011,USGS-07374000
USGS-03331500,-86.56359199,41.15724265,0.2971455386251031,74030476,USGS-07374000
USGS-03331753,-86.5991488,41.04974369,0.2013762971498478,74030401,USGS-07374000
USGS-03332345,-86.7511944,40.8778611,0.2931981505142951,74030317,USGS-07374000
USGS-03332349,-86.786,41.08513889,0.1990273811931968,74032232,USGS-07374000
USGS-03332555,-86.75888889,40.77863889,0.051352433204527495,74030296,USGS-07374000
USGS-03332605,-86.756654,40.6533588,0.8890814759192922,74030296,USGS-07374000
USGS-03333050,-86.7703333,40.59391667,0.99,74030270,USGS-07374000
USGS-03333450,-85.91875,40.44127778,0.18032430720821863,74032071,USGS-07374000
USGS-03334000,-86.6365556,40.4648333,0.5971824530253932,74030902,USGS-07374000
USGS-03334500,-86.7680434,40.41780578,0.9675353663453404,74031009,USGS-07374000
USGS-03335000,-86.8291565,40.4405833,0.35154695890085563,74030492,USGS-07374000
USGS-03335500,-86.8969444,40.42194444,0.41369940465778504,74030230,USGS-07374000
USGS-033356848,-87.2544444,40.4523333,0.22139993373021,74031430,USGS-07374000
USGS-03336000,-87.40667549,40.1400311,0.2994226980144063,74030209,USGS-07374000
USGS-03336645,-87.7446944,40.13696944,0.9673227368739236,74030708,USGS-07374000
USGS-03336890,-88.0275,40.16419444,0.5687983468133808,74032717,USGS-07374000
USGS-03336900,-88.03363889,40.14955556,0.10786716608390286,74031863,USGS-07374000
USGS-03337570,-88.1516667,40.1298333,0.6065269168277507,74032718,USGS-07374000
USGS-03339000,-87.5976111,40.1010833,0.9754309222583688,74030550,USGS-07374000
USGS-03339280,-86.5227576,40.1044759,0.7155900202540992,74033170,USGS-07374000
USGS-03339305,-86.6958056,40.14338889,0.2728129984174727,74031207,USGS-07374000
USGS-03339500,-86.90725,40.05030556,0.527510585761368,74029774,USGS-07374000
USGS-03340500,-87.3738966,39.7925352,0.7670746302546224,74037474,USGS-07374000
USGS-03340800,-86.95388289,39.81253498,0.8817667473519512,74039456,USGS-07374000
USGS-03341300,-87.29361619,39.65253694,0.8143389778864436,74038710,USGS-07374000
USGS-03341500,-87.4195,39.4657222,0.7121643860342411,74037457,USGS-07374000
USGS-03342000,-87.568625,39.0203229,0.2725474248987553,74037424,USGS-07374000
USGS-03342500,-87.4258426,38.97421244,0.22696451600653353,74039469,USGS-07374000
USGS-03343010,-87.5352906,38.68143874,0.4354068028721573,74037413,USGS-07374000
USGS-03343400,-88.1857778,39.79163889,0.5277590439644768,74037967,USGS-07374000
USGS-03345500,-88.0223333,38.93669444,0.5965869038516646,74037669,USGS-07374000
USGS-03346000,-87.9455556,39.01027778,0.2124443753424344,74038919,USGS-07374000
USGS-03346500,-87.6643611,38.72380556,0.1861848193587713,74037605,USGS-07374000
USGS-03347000,-85.3860258,40.20389108,0.5225345221236039,74031130,USGS-07374000
USGS-03348000,-85.67138889,40.10527778,0.925931150441073,74030801,USGS-07374000
USGS-03348130,-85.7107865,40.1105867,0.3544696391899698,74030633,USGS-07374000
USGS-03348350,-85.7663611,40.2273333,0.3800230777562245,74031806,USGS-07374000
USGS-03349000,-86.0171855,40.04697647,0.8678397299001773,74030468,USGS-07374000
USGS-03349210,-86.042464,40.27697386,0.99,74032209,USGS-07374000
USGS-03349510,-86.0005182,40.174475,0.44250918007130763,74031637,USGS-07374000
USGS-03350500,-86.0416111,40.05602778,0.6746625567704287,74031180,USGS-07374000
USGS-03350700,-85.9955181,40.0289211,0.8834443346611061,74033200,USGS-07374000
USGS-03351000,-86.1055218,39.9105892,0.5970773540167613,74037999,USGS-07374000
USGS-03351201,-86.1855245,39.83114575,0.8002589634176019,74037936,USGS-07374000
USGS-03351350,-86.1981111,39.78866667,0.7135229257288417,74037897,USGS-07374000
USGS-03351500,-85.8674584,39.95475528,0.2983133671557776,74037989,USGS-07374000
USGS-03351710,-85.9911111,39.8981111,0.5632805126888998,74037926,USGS-07374000
USGS-03352500,-86.08746569,39.8519788,0.3516478968510895,74037899,USGS-07374000
USGS-03352875,-86.1774722,39.78877778,0.9160004671596367,74037899,USGS-07374000
USGS-03352953,-86.18969129,39.77475754,0.1670546430360639,74037838,USGS-07374000
USGS-03353000,-86.1696944,39.73713889,0.42621508902082605,74037829,USGS-07374000
USGS-03353200,-86.260249,39.94642217,0.14595869585647764,74037344,USGS-07374000
USGS-03353460,-86.3052506,39.8144793,0.13753903510691562,74037334,USGS-07374000
USGS-03353500,-86.2502488,39.77781308,0.734920909068832,74037334,USGS-07374000
USGS-03353611,-86.200525,39.7144805,0.26046966452443654,74037329,USGS-07374000
USGS-03353800,-86.3820278,39.60876944,0.35423589892810087,74039275,USGS-07374000
USGS-03353910,-86.3571968,39.62837049,0.7936510086792278,74044475,USGS-07374000
USGS-03354000,-86.4005316,39.4975388,0.2624127826781467,74037309,USGS-07374000
USGS-03357000,-86.76221,39.28115277,0.4193834520268997,74037289,USGS-07374000
USGS-03357330,-86.753968,39.81625714,0.43101102906001154,74039789,USGS-07374000
USGS-03358000,-86.76338889,39.43355556,0.2631150612833366,74039500,USGS-07374000
USGS-03360000,-87.0208851,39.3840681,0.024058555976008894,74038650,USGS-07374000
USGS-03360500,-87.0192778,38.9281111,0.5134965459925244,74037273,USGS-07374000
USGS-03360600,-87.1300833,38.812,0.6330344896139136,74041905,USGS-07374000
USGS-03361500,-85.7775278,39.52925,0.10223486788628298,74037804,USGS-07374000
USGS-03361617,-85.8580556,39.5395833,0.9216769121322008,74039748,USGS-07374000
USGS-03361650,-85.8855147,39.7142026,0.9316180807618336,74044952,USGS-07374000
USGS-03361850,-85.9574616,39.6569811,0.6603416728938384,74040177,USGS-07374000
USGS-03361872,-85.93813889,39.56427778,0.4388185181732877,74038853,USGS-07374000
USGS-03362000,-86.0049632,39.4189286,0.6120444463699295,74039778,USGS-07374000
USGS-03362500,-85.9980833,39.36091667,0.7568598387954459,74038701,USGS-07374000
USGS-03363000,-85.9863516,39.3392074,0.5347411592487802,74037754,USGS-07374000
USGS-03363500,-85.6341179,39.41753959,0.2498573354861305,74038791,USGS-07374000
USGS-03363900,-85.9266275,39.23504208,0.36665447730252443,74038588,USGS-07374000
USGS-03364000,-85.9255163,39.20004254,0.2786191021600968,74037723,USGS-07374000
USGS-03364200,-85.8560696,39.2678194,0.17160817251820737,74040566,USGS-07374000
USGS-03364500,-85.7016201,39.2747637,0.9224846687615261,74040366,USGS-07374000
USGS-03364650,-85.8749591,39.1853205,0.7455068818904482,74039084,USGS-07374000
USGS-03365500,-85.8991267,38.98254546,0.0891706454971733,74037678,USGS-07374000
USGS-03366500,-85.6738418,38.8042145,0.5270294450609999,74038908,USGS-07374000
USGS-03369500,-85.6196733,38.9764343,0.0838419971744856,74039148,USGS-07374000
USGS-03371500,-86.4096988,38.7703263,0.48551849262908503,74037600,USGS-07374000
USGS-03371600,-86.2034722,38.96302778,0.6124355932128652,74042331,USGS-07374000
USGS-03371650,-86.2471111,39.20141667,0.2904604152181866,74040387,USGS-07374000
USGS-03373500,-86.7919333,38.6669945,0.8852875396515518,74037589,USGS-07374000
USGS-03373508,-86.7449874,38.6731055,0.7570769711457483,74041590,USGS-07374000
USGS-03373560,-86.5988716,38.58116238,0.99,74039219,USGS-07374000
USGS-03374000,-87.2894493,38.51088566,0.8817639994097574,74037217,USGS-07374000
USGS-03374100,-87.5500132,38.4897748,0.01,74045242,USGS-07374000
USGS-03375500,-86.8766583,38.41366486,0.15505084676009756,74046972,USGS-07374000
USGS-03376300,-87.21667529,38.3803275,0.6615410115186096,74046679,USGS-07374000
USGS-03376500,-87.548902,38.39033185,0.2563010280211076,74046533,USGS-07374000
USGS-03377500,-87.75638889,38.3983333,0.11441884127931758,74045235,USGS-07374000
USGS-03378000,-87.9758333,38.38638889,0.8740863396856683,74045756,USGS-07374000
USGS-03378500,-87.9414145,38.13089124,0.337656772960182,74045218,USGS-07374000
USGS-03378550,-87.76963889,38.0831111,0.3947239131175825,74048062,USGS-07374000
USGS-03378635,-88.5944444,39.10388889,0.15012421928353098,74039170,USGS-07374000
USGS-03379500,-88.2972222,38.6347222,0.1329832596743107,74038531,USGS-07374000
USGS-03380500,-88.5877778,38.3633333,0.20629542877481807,74046137,USGS-07374000
USGS-03381500,-88.1572222,38.06055556,0.489003223726283,74046042,USGS-07374000
USGS-03382100,-88.6780556,37.63805556,0.8021170685856686,74047566,USGS-07374000
USGS-03383000,-87.7805659,37.22393575,0.3705958992057265,74046075,USGS-07374000
USGS-03384100,-87.8450154,37.39671307,0.6205319211487941,74046033,USGS-07374000
USGS-03399800,-88.4272616,37.15922215,0.6629256284116987,74045141,USGS-07374000
USGS-03400500,-82.99294,36.97398059,0.779438838814406,74054130,USGS-07374000
USGS-03400800,-83.2574012,36.75230974,0.16365098627010577,74056423,USGS-07374000
USGS-03400986,-83.3235148,36.8445329,0.9318535188510405,74055726,USGS-07374000
USGS-03401000,-83.3557386,36.84675484,0.2906098108914145,74054109,USGS-07374000
USGS-03402900,-83.691862,36.7631412,0.01,74054076,USGS-07374000
USGS-03403910,-84.1115969,36.63397105,0.1391016429300032,74055412,USGS-07374000
USGS-03404000,-84.1560449,36.743417,0.4746929742949037,74054027,USGS-07374000
USGS-03404500,-84.3432703,36.8373036,0.21848525273315747,74054007,USGS-07374000
USGS-03404900,-84.0935427,36.9514765,0.217571317288123,74056795,USGS-07374000
USGS-03406500,-84.296047,37.1711952,0.7630736371741664,74047133,USGS-07374000
USGS-03407500,-84.4643845,37.21063659,0.024820891331630197,74047594,USGS-07374000
USGS-03408500,-84.5546973,36.3855255,0.019260285538096174,74055310,USGS-07374000
USGS-03409500,-84.6301691,36.38829775,0.6164781153875322,74055625,USGS-07374000
USGS-03410210,-84.6693508,36.47739057,0.13525693466219696,74055139,USGS-07374000
USGS-03410500,-84.5332723,36.62702209,0.01769139436298619,74054981,USGS-07374000
USGS-03413200,-84.89605849,36.79757036,0.8020775215690491,74060187,USGS-07374000
USGS-03414100,-85.3652223,36.78674648,0.5778710151985148,74053659,USGS-07374000
USGS-03415000,-85.1744486,36.3973873,0.9546447462446862,74056196,USGS-07374000
USGS-03416000,-85.0730073,36.5603447,0.7038230141556635,74056761,USGS-07374000
USGS-03418000,-85.4263596,36.34089454,0.851906449287932,74056685,USGS-07374000
USGS-03418224,-85.6747222,36.44027778,0.10845256687015327,74056338,USGS-07374000
USGS-03419530,-85.4674306,35.9265,0.35310436258119937,74055880,USGS-07374000
USGS-03421000,-85.7318338,35.7082839,0.6358412337394559,74054427,USGS-07374000
USGS-03423000,-85.5213658,36.0772849,0.7380129044828179,74056159,USGS-07374000
USGS-03424730,-85.9074257,36.0873457,0.2607295569659894,74055678,USGS-07374000
USGS-03424860,-85.9044444,36.1861111,0.15755573664654407,74054311,USGS-07374000
USGS-03425290,-86.1058207,36.4083836,0.10125050947776286,74056727,USGS-07374000
USGS-03425520,-86.2466695,36.25295099,0.6334339092589452,74058643,USGS-07374000
USGS-03425622,-86.3319936,36.4456901,0.2712196431768665,74056548,USGS-07374000
USGS-03427500,-86.3338806,35.91839756,0.7868894283564529,74055538,USGS-07374000
USGS-03428200,-86.429978,35.90287438,0.660810760764949,74055817,USGS-07374000
USGS-03429498,-86.5024803,35.9742619,0.8135319204458928,74058062,USGS-07374000
USGS-03430200,-86.632762,36.18648009,0.070901645848792,74055005,USGS-07374000
USGS-03431060,-86.7190478,36.11757476,0.17996228581265772,74056057,USGS-07374000
USGS-03431500,-86.7726764,36.1614984,0.16760078053829405,74053620,USGS-07374000
USGS-03431599,-86.8202207,36.2176545,0.06239025174664516,74056749,USGS-07374000
USGS-03431700,-86.8542634,36.15125855,0.5420873971914403,74058629,USGS-07374000
USGS-03431800,-87.0511943,36.3200218,0.7771303839345862,74056875,USGS-07374000
USGS-03432100,-86.6988753,35.832598,0.8144787266936084,74056520,USGS-07374000
USGS-0343233905,-86.8428894,35.89984185,0.6238190475252747,74055838,USGS-07374000
USGS-03432350,-86.86548879,35.92084908,0.7984701366210438,74055838,USGS-07374000
USGS-03432400,-86.8817337,35.94819856,0.18211321744386136,74055498,USGS-07374000
USGS-03433500,-86.9285018,36.0545965,0.01,74055142,USGS-07374000
USGS-03434500,-87.09889379,36.1220032,0.40381799672346336,74054953,USGS-07374000
USGS-03436100,-87.1419444,36.5547222,0.01,74055048,USGS-07374000
USGS-03436690,-87.5539407,36.3106833,0.8955320129022375,74056437,USGS-07374000
USGS-03437495,-87.4288954,36.84948934,0.47109350737520933,74060569,USGS-07374000
USGS-03612000,-88.9252778,37.335,0.01,74047247,USGS-07374000
USGS-03612600,-89.058404,37.17921867,0.7203829792975228,74045129,USGS-07374000
USGS-03439000,-82.8247222,35.1433333,0.49136227959393164,74063306,USGS-07374000
USGS-03441000,-82.7058333,35.27305556,0.8296525343226989,74066472,USGS-07374000
USGS-03443000,-82.62388889,35.29916667,0.21183340752418298,74062454,USGS-07374000
USGS-03446000,-82.595,35.39805556,0.20797511124288445,74062938,USGS-07374000
USGS-0344632850,-82.4636111,35.335,0.5354662959750269,74063674,USGS-07374000
USGS-03447687,-82.5525,35.42916667,0.1896618611621908,74054258,USGS-07374000
USGS-0344878100,-82.5969444,35.56138889,0.922654478916373,74054524,USGS-07374000
USGS-03451000,-82.5447222,35.5683333,0.8822501612211687,74056140,USGS-07374000
USGS-03451500,-82.5780556,35.60888889,0.47012272545567496,74054245,USGS-07374000
USGS-03453000,-82.6208333,35.7697222,0.6346791873836992,74055976,USGS-07374000
USGS-03453500,-82.6608333,35.78638889,0.17112094053711843,74054221,USGS-07374000
USGS-03454500,-82.821,35.88991667,0.99,74054202,USGS-07374000
USGS-03455000,-83.1612083,35.98151389,0.931046499590276,74054180,USGS-07374000
USGS-03455500,-82.9375,35.3961111,0.4006472511143591,74063960,USGS-07374000
USGS-0345577330,-82.9197222,35.42666667,0.9601371975337755,74063960,USGS-07374000
USGS-03456100,-82.9,35.46388889,0.7366944168216274,74063651,USGS-07374000
USGS-03456500,-82.8697222,35.46166667,0.8918976705443813,74066647,USGS-07374000
USGS-03456991,-82.8480556,35.52194444,0.29780177946436376,74054584,USGS-07374000
USGS-03459500,-82.99,35.635,0.22085474014896234,74054122,USGS-07374000
USGS-03460000,-83.0727778,35.6672222,0.4828748699292385,74056987,USGS-07374000
USGS-03460795,-83.1119444,35.7836111,0.07269526053326622,74054105,USGS-07374000
USGS-03461500,-83.1743217,35.96064907,0.327797286806081,74054095,USGS-07374000
USGS-03463300,-82.1841667,35.83138889,0.4002728964851263,74057692,USGS-07374000
USGS-03466208,-82.65041619,36.20592158,0.7932199143656498,74056460,USGS-07374000
USGS-03466500,-82.86644949,36.06562706,0.3842792012889644,74054792,USGS-07374000
USGS-03467609,-83.1752965,36.126332,0.41948742794998073,74054733,USGS-07374000
USGS-03470000,-83.5774287,35.87856495,0.15529655494533165,74055659,USGS-07374000
USGS-03471500,-81.63122929,36.7603931,0.48001822341822914,74060332,USGS-07374000
USGS-03473000,-81.8440102,36.65178127,0.126312695705663,74055453,USGS-07374000
USGS-03474000,-81.6220617,36.80733756,0.2656688798652279,74055930,USGS-07374000
USGS-03475000,-81.8187334,36.7131694,0.21942243473232548,74055436,USGS-07374000
USGS-03479000,-81.8222222,36.23916667,0.01,74056281,USGS-07374000
USGS-03486000,-82.2235467,36.3559188,0.1883454474048098,74055248,USGS-07374000
USGS-03488000,-81.7462293,36.89678115,0.4595758870680266,74054418,USGS-07374000
USGS-03490000,-82.567931,36.60871119,0.3286235403857202,74054316,USGS-07374000
USGS-03491000,-82.9518304,36.42620656,0.7808227235091044,74056719,USGS-07374000
USGS-03495005,-83.7429577,36.0775845,0.7333241597882505,74056244,USGS-07374000
USGS-03497300,-83.7112821,35.66453328,0.03420686334486365,74055911,USGS-07374000
USGS-03498500,-83.8846022,35.7856337,0.2064414031265172,74055449,USGS-07374000
USGS-03498850,-83.926578,35.8088391,0.6943015542687275,74055367,USGS-07374000
USGS-03500000,-83.3797222,35.15,0.9397026746304524,74063021,USGS-07374000
USGS-0350011450,-83.4243694,35.15776944,0.6081925583734381,74063851,USGS-07374000
USGS-03503000,-83.5269444,35.33638889,0.4435372232455661,74062424,USGS-07374000
USGS-03504000,-83.6186111,35.1275,0.01833956783021031,74063292,USGS-07374000
USGS-03505550,-83.6522222,35.305,0.41191885060702665,74062692,USGS-07374000
USGS-03508050,-83.14388889,35.28777778,0.7362474380739328,74063164,USGS-07374000
USGS-03510577,-83.2916667,35.38444444,0.374749764732576,74062598,USGS-07374000
USGS-03512000,-83.3536111,35.46138889,0.4732537073354878,74061518,USGS-07374000
USGS-03513000,-83.4469444,35.4275,0.08560531358619232,74061510,USGS-07374000
USGS-0351706800,-83.91888889,35.4383333,0.6041967032646457,74062739,USGS-07374000
USGS-03518500,-84.2790141,35.3620163,0.2655443452703516,74062967,USGS-07374000
USGS-03524000,-82.1548569,36.9448295,0.3629826542364703,74053963,USGS-07374000
USGS-03527000,-82.7504384,36.64870849,0.03887509195421179,74053916,USGS-07374000
USGS-03528000,-83.3982345,36.425087,0.30586095001693747,74053880,USGS-07374000
USGS-03529500,-82.7754387,36.86898536,0.7080161424791304,74056169,USGS-07374000
USGS-03531500,-83.0948928,36.66203367,0.7109505052747448,74055393,USGS-07374000
USGS-03532000,-83.6300294,36.5425219,0.3729529273825569,74054799,USGS-07374000
USGS-03535000,-83.9881737,36.11441319,0.49817537080891455,74056684,USGS-07374000
USGS-03535200,-84.0515795,36.0184137,0.41020810072350816,74058593,USGS-07374000
USGS-03535400,-84.1786528,35.96503044,0.8511749208073159,74058593,USGS-07374000
USGS-03538830,-84.96138889,36.06166667,0.6704729289795673,74056892,USGS-07374000
USGS-03539600,-84.8224946,35.99766528,0.7588021919956086,74055864,USGS-07374000
USGS-03539778,-84.7182771,36.1031293,0.0266660145738394,74055441,USGS-07374000
USGS-03539800,-84.6703113,36.0814937,0.6702084572908898,74055306,USGS-07374000
USGS-03540500,-84.557992,35.9831307,0.471257845301579,74055166,USGS-07374000
USGS-03543500,-84.7480508,35.5813165,0.49412996367043255,74056417,USGS-07374000
USGS-03544970,-83.7223056,34.8836111,0.599837653509549,74065404,USGS-07374000
USGS-03550000,-83.9805556,35.13888889,0.7331515957229733,74066312,USGS-07374000
USGS-03550500,-83.9358333,34.84194444,0.05409098509151806,74063368,USGS-07374000
USGS-03558000,-84.24,34.79,0.1869439735803267,74062747,USGS-07374000
USGS-03559500,-84.3765897,34.99146908,0.8985083717909221,74062268,USGS-07374000
USGS-03565500,-84.7051057,35.3276313,0.8757622165482994,74066964,USGS-07374000
USGS-03566535,-85.2152353,35.2111806,0.07087636692302007,74063196,USGS-07374000
USGS-03566700,-85.1257222,34.91894444,0.1421158963770418,74062940,USGS-07374000
USGS-03567340,-85.2052778,34.95755556,0.8686161676319671,74063337,USGS-07374000
USGS-03567500,-85.20941039,35.0138947,0.2734818610541015,74062370,USGS-07374000
USGS-03568400,-85.3347222,34.95738889,0.05654814653790885,74063557,USGS-07374000
USGS-03568933,-85.4635278,34.8968611,0.9790681390377801,74062830,USGS-07374000
USGS-03571000,-85.49703019,35.2057214,0.16078831097159302,74061494,USGS-07374000
USGS-03572690,-85.9296966,34.4986981,0.9501165799006789,74064888,USGS-07374000
USGS-03572900,-85.9902524,34.3784235,0.99,74062923,USGS-07374000
USGS-03574100,-86.1683333,34.91,0.8226410238203448,74063696,USGS-07374000
USGS-03574500,-86.3063635,34.62428955,0.4833984457357993,74062486,USGS-07374000
USGS-03575100,-86.4466551,34.7492568,0.5091327114251372,74062611,USGS-07374000
USGS-03576148,-86.687774,34.4137049,0.7420087638282324,74063190,USGS-07374000
USGS-03576250,-86.8233348,34.751757,0.1247648967155572,74062764,USGS-07374000
USGS-03576500,-86.9336049,34.373184,0.9315193557155663,74063569,USGS-07374000
USGS-03577119,-86.9561111,34.5061111,0.05904735478087821,74062506,USGS-07374000
USGS-03577225,-86.946383,34.76400884,0.0370688399207698,74063544,USGS-07374000
USGS-03578000,-85.869736,35.296828,0.6109310323521734,74063648,USGS-07374000
USGS-03578500,-85.9790227,35.35633238,0.5946422199615137,74063884,USGS-07374000
USGS-03582000,-86.5397039,35.1345565,0.6710511768509518,74062048,USGS-07374000
USGS-03584045,-87.06388889,35.195,0.23830933467155674,74062503,USGS-07374000
USGS-03584600,-86.9946574,35.0142361,0.6666666666667848,74061864,USGS-07374000
USGS-03586500,-87.3172429,34.67009046,0.32849027800430947,74063032,USGS-07374000
USGS-03588500,-87.5790219,35.02415329,0.17672088439777497,74062475,USGS-07374000
USGS-03590000,-87.7005847,34.8078655,0.49220952968730075,74062783,USGS-07374000
USGS-03593800,-88.2096051,35.180686,0.6347146828596355,74063331,USGS-07374000
USGS-03596000,-86.1216354,35.4709384,0.32880719884991083,74061519,USGS-07374000
USGS-03597590,-86.340271,35.52729537,0.7614433015543893,74057353,USGS-07374000
USGS-03597860,-86.462582,35.4829327,0.22153831556392836,74061490,USGS-07374000
USGS-03598000,-86.4991609,35.48035,0.7676306967335011,74061490,USGS-07374000
USGS-03598185,-86.5822509,35.5528901,0.7216775796201633,74053980,USGS-07374000
USGS-03599240,-86.7785853,35.5763595,0.08376245714431883,74053952,USGS-07374000
USGS-03599419,-86.8713904,35.5703492,0.9351516714376602,74053942,USGS-07374000
USGS-03599500,-87.0323384,35.6180856,0.29790992869714367,74053920,USGS-07374000
USGS-03601600,-87.266038,35.72065845,0.7894374869442962,74053896,USGS-07374000
USGS-03601990,-87.46001419,35.7842341,0.17777020678808814,74053876,USGS-07374000
USGS-03602500,-87.5014002,35.87129448,0.2277212398674027,74056051,USGS-07374000
USGS-03603000,-87.7430743,35.93009609,0.040584616753278624,74053849,USGS-07374000
USGS-03604000,-87.8328037,35.49590598,0.7871898915539722,74054257,USGS-07374000
USGS-03604400,-87.77875039,35.8118428,0.38790999259990094,74054224,USGS-07374000
USGS-03606500,-88.2291116,36.03701614,0.9537723954154351,74055785,USGS-07374000
USGS-03610200,-88.273647,36.6917217,0.7166165743046123,74056222,USGS-07374000
USGS-05200510,-94.7283075,47.4830885,0.5789589791425348,74004821,USGS-07374000
USGS-05207600,-93.9013889,47.3022222,0.10622163290261691,74004678,USGS-07374000
USGS-05211000,-93.522901,47.233116,0.7084431320340152,74004663,USGS-07374000
USGS-05212700,-93.3822856,47.38884126,0.01,74004787,USGS-07374000
USGS-05227500,-93.707429,46.540706,0.15041811550025982,74005346,USGS-07374000
USGS-05242300,-94.182648,46.37769,0.139251126936817,74004639,USGS-07374000
USGS-05243725,-95.066273,46.874919,0.8090815167507319,74005838,USGS-07374000
USGS-05244000,-94.880382,46.64059,0.6930462413216563,74005119,USGS-07374000
USGS-05245100,-94.865925,45.97509,0.010193546557015907,74004528,USGS-07374000
USGS-05247500,-94.377525,46.304779,0.06485878652397327,74004512,USGS-07374000
USGS-05267000,-94.355577,45.82577,0.12975037564542286,74009282,USGS-07374000
USGS-05270500,-94.23375,45.559632,0.7121149702389661,74010598,USGS-07374000
USGS-05270700,-94.145662,45.547239,0.44521561870001974,74009275,USGS-07374000
USGS-05275000,-93.6669098,45.3338537,0.01,74010815,USGS-07374000
USGS-05280000,-93.73515,45.086781,0.1490505464742438,74010523,USGS-07374000
USGS-05283500,-93.3946659,45.19164586,0.9816610493632338,74009264,USGS-07374000
USGS-05286000,-93.3724537,45.32774267,0.45433146795246115,74009517,USGS-07374000
USGS-05287890,-93.436791,45.163302,0.4858416636178849,74011970,USGS-07374000
USGS-05288500,-93.298705,45.128992,0.11061829179285741,74009260,USGS-07374000
USGS-05288580,-93.200369,45.092413,0.01301395010030592,74011365,USGS-07374000
USGS-05289800,-93.2127224,44.91552097,0.9656692762049671,74011542,USGS-07374000
USGS-05290000,-96.875549,45.6159585,0.2996847821830114,74011037,USGS-07374000
USGS-05291000,-96.5103877,45.2833888,0.3908762836354824,74011134,USGS-07374000
USGS-05292000,-96.4442231,45.29552046,0.04827799403857842,74010687,USGS-07374000
USGS-05293000,-96.348488,45.22619686,0.6048539249339305,74010928,USGS-07374000
USGS-05294000,-96.0195791,45.2034288,0.6487671335268683,74009854,USGS-07374000
USGS-05300000,-95.919633,44.995275,0.616285402939708,74010044,USGS-07374000
USGS-05301000,-95.868503,45.021208,0.08921748243321567,74009826,USGS-07374000
USGS-05304500,-95.79877,45.1085449,0.6142827458620639,74009992,USGS-07374000
USGS-05305000,-95.7917282,45.0211099,0.1372915625360505,74009973,USGS-07374000
USGS-05311000,-95.7336354,44.93330769,0.06708634237208655,74009814,USGS-07374000
USGS-05311150,-95.544093,44.805246,0.36185265808876654,74009802,USGS-07374000
USGS-05313500,-95.543937,44.71533,0.4105175174451355,74010053,USGS-07374000
USGS-05315000,-95.82945,44.430156,0.5910891251683638,74009718,USGS-07374000
USGS-05316500,-95.171378,44.523579,0.3893704939135573,74009209,USGS-07374000
USGS-05316580,-94.994976,44.545551,0.48338696106241763,74009205,USGS-07374000
USGS-05316770,-94.4336111,44.29694444,0.7767235417040352,74016349,USGS-07374000
USGS-05317000,-94.439427,44.289217,0.7056013053983139,74017198,USGS-07374000
USGS-05317200,-94.3390394,44.24661827,0.9616282490666177,74017582,USGS-07374000
USGS-05319500,-94.1948741,44.04621625,0.7562748698136792,74017350,USGS-07374000
USGS-05320000,-94.1096097,44.09593967,0.31673326822858605,74017199,USGS-07374000
USGS-05320500,-94.0502846,44.11760477,0.8593323946708935,74017340,USGS-07374000
USGS-05325000,-94.0023121,44.17002549,0.3382944595670843,74016340,USGS-07374000
USGS-05330000,-93.642001,44.6926832,0.5231834300461154,74009197,USGS-07374000
USGS-05331000,-93.0881111,44.9444444,0.8046846184246562,74009182,USGS-07374000
USGS-05331580,-92.8478747,44.7460861,0.6448528554232664,74009179,USGS-07374000
USGS-05331833,-91.3293778,46.1713687,0.05045130748049074,74005730,USGS-07374000
USGS-05333500,-92.2466667,46.0761111,0.3639042201752091,74004776,USGS-07374000
USGS-05335492,-92.365225,45.8534972,0.547752396607906,74011263,USGS-07374000
USGS-05336700,-92.864309,46.105191,0.43847507825923315,74005286,USGS-07374000
USGS-05338500,-92.932039,45.840703,0.34118074137109883,74009664,USGS-07374000
USGS-05340500,-92.6469444,45.4069444,0.3409327091925559,74009473,USGS-07374000
USGS-05341498,-92.6752033,45.1277442,0.4842836386151649,74010835,USGS-07374000
USGS-05341550,-92.802469,45.056725,0.22512120142452188,74009466,USGS-07374000
USGS-05342000,-92.7330556,44.8308333,0.7392625003688665,74011464,USGS-07374000
USGS-05344490,-92.8041364,44.74869529,0.9865927178093917,74009459,USGS-07374000
USGS-05344500,-92.802152,44.747085,0.10963325070655934,74009178,USGS-07374000
USGS-05345000,-93.0549358,44.66663318,0.6137501224727726,74012050,USGS-07374000
USGS-05353800,-93.231121,44.257882,0.4380011390220836,74017672,USGS-07374000
USGS-05354500,-93.2566667,44.3597222,0.4520597856246899,74017471,USGS-07374000
USGS-05355024,-93.1596667,44.4585833,0.7571549475101735,74017362,USGS-07374000
USGS-05355092,-92.912915,44.516951,0.8841533607250996,74010241,USGS-07374000
USGS-05355200,-92.731577,44.564233,0.725913009130841,74010169,USGS-07374000
USGS-05355250,-92.5424444,44.56530556,0.22525963329702323,74009172,USGS-07374000
USGS-05356000,-91.0788889,45.8486111,0.1967958666418713,74009437,USGS-07374000
USGS-05356500,-91.2609878,45.4521867,0.07952148925848751,74009402,USGS-07374000
USGS-05357335,-89.9846035,46.0488377,0.9013755805449155,74004911,USGS-07374000
USGS-05359500,-90.6155556,45.7033333,0.06775645950801987,74010793,USGS-07374000
USGS-05360500,-91.2194444,45.40638889,0.8362737429143904,74009856,USGS-07374000
USGS-05362000,-90.9565247,45.30803838,0.9720121552875038,74010895,USGS-07374000
USGS-05365500,-91.4108333,44.92666667,0.16227708003341074,74009350,USGS-07374000
USGS-05366800,-91.5029665,44.80959899,0.03647968325894637,74009340,USGS-07374000
USGS-05367500,-91.7119444,45.05305556,0.4964050295611463,74010750,USGS-07374000
USGS-05368000,-91.9110104,45.0477401,0.5623518987046062,74010992,USGS-07374000
USGS-05369000,-91.9380556,44.87527778,0.73204938609547,74010605,USGS-07374000
USGS-05369500,-91.9713333,44.631,0.4342474581185965,74009308,USGS-07374000
USGS-05372995,-92.4662963,44.0616507,0.5349001045399017,74017834,USGS-07374000
USGS-05378500,-91.637823,44.05571,0.4834292339479545,74016318,USGS-07374000
USGS-05379400,-91.5052778,44.25444444,0.22629951383875702,74017579,USGS-07374000
USGS-05379500,-91.5530278,44.13175,0.507185778828518,74017421,USGS-07374000
USGS-05381000,-90.615,44.5597222,0.30402935187904073,74010686,USGS-07374000
USGS-053813595,-90.846531,44.29357228,0.3714038172980402,74016706,USGS-07374000
USGS-05382000,-91.2872222,44.06027778,0.5933966142812264,74016667,USGS-07374000
USGS-05382267,-90.7244444,44.00027778,0.1812078230563557,74018872,USGS-07374000
USGS-05382284,-90.765,43.9672222,0.9730700119472845,74021234,USGS-07374000
USGS-05382325,-90.8105556,43.9375,0.05345805285082404,74018392,USGS-07374000
USGS-05383075,-91.2104156,43.86079886,0.4953648369969793,74017671,USGS-07374000
USGS-05383950,-92.03163,43.782779,0.8483383406928027,74017369,USGS-07374000
USGS-05385000,-91.5698654,43.76857719,0.5191232394476464,74017202,USGS-07374000
USGS-05385500,-91.564252,43.738823,0.9011807682649443,74017808,USGS-07374000
USGS-05387440,-91.8990464,43.40691316,0.99,74017403,USGS-07374000
USGS-05387500,-91.7955429,43.3048888,0.22208403079647987,74017283,USGS-07374000
USGS-05388250,-91.5087519,43.4210841,0.9346856864394757,74017203,USGS-07374000
USGS-05389000,-91.2651389,43.11191667,0.4850932692418578,74017990,USGS-07374000
USGS-05391000,-89.55236359,45.8305086,0.1000168416294939,74010123,USGS-07374000
USGS-05393500,-89.9791667,45.44916667,0.7964115808321691,74011916,USGS-07374000
USGS-05394500,-89.6497222,45.2358333,0.8408046260744021,74011354,USGS-07374000
USGS-05395000,-89.6816667,45.1783333,0.15152523457092718,74009971,USGS-07374000
USGS-05396000,-89.9052778,44.9725,0.501283361688323,74011282,USGS-07374000
USGS-05397500,-89.5519444,44.91888889,0.8718045556407623,74010875,USGS-07374000
USGS-05398000,-89.6357472,44.88683056,0.5353741438330796,74009947,USGS-07374000
USGS-05399500,-90.0795754,44.8219098,0.10601453789621092,74011273,USGS-07374000
USGS-05400760,-89.8271246,44.3921593,0.44676091197299445,74016607,USGS-07374000
USGS-05401050,-89.8102778,44.2625,0.8868750252826276,74018302,USGS-07374000
USGS-05402000,-90.1219444,44.3022222,0.8045782337694056,74017030,USGS-07374000
USGS-05403000,-90.0716667,44.0261111,0.5241598038934729,74016978,USGS-07374000
USGS-05403500,-90.1619444,43.8797222,0.46096897154129474,74017647,USGS-07374000
USGS-05404000,-89.7566667,43.605,0.03713654251918192,74016584,USGS-07374000
USGS-054041665,-90.0114444,43.53244444,0.02983179507454309,74017684,USGS-07374000
USGS-05405000,-89.6363889,43.48166667,0.022033908312116785,74017331,USGS-07374000
USGS-05406500,-89.7322222,43.13416667,0.7480790496784323,74019295,USGS-07374000
USGS-05407000,-90.4433333,43.19805556,0.963035564302497,74016560,USGS-07374000
USGS-05407468,-90.5889444,43.72994444,0.82441865067888,74018507,USGS-07374000
USGS-05408000,-90.6431767,43.57415528,0.9548774165573168,74017888,USGS-07374000
USGS-05410490,-90.8583333,43.18277778,0.843632346191632,74017323,USGS-07374000
USGS-05411600,-91.9503333,43.20727778,0.8908208842579709,74017995,USGS-07374000
USGS-05411850,-91.8090983,43.0541879,0.5064506795984355,74016408,USGS-07374000
USGS-05412020,-91.4012767,42.84348517,0.04776432092254563,74022467,USGS-07374000
USGS-05412400,-91.3690252,42.7538753,0.02361371409428261,74023718,USGS-07374000
USGS-05412500,-91.261799,42.7399884,0.10342126520040305,74022462,USGS-07374000
USGS-05413500,-90.8191667,42.72027778,0.5749208380551692,74024219,USGS-07374000
USGS-05414000,-90.6402778,42.7311111,0.5909754289229698,74024922,USGS-07374000
USGS-05416900,-91.4487147,42.4699878,0.7167044721022074,74024205,USGS-07374000
USGS-05418400,-90.7293333,42.1643333,0.4238912127279741,74023698,USGS-07374000
USGS-05418500,-90.6329167,42.08335278,0.99,74023538,USGS-07374000
USGS-05419000,-90.285,42.2583333,0.2641880188759806,74024149,USGS-07374000
USGS-05420460,-90.1904056,41.82725278,0.42688499693492754,74022358,USGS-07374000
USGS-05420500,-90.252073,41.78058635,0.34847711831715295,74022357,USGS-07374000
USGS-05420680,-92.2574,42.83609167,0.8352680347915429,74022884,USGS-07374000
USGS-05421000,-91.8951722,42.46359796,0.3538415729323642,74022822,USGS-07374000
USGS-05421740,-91.2673889,42.0833611,0.1672792899562238,74022753,USGS-07374000
USGS-05422000,-90.5348556,41.7669722,0.40869976529548596,74022710,USGS-07374000
USGS-05423500,-88.72066309,43.64165509,0.7973142550810132,74020716,USGS-07374000
USGS-05424057,-88.6322222,43.45027778,0.21870935869162192,74017639,USGS-07374000
USGS-05424157,-88.5743056,43.26191389,0.4383745847544472,74017435,USGS-07374000
USGS-05425500,-88.7261111,43.18805556,0.12861169729473151,74017250,USGS-07374000
USGS-05425912,-88.845,43.44444444,0.7171229859584642,74018530,USGS-07374000
USGS-05426000,-88.8494444,43.1,0.11496030426679023,74016892,USGS-07374000
USGS-05426250,-88.6705556,42.96027778,0.9677701224226454,74022906,USGS-07374000
USGS-05427085,-88.8395278,42.9289722,0.2779380906493259,74022858,USGS-07374000
USGS-05427530,-89.0213889,42.83,0.5911941002968267,74022841,USGS-07374000
USGS-05427850,-89.4019444,43.1508333,0.6792166000816365,74018247,USGS-07374000
USGS-05427910,-89.4368333,43.1468333,0.9736252842649618,74019717,USGS-07374000
USGS-05428500,-89.3608333,43.08944444,0.7929014771828539,74018026,USGS-07374000
USGS-05429500,-89.305,43.00888889,0.99,74017785,USGS-07374000
USGS-05429700,-89.2203937,42.9197239,0.23541807639323362,74022916,USGS-07374000
USGS-05430150,-89.196737,42.83333998,0.717075512135681,74024474,USGS-07374000
USGS-05430175,-89.1719444,42.82638889,0.07251863609542213,74022915,USGS-07374000
USGS-05431486,-88.8291667,42.5972222,0.14073419627917572,74024342,USGS-07374000
USGS-05432500,-90.1186111,42.67777778,0.5868455802323879,74024104,USGS-07374000
USGS-05433000,-89.8611111,42.78555556,0.4393306767274195,74024333,USGS-07374000
USGS-05434500,-89.8013889,42.51,0.8832575440195616,74023661,USGS-07374000
USGS-05435500,-89.6152778,42.30027778,0.5745111898055376,74023561,USGS-07374000
USGS-05435950,-89.5441667,42.94916667,0.13937531961871563,74023203,USGS-07374000
USGS-05436500,-89.3979722,42.61230556,0.5728670099884299,74023071,USGS-07374000
USGS-05437050,-89.175,42.43805556,0.1901316066099471,74023032,USGS-07374000
USGS-05437500,-89.0725,42.45027778,0.38649086896649365,74022796,USGS-07374000
USGS-05438170,-88.60848889,42.26535,0.3502673484309591,74024627,USGS-07374000
USGS-05438500,-88.8631565,42.25613208,0.3674639286507267,74024080,USGS-07374000
USGS-05439000,-88.7597222,41.9311111,0.4524724403261281,74025117,USGS-07374000
USGS-05439500,-88.9006527,42.11058064,0.1183824181340473,74023855,USGS-07374000
USGS-05440000,-88.9988889,42.19444444,0.16675458102871396,74023752,USGS-07374000
USGS-05440700,-89.2553639,42.12218889,0.536946932495154,74022756,USGS-07374000
USGS-05442300,-89.4858333,41.84416667,0.33607831482488726,74022736,USGS-07374000
USGS-05443500,-89.7455556,41.7722222,0.7333506344543058,74022731,USGS-07374000
USGS-05444000,-89.6963889,41.90275,0.3276910746471595,74024347,USGS-07374000
USGS-05446500,-90.1852778,41.5561111,0.955125607385443,74022708,USGS-07374000
USGS-05447500,-90.1580083,41.4889333,0.15129087075994208,74029895,USGS-07374000
USGS-05448000,-90.5555278,41.44241667,0.8532716448449865,74032289,USGS-07374000
USGS-05449500,-93.6216389,42.7599722,0.2357589545961511,74023119,USGS-07374000
USGS-05451210,-93.1521944,42.31530556,0.534751120385455,74023881,USGS-07374000
USGS-05451500,-92.9076997,42.06582096,0.6682004449966482,74022976,USGS-07374000
USGS-05451700,-92.8524194,42.008875,0.21827868593256627,74024507,USGS-07374000
USGS-05451770,-92.63655,41.96425556,0.36169116907910365,74022958,USGS-07374000
USGS-05451900,-92.474355,41.89943868,0.7113601156108823,74025295,USGS-07374000
USGS-05452000,-92.3132417,41.9641611,0.3626325926423691,74024469,USGS-07374000
USGS-05452200,-92.386297,41.8349969,0.213947816152514,74024672,USGS-07374000
USGS-05452500,-92.2779167,41.85905556,0.13379253789242054,74022946,USGS-07374000
USGS-05453000,-92.1821267,41.74944709,0.7387845329971724,74024180,USGS-07374000
USGS-05453100,-92.064792,41.81272566,0.3727731875807245,74022939,USGS-07374000
USGS-05453520,-91.5301667,41.71529444,0.8577299319648707,74022925,USGS-07374000
USGS-05454220,-91.7401722,41.71834444,0.852464036922852,74025586,USGS-07374000
USGS-05454300,-91.5987778,41.67668056,0.4607959142951509,74024369,USGS-07374000
USGS-05454500,-91.541,41.6566833,0.358896311153222,74022922,USGS-07374000
USGS-05455100,-91.6157222,41.60640556,0.259732681720245,74023948,USGS-07374000
USGS-05455500,-91.7146129,41.4697387,0.9481022734426822,74029080,USGS-07374000
USGS-05455700,-91.4785278,41.42377778,0.2433300188642741,74029076,USGS-07374000
USGS-05457000,-92.974797,43.63757,0.362324261351705,74017827,USGS-07374000
USGS-05457700,-92.6738833,43.06219444,0.06696434027431128,74023261,USGS-07374000
USGS-05458000,-92.5035444,43.03327778,0.39554401646501475,74023263,USGS-07374000
USGS-05458300,-92.4700917,42.7372222,0.5851837508670389,74023140,USGS-07374000
USGS-05458500,-92.4651861,42.64831667,0.5858725676993868,74023088,USGS-07374000
USGS-05458900,-92.5435222,42.62942778,0.5963553597590904,74023043,USGS-07374000
USGS-05459500,-93.1925,43.165,0.301776695297009,74017370,USGS-07374000
USGS-05462000,-92.5829667,42.711925,0.2872401373477678,74023081,USGS-07374000
USGS-05463000,-92.6182778,42.572,0.7215065594019013,74024061,USGS-07374000
USGS-05463050,-92.4434917,42.53756944,0.15995944459237513,74023020,USGS-07374000
USGS-05463500,-92.4632472,42.40776389,0.5703532250415787,74024137,USGS-07374000
USGS-05464000,-92.3343472,42.49554444,0.12420879974919506,74023011,USGS-07374000
USGS-05464220,-92.2988889,42.25152778,0.39094335912210854,74023946,USGS-07374000
USGS-05464315,-92.0237944,42.17082778,0.35951623733783433,74022971,USGS-07374000
USGS-05464420,-91.7851806,42.06916389,0.787865963924234,74022957,USGS-07374000
USGS-05464500,-91.6671239,41.97194549,0.6999141889287601,74022953,USGS-07374000
USGS-05464695,-91.6118611,42.03094444,0.03696176956488558,74024787,USGS-07374000
USGS-05464730,-91.5770833,41.963,0.0999660771767705,74022949,USGS-07374000
USGS-05464780,-91.31375,41.7872222,0.2656514820532413,74022940,USGS-07374000
USGS-05465000,-91.2904306,41.40919167,0.6444226176556929,74029777,USGS-07374000
USGS-05465100,-91.3468216,41.27835889,0.11700123731157284,74029070,USGS-07374000
USGS-05465500,-91.1820917,41.1780861,0.5941529543020699,74029067,USGS-07374000
USGS-05465700,-91.0635278,41.10319444,0.30449728805916704,74029065,USGS-07374000
USGS-05466500,-90.9673663,41.18697738,0.6831214686785289,74030666,USGS-07374000
USGS-05467000,-90.9193083,41.1289222,0.7365679523131003,74030921,USGS-07374000
USGS-05469000,-90.8543083,41.001425,0.6616610578113296,74031055,USGS-07374000
USGS-05470000,-93.62025,42.0665833,0.4620368512525966,74024040,USGS-07374000
USGS-05470500,-93.6305,42.02255556,0.7666956511366986,74024264,USGS-07374000
USGS-05471000,-93.5959722,42.0082222,0.09327888923568863,74023893,USGS-07374000
USGS-05471050,-93.2468333,41.68180556,0.24941046620914004,74023653,USGS-07374000
USGS-05471200,-93.3086944,41.8057222,0.15504701031800705,74023914,USGS-07374000
USGS-05471500,-92.6573556,41.35570278,0.6455979906971452,74029634,USGS-07374000
USGS-05472500,-92.2046222,41.30084444,0.310755309510522,74029871,USGS-07374000
USGS-05473400,-91.6742167,40.92530278,0.7210038269717522,74030572,USGS-07374000
USGS-05473450,-91.5515497,41.0069727,0.775856727983518,74032257,USGS-07374000
USGS-05474000,-91.2770889,40.75365,0.7950971542171418,74029540,USGS-07374000
USGS-05476000,-94.9850199,43.6207587,0.788373324803893,74017241,USGS-07374000
USGS-05476590,-94.7072222,43.1264722,0.025764748564234753,74017159,USGS-07374000
USGS-05476750,-94.2202778,42.71944444,0.7012418112759039,74023097,USGS-07374000
USGS-05478265,-94.2305556,43.08266667,0.30837357909600616,74017263,USGS-07374000
USGS-05479000,-94.19325,42.7236111,0.7025551221347452,74022632,USGS-07374000
USGS-05480500,-94.2033333,42.5083333,0.3099350506256525,74022621,USGS-07374000
USGS-05480820,-93.9466944,42.72441389,0.8176941320934807,74022855,USGS-07374000
USGS-05481000,-93.8059444,42.4319722,0.0474549762492763,74022811,USGS-07374000
USGS-05481300,-93.9974667,42.25225,0.01,74022614,USGS-07374000
USGS-05481650,-93.6676111,41.6803333,0.575006464295585,74022608,USGS-07374000
USGS-05481950,-93.7347222,41.6883333,0.05452773280773395,74023764,USGS-07374000
USGS-05482000,-93.6197222,41.61194444,0.5420561122446311,74022606,USGS-07374000
USGS-05482300,-94.9910278,42.35455556,0.679565777584573,74023864,USGS-07374000
USGS-05482500,-94.3770833,41.9878611,0.06737460596852844,74023522,USGS-07374000
USGS-05483450,-94.493,41.7790833,0.4469667462123981,74023868,USGS-07374000
USGS-05483600,-94.3710556,41.68741667,0.636956034675959,74023756,USGS-07374000
USGS-05484000,-94.1511667,41.59041667,0.380449724912687,74023632,USGS-07374000
USGS-05484500,-93.9497778,41.53402778,0.09291254991410855,74023414,USGS-07374000
USGS-05484650,-93.7033333,41.56166667,0.27502522245912747,74023391,USGS-07374000
USGS-05484800,-93.7033056,41.5874722,0.39221263716652854,74024670,USGS-07374000
USGS-05484900,-93.6426667,41.5815,0.5393330685708377,74023387,USGS-07374000
USGS-05485500,-93.6056111,41.5785833,0.08487877088152881,74022605,USGS-07374000
USGS-05485605,-93.5696111,41.7173333,0.6824900953448441,74026314,USGS-07374000
USGS-05485640,-93.5455278,41.61380556,0.6304829182846491,74024675,USGS-07374000
USGS-05486000,-93.6549722,41.4581111,0.5523772421595277,74029850,USGS-07374000
USGS-05486490,-93.5873056,41.4243611,0.448762041650899,74022904,USGS-07374000
USGS-05487470,-93.4864167,41.33788889,0.11559523439870875,74030967,USGS-07374000
USGS-05487980,-93.2901389,41.24644444,0.2632128946359712,74030833,USGS-07374000
USGS-05488110,-92.9754722,41.36416667,0.548467203242428,74029326,USGS-07374000
USGS-05488200,-93.0449167,41.30038889,0.5741976299678939,74032448,USGS-07374000
USGS-05488500,-92.8608222,41.2813611,0.7168205836544986,74029325,USGS-07374000
USGS-05489000,-92.9088333,41.2191111,0.11819235873829156,74030911,USGS-07374000
USGS-05489200,-92.6388033,41.1558422,0.5576446515248937,74029319,USGS-07374000
USGS-05489500,-92.4112917,41.0108472,0.2126495583444929,74029315,USGS-07374000
USGS-05490500,-91.9596139,40.72780556,0.38523536333821906,74029308,USGS-07374000
USGS-05490600,-91.5669639,40.4624083,0.4128999296575021,74029301,USGS-07374000
USGS-05495000,-91.5978889,40.39241667,0.6711632881229048,74030539,USGS-07374000
USGS-05495500,-91.3373694,40.1428222,0.4312937965695727,74031472,USGS-07374000
USGS-05496000,-91.5656944,40.1421111,0.9192996958798787,74030688,USGS-07374000
USGS-05497150,-91.6223417,40.01890278,0.7864937139485461,74037531,USGS-07374000
USGS-05498150,-91.7057179,40.028933,0.5655485375652206,74038101,USGS-07374000
USGS-05498700,-92.0269444,40.0061111,0.6424240050158734,74037350,USGS-07374000
USGS-05500000,-91.5802778,39.8974722,0.5157295198436072,74037316,USGS-07374000
USGS-05501000,-91.5460278,39.817,0.3312749425569784,74037789,USGS-07374000
USGS-05502300,-92.2304444,39.82988889,0.48241473186122147,74037902,USGS-07374000
USGS-05502500,-92.0410278,39.74127778,0.22060031971055613,74037848,USGS-07374000
USGS-05503800,-91.9935,39.5848333,0.8343231601529953,74040795,USGS-07374000
USGS-05504800,-91.8341667,39.3261111,0.8564674205410425,74039459,USGS-07374000
USGS-05506100,-91.8341667,39.3561111,0.22084077703177818,74039041,USGS-07374000
USGS-05506350,-92.12775,39.5241111,0.1272443191402548,74038833,USGS-07374000
USGS-05506800,-92.1677778,39.4348333,0.021117666786335542,74039543,USGS-07374000
USGS-05507600,-91.6766667,39.43138889,0.43183949243515957,74039958,USGS-07374000
USGS-05507800,-91.5723056,39.57405556,0.29909742565349795,74037697,USGS-07374000
USGS-05508000,-91.4073611,39.6125,0.13800529074151283,74037673,USGS-07374000
USGS-05508805,-91.3434444,39.5206111,0.5076994116179747,74039319,USGS-07374000
USGS-05514500,-90.97775,39.01130556,0.23310021434589012,74038647,USGS-07374000
USGS-05514840,-90.6950556,38.7403611,0.5325371471788346,74041621,USGS-07374000
USGS-05514860,-90.6282222,38.80294444,0.8808227579821928,74041621,USGS-07374000
USGS-05515500,-86.7061667,41.38963889,0.6647696186071924,74029950,USGS-07374000
USGS-05516500,-86.3044166,41.34029645,0.18256857566773413,74029277,USGS-07374000
USGS-05516665,-86.4666667,41.27138889,0.5577782971444596,74029272,USGS-07374000
USGS-05517000,-86.62053829,41.30279685,0.16793238937252153,74029256,USGS-07374000
USGS-05517500,-86.96832769,41.22001988,0.78179209762032,74029241,USGS-07374000
USGS-05517530,-87.0338854,41.25390845,0.5011152138274373,74029236,USGS-07374000
USGS-05518000,-87.3403096,41.1828134,0.36543368284411926,74029223,USGS-07374000
USGS-05520500,-87.66875,41.15994444,0.6382172034959286,74029215,USGS-07374000
USGS-05522500,-87.1288886,40.93335598,0.16825686122231287,74031335,USGS-07374000
USGS-05524500,-87.3066723,40.8705788,0.4599275080964991,74031007,USGS-07374000
USGS-05525000,-87.5816667,40.82305556,0.41875442094640675,74030714,USGS-07374000
USGS-05525500,-87.7235278,40.62991667,0.99,74031377,USGS-07374000
USGS-05526000,-87.8240556,41.0092222,0.7626575725756835,74030395,USGS-07374000
USGS-05527500,-88.1867222,41.3463333,0.06879692252596997,74029192,USGS-07374000
USGS-05527800,-87.9259167,42.4893861,0.283523280663731,72058091,ECCC-02OA016
USGS-05528000,-87.9411111,42.34388889,0.7526381484939048,72058014,ECCC-02OA016
USGS-05528100,-87.9186111,42.20055556,0.99,72057993,ECCC-02OA016
USGS-05529000,-87.8872222,42.0872222,0.812293874039974,72057971,ECCC-02OA016
USGS-05530100,-87.8780556,42.03166667,0.1726282221542188,72057964,ECCC-02OA016
USGS-05531045,-88.001,42.0120833,0.33034167388213437,72058538,ECCC-02OA016
USGS-05531300,-87.9595556,41.88616667,0.3318174587640592,72058467,ECCC-02OA016
USGS-05531500,-87.9002778,41.8258333,0.773392513086861,72058467,ECCC-02OA016
USGS-05532500,-87.8220361,41.82149167,0.8783468501617335,72057953,ECCC-02OA016
USGS-05536000,-87.7958333,42.0122222,0.30128553905822636,72058357,ECCC-02OA016
USGS-05536085,-87.7283333,41.9747222,0.846648839039617,72058357,ECCC-02OA016
USGS-05536179,-87.5100125,41.507795,0.7395759451744343,72058716,ECCC-02OA016
USGS-05536190,-87.480567,41.56112789,0.03612011179198285,72058429,ECCC-02OA016
USGS-05536215,-87.6225833,41.5302222,0.7111208123020977,72058778,ECCC-02OA016
USGS-05536275,-87.6083333,41.56816667,0.43111754856646367,72058446,ECCC-02OA016
USGS-05536290,-87.5975833,41.60702778,0.6673450920372079,72058349,ECCC-02OA016
USGS-05537980,-88.0836944,41.5364722,0.3630025597001052,74024768,USGS-07374000
USGS-05539000,-88.0733333,41.5147222,0.30473704532167134,74023135,USGS-07374000
USGS-05539900,-88.1791417,41.9109722,0.7866326558857052,74026672,USGS-07374000
USGS-05540095,-88.17138889,41.8175,0.7592569275722513,74024721,USGS-07374000
USGS-05540130,-88.1319333,41.7202583,0.8369406926051702,74024503,USGS-07374000
USGS-05540160,-88.0477778,41.83166667,0.632555991762708,74026470,USGS-07374000
USGS-05540228,-88.0789722,41.79280556,0.05203419680225407,74025075,USGS-07374000
USGS-05540250,-88.0705556,41.71805556,0.5229004298358385,74025075,USGS-07374000
USGS-05540290,-88.1664444,41.69044444,0.21049992061167802,74024204,USGS-07374000
USGS-05540500,-88.1928694,41.52230278,0.4109817597828836,74030109,USGS-07374000
USGS-05541710,-88.3477778,41.41694444,0.5760290805775609,74030007,USGS-07374000
USGS-05542000,-88.3598611,41.28619444,0.0739846403811456,74031247,USGS-07374000
USGS-05542500,-88.4285,41.3545833,0.3346791575726067,74029183,USGS-07374000
USGS-05543830,-88.2436111,43.0047222,0.5607143071251385,74023280,USGS-07374000
USGS-05544200,-88.3277778,42.85666667,0.7254195715442107,74025038,USGS-07374000
USGS-05545750,-88.225923,42.61085116,0.41716252693664135,74023070,USGS-07374000
USGS-05548105,-88.3697083,42.3853472,0.24465063699532777,74025021,USGS-07374000
USGS-05548280,-88.247425,42.44373056,0.3011608436101613,74024416,USGS-07374000
USGS-05549400,-88.2516667,42.3233333,0.46904456535879807,74023034,USGS-07374000
USGS-05550001,-88.29388889,42.16194444,0.028104781164604926,74023016,USGS-07374000
USGS-05550300,-88.3040667,42.05866667,0.8909126062809656,74026879,USGS-07374000
USGS-05551000,-88.2949972,41.9961861,0.5477187575222893,74023004,USGS-07374000
USGS-05551200,-88.3411056,41.9332,0.649580021899622,74025450,USGS-07374000
USGS-05551540,-88.3333361,41.73355,0.4413072879746799,74022982,USGS-07374000
USGS-05551580,-88.4433806,41.64283889,0.8236059991819562,74022973,USGS-07374000
USGS-05551675,-88.3833333,41.7408333,0.2274542989373523,74025088,USGS-07374000
USGS-05551700,-88.4414861,41.6718722,0.7979422059340459,74025088,USGS-07374000
USGS-05552500,-88.7889722,41.38413889,0.36300496260672416,74029781,USGS-07374000
USGS-05554300,-88.53,40.72277778,0.242740229638158,74031798,USGS-07374000
USGS-05554500,-88.636,40.8778333,0.5359378138798203,74030947,USGS-07374000
USGS-05555300,-88.9305556,41.2083333,0.26145073692457654,74030511,USGS-07374000
USGS-05556500,-89.4979611,41.36740278,0.7380870460551989,74029721,USGS-07374000
USGS-05558300,-89.3562222,41.10727778,0.12606450749667827,74029152,USGS-07374000
USGS-05564400,-88.8989601,40.60531299,0.729079558059191,74034286,USGS-07374000
USGS-05567500,-89.2416667,40.6235,0.2503311657552357,74030671,USGS-07374000
USGS-05568000,-89.6061667,40.45466667,0.12637545390938787,74030382,USGS-07374000
USGS-05568500,-89.7772722,40.55343889,0.3626493617086735,74029133,USGS-07374000
USGS-05568800,-89.8357222,41.01869444,0.8684292679878918,74036112,USGS-07374000
USGS-05569500,-90.2797778,40.7077222,0.8640443367825766,74030473,USGS-07374000
USGS-05570000,-90.3400944,40.49008056,0.029250768199895454,74030340,USGS-07374000
USGS-05570910,-88.3223611,40.3109972,0.5209189295253946,74031280,USGS-07374000
USGS-05572000,-88.5891667,40.03116667,0.2554535620423396,74030627,USGS-07374000
USGS-05573540,-88.9763889,39.8311111,0.1801897483640775,74037478,USGS-07374000
USGS-05576000,-89.5672778,39.7422222,0.01,74038556,USGS-07374000
USGS-05576090,-89.7616667,39.69916667,0.40746936331569134,74040192,USGS-07374000
USGS-05576193,-89.6616667,39.64,0.965412057151489,74043847,USGS-07374000
USGS-05576250,-89.5925278,39.77913889,0.6126439840078137,74039271,USGS-07374000
USGS-05576500,-89.5474778,39.84312778,0.43126858397587964,74037446,USGS-07374000
USGS-05577500,-89.6994167,39.81541667,0.49193478226380677,74039780,USGS-07374000
USGS-05578000,-89.8383333,40.0133333,0.7583321486397819,74029652,USGS-07374000
USGS-05578100,-88.66056389,40.22788889,0.5206606286520773,74031954,USGS-07374000
USGS-05578500,-89.049175,40.11516944,0.7697029524927393,74030978,USGS-07374000
USGS-05579500,-89.3856694,39.95176667,0.08826604428596622,74029802,USGS-07374000
USGS-05580000,-89.1294278,40.25476389,0.2546630357257147,74031222,USGS-07374000
USGS-05580950,-89.0289611,40.4711972,0.20541462560996823,74034308,USGS-07374000
USGS-05582000,-89.7357139,40.13185556,0.23906785194815994,74029755,USGS-07374000
USGS-05583000,-89.9839722,40.1233611,0.7072144339335278,74029628,USGS-07374000
USGS-05584500,-90.8961944,40.33152778,0.31899187627563985,74030821,USGS-07374000
USGS-05585000,-90.6310556,40.0250833,0.62756916730985,74030431,USGS-07374000
USGS-05586100,-90.6430833,39.70319444,0.4905583676075584,74037169,USGS-07374000
USGS-05587000,-90.3944444,39.23394444,0.3207223750590518,74038640,USGS-07374000
USGS-05587450,-90.429,38.9679722,0.01,74036835,USGS-07374000
USGS-05587900,-89.9747222,38.82444444,0.190231613643923,74039063,USGS-07374000
USGS-05590520,-88.36775,39.7917222,0.60482023335462,74037985,USGS-07374000
USGS-05590800,-88.4762222,39.80630556,0.27120780543970224,74037913,USGS-07374000
USGS-05591200,-88.4138056,39.5834722,0.190223562608743,74037819,USGS-07374000
USGS-05591550,-88.5272778,39.5067222,0.33897317053799725,74040654,USGS-07374000
USGS-05591700,-88.6621111,39.7307222,0.17449287166036417,74039970,USGS-07374000
USGS-05592000,-88.781,39.40702778,0.4191417414858966,74037736,USGS-07374000
USGS-05592050,-88.8968056,39.40588889,0.015050781954590833,74039729,USGS-07374000
USGS-05592100,-88.8418333,39.2298611,0.06789052321267189,74037679,USGS-07374000
USGS-05592500,-89.0888056,38.9606111,0.5089097746679025,74037633,USGS-07374000
USGS-05592575,-88.9528056,38.9370833,0.20849270263335318,74040736,USGS-07374000
USGS-05592800,-89.2366667,38.9223333,0.060311295432019324,74039349,USGS-07374000
USGS-05592900,-89.1,38.68888889,0.9626836637975061,74041466,USGS-07374000
USGS-05593000,-89.3575,38.61027778,0.240217995710718,74045947,USGS-07374000
USGS-05593575,-89.4166667,38.44166667,0.2200499032250046,74048299,USGS-07374000
USGS-05593900,-89.3524722,39.14891667,0.5574908382527366,74043244,USGS-07374000
USGS-05593945,-89.4988889,38.7758333,0.6373803457290759,74038815,USGS-07374000
USGS-05594000,-89.4947222,38.6097222,0.7997436127319161,74038753,USGS-07374000
USGS-05594070,-89.6288056,38.6158611,0.1683669254794213,74039908,USGS-07374000
USGS-05594100,-89.6275,38.45055556,0.11496232743270902,74045256,USGS-07374000
USGS-05594450,-89.8291667,38.71638889,0.434087255934359,74039194,USGS-07374000
USGS-05594800,-89.8738889,38.4061111,0.5889079574857149,74045487,USGS-07374000
USGS-05595000,-89.8883333,38.3197222,0.2295744176020056,74045249,USGS-07374000
USGS-05595200,-89.9705556,38.32388889,0.13172713583626244,74046182,USGS-07374000
USGS-05595730,-89.0405556,38.25416667,0.3101635901941144,74048212,USGS-07374000
USGS-05595820,-88.8722222,38.28666667,0.03273757328752999,74048136,USGS-07374000
USGS-05597000,-89.0194444,37.89138889,0.34841978828479997,74047008,USGS-07374000
USGS-05597500,-88.8891667,37.7311111,0.3489220712431079,74048989,USGS-07374000
USGS-05599490,-89.3277778,37.7583333,0.3132358219231811,74046645,USGS-07374000
USGS-07010000,-90.1797778,38.629,0.10455347910469064,74036826,USGS-07374000
USGS-07010086,-90.3262778,38.6009722,0.8892755027848617,74041346,USGS-07374000
USGS-07010088,-90.3135278,38.5866111,0.2041117913968643,74040348,USGS-07374000
USGS-07010097,-90.2832778,38.55925,0.7530991865386552,74040348,USGS-07374000
USGS-07010350,-91.4374833,37.8291472,0.655336217851716,74047746,USGS-07374000
USGS-07013000,-91.3609444,37.9984722,0.9544393594414029,74046727,USGS-07374000
USGS-07014000,-91.2040278,37.97477778,0.040950513647753276,74047366,USGS-07374000
USGS-07014500,-91.1084722,38.15852778,0.6174546804374087,74046524,USGS-07374000
USGS-07015720,-91.5808889,38.14691667,0.3728127838771506,74048211,USGS-07374000
USGS-07016500,-90.9954722,38.44413889,0.99,74046612,USGS-07374000
USGS-07017020,-90.7348889,38.46694444,0.937598448748189,74046418,USGS-07374000
USGS-07017200,-90.6908889,37.83,0.5078641783837582,74048044,USGS-07374000
USGS-07017260,-90.5101583,37.88930278,0.9673284202105413,74047774,USGS-07374000
USGS-07017610,-90.5745,37.96525,0.41312926572873093,74047070,USGS-07374000
USGS-07018100,-90.7060556,38.1596111,0.8067361595824406,74046773,USGS-07374000
USGS-07018500,-90.6378056,38.3917222,0.5759805561355102,74046544,USGS-07374000
USGS-07019000,-90.5901667,38.50513889,0.07179301230650985,74037399,USGS-07374000
USGS-07019500,-90.5563889,38.12666667,0.5770166704700103,74052010,USGS-07374000
USGS-07020500,-89.8302222,37.90075,0.3319951105197966,74045105,USGS-07374000
USGS-07020550,-89.9283333,37.73694444,0.4280376455735786,74048794,USGS-07374000
USGS-07021000,-90.0755,37.14663889,0.13955656859033908,74046953,USGS-07374000
USGS-07022000,-89.4631667,37.22025,0.11722132366904556,74045092,USGS-07374000
USGS-07023700,-89.0036748,36.7583908,0.9602399254434789,74055633,USGS-07374000
USGS-07024000,-88.963951,36.6286707,0.9487571446838652,74057093,USGS-07374000
USGS-07024175,-89.5479167,36.5826111,0.12893791371211982,74053190,USGS-07374000
USGS-07024500,-88.81088529,36.1181477,0.3885054900816385,74055547,USGS-07374000
USGS-07025400,-88.8547618,36.40533398,0.6727262263811928,74055437,USGS-07374000
USGS-07026040,-89.2176397,36.24085076,0.3197911474871857,74055027,USGS-07374000
USGS-07026500,-89.2964594,36.4422863,0.38182553866358326,74056074,USGS-07374000
USGS-07027720,-89.2122764,35.71876687,0.99,74054209,USGS-07374000
USGS-07028960,-88.8464417,35.74426606,0.1847805360668226,74055616,USGS-07374000
USGS-07029270,-88.7875557,34.94175668,0.8642035182104078,74062628,USGS-07374000
USGS-07029500,-88.976626,35.275356,0.647863936590279,74062062,USGS-07374000
USGS-07030050,-89.609455,35.63733496,0.01,74054200,USGS-07374000
USGS-07030240,-89.6395599,35.3109497,0.49129034845442066,74062586,USGS-07374000
USGS-07030392,-89.246736,35.03258978,0.3653059085124035,74062837,USGS-07374000
USGS-07030500,-89.5411896,35.05425748,0.5146211611205267,74062350,USGS-07374000
USGS-07031650,-89.8014706,35.1164879,0.3948413142200281,74062148,USGS-07374000
USGS-07031692,-89.8661226,35.16937845,0.706410241579944,74066240,USGS-07374000
USGS-07032000,-90.077592,35.12314616,0.1252075982741837,74060933,USGS-07374000
USGS-07032200,-89.818971,35.04982264,0.47227983154144504,74063586,USGS-07374000
USGS-07035000,-90.3129139,37.55936667,0.1543374829278605,74048109,USGS-07374000
USGS-07035800,-90.4578889,37.50241667,0.01363373929945738,74047085,USGS-07374000
USGS-07036100,-90.4738611,37.3845,0.11540916541800904,74046909,USGS-07374000
USGS-07037300,-90.5060278,37.26027778,0.5503837021971542,74047487,USGS-07374000
USGS-07037500,-90.5033056,37.19452778,0.7368448551677769,74046696,USGS-07374000
USGS-07039500,-90.2652778,36.9281111,0.6733458732655818,74053781,USGS-07374000
USGS-07043500,-89.7300556,36.83452778,0.1428280549401848,74054227,USGS-07374000
USGS-07047942,-90.8780556,35.1447222,0.04814192211878606,74061573,USGS-07374000
USGS-07047950,-90.8855556,34.97277778,0.443153155899868,74061556,USGS-07374000
USGS-07076750,-91.4497222,35.12888889,0.6606346024520159,74061209,USGS-07374000
USGS-07077000,-91.4447222,34.79444444,0.29171039267170223,74061205,USGS-07374000
USGS-07077380,-90.9330556,35.8575,0.3976909468230593,74055037,USGS-07374000
USGS-07077555,-91.3225,35.03555556,0.40116340288349583,74061552,USGS-07374000
USGS-072638805,-91.6990833,34.26116389,0.29047273695946924,74062717,USGS-07374000
USGS-07264000,-91.9158333,34.73666667,0.389241717017906,74062540,USGS-07374000
USGS-07268000,-89.2244444,34.4825,0.7404344479931682,74062674,USGS-07374000
USGS-07274000,-89.5213889,34.2733333,0.25059561540813863,74062698,USGS-07374000
USGS-07275900,-89.7533333,34.9075,0.49585257115265874,74062759,USGS-07374000
USGS-07276000,-89.8256429,34.84093038,0.9180522925062429,74062759,USGS-07374000
USGS-07283000,-89.3477778,33.9736111,0.6540988933631062,74067523,USGS-07374000
USGS-07285400,-89.7875859,33.77400485,0.4337629273579727,74067967,USGS-07374000
USGS-07285500,-89.8097222,33.78777778,0.5816165578104194,74067286,USGS-07374000
USGS-07288000,-90.575099,34.19733086,0.10150513530516743,74063158,USGS-07374000
USGS-07288280,-90.67,33.8325,0.99,74067200,USGS-07374000
USGS-07288500,-90.5431579,33.5473557,0.5971325469717764,74067189,USGS-07374000
USGS-07288650,-90.8477778,33.39666667,0.10809317276351167,74067381,USGS-07374000
USGS-07288800,-90.8173251,32.4873633,0.2490667348989998,74069913,USGS-07374000
USGS-07288955,-90.9141667,32.44416667,0.846683517746111,74069911,USGS-07374000
USGS-07289000,-90.9058333,32.315,0.28925555042548784,74069844,USGS-07374000
USGS-07289350,-89.7711111,33.19444444,0.7045515442938831,74067751,USGS-07374000
USGS-07289730,-90.3638889,32.60305556,0.031806191472805063,74067401,USGS-07374000
USGS-07290000,-90.6969444,32.34777778,0.01,74069902,USGS-07374000
USGS-07290650,-90.8783333,32.0186111,0.5958960496304235,74070171,USGS-07374000
USGS-07291000,-90.7775,31.50305556,0.8904488433888285,74070233,USGS-07374000
USGS-07292500,-91.1094444,31.3247222,0.19614082264859684,74070139,USGS-07374000
USGS-07295000,-91.2955556,31.22694444,0.3352999407880533,74070255,USGS-07374000
USGS-07356000,-93.6975,34.61,0.7385125766971539,74062294,USGS-07381490
USGS-07359002,-92.8908333,34.4261111,0.6479533260314229,74061867,USGS-07381490
USGS-07359610,-93.6061111,34.38277778,0.6114720208797788,74062986,USGS-07381490
USGS-07360200,-93.8997222,34.31166667,0.5849957964200524,74063593,USGS-07381490
USGS-07361500,-93.4180556,34.03888889,0.553709135184978,74062667,USGS-07381490
USGS-07362000,-92.8180556,33.59638889,0.48950388041627124,74067328,USGS-07381490
USGS-07362100,-92.7766667,33.37527778,0.15776495258913073,74067882,USGS-07381490
USGS-07362587,-92.9338889,34.7975,0.30796166127662244,74065351,USGS-07381490
USGS-07363000,-92.6102778,34.56777778,0.2142489787649623,74062250,USGS-07381490
USGS-07363054,-92.5717591,34.49881506,0.8282858930712178,74062250,USGS-07381490
USGS-07363400,-92.3725,34.2286111,0.99,74062405,USGS-07381490
USGS-07363500,-92.0258333,33.7008333,0.17275202827242897,74067271,USGS-07381490
USGS-07364078,-92.1208333,33.0561111,0.44183875992469485,74067239,USGS-07381490
USGS-07364185,-91.5355556,33.23555556,0.47365318624673847,74067231,USGS-07381490
USGS-07364200,-91.6556779,32.9904049,0.9252349740831037,74067226,USGS-07381490
USGS-07366200,-92.6329305,32.9293064,0.6596820331828699,74067961,USGS-07381490
USGS-07367005,-92.1197222,32.50027778,0.2893758053572701,74069937,USGS-07381490
USGS-07367680,-91.3477778,33.12416667,0.9695111342194457,74067181,USGS-07381490
USGS-07367690,-91.4380556,33.00138889,0.1465009113861806,74067174,USGS-07381490
USGS-07368000,-91.797904,32.48125346,0.25514381937244607,74069907,USGS-07381490
USGS-07369500,-91.36678139,32.43208704,0.7401281956763536,74070064,USGS-07381490
USGS-07369680,-91.2544444,33.10027778,0.03332116656499141,74067863,USGS-07381490
USGS-07369700,-91.262623,32.9932018,0.914611161636366,74067807,USGS-07381490
USGS-07370600,-92.3211111,32.10916667,0.4677213838228184,74070309,USGS-07381490
USGS-07372050,-92.6033333,31.93694444,0.07667298603538789,74070136,USGS-07381490
USGS-07372200,-92.3445833,31.7543363,0.2932390443452792,74070111,USGS-07381490
USGS-07373000,-92.4084714,31.5362873,0.09226627798687125,74070409,USGS-07381490
USGS-07374000,-91.1915556,30.44566667,0.25734613362835607,74071189,USGS-07374000
USGS-07375000,-90.2486954,30.6160223,0.720364246242754,74071760,USGS-07375000
USGS-07375280,-90.4611111,31.0122222,0.8903711895414004,74070269,USGS-07375500
USGS-07375500,-90.3617524,30.50658047,0.46125733198913027,74071366,USGS-07375500
USGS-07375800,-90.6734317,30.93073559,0.7474891668218937,74071436,USGS-07375960
USGS-07375960,-90.6431509,30.68629707,0.030457858075782444,74071384,USGS-07375960
USGS-07376000,-90.6773163,30.5038016,0.6512401540258149,74071384,USGS-07375960
USGS-07376500,-90.545924,30.50435795,0.908703188461472,74072431,USGS-07376500
USGS-07377000,-90.8445454,30.8890694,0.5895099935507189,74071420,USGS-07378500
USGS-07377600,-91.0512991,30.70229538,0.748046600434886,74071329,USGS-07378500
USGS-07378000,-91.0737158,30.512689,0.38188050855967864,74071320,USGS-07378500
USGS-07378500,-90.99038,30.464079,0.02334828575157041,74071316,USGS-07378500
USGS-07381490,-91.7983333,30.9825,0.10592617443497358,74071219,USGS-07381490
USGS-07382000,-92.3802778,31.00027778,0.5479070045692211,74069914,USGS-07382000
USGS-08010000,-92.4906944,30.48288889,0.7664732173020895,74071730,USGS-08010000
USGS-08012000,-92.63175,30.48077778,0.3567701973149379,74071510,USGS-08012000
USGS-08013000,-92.6736111,30.99666667,0.31468288903635405,74071430,USGS-08015500
USGS-08013500,-92.8140368,30.6404757,0.3089854679383162,74071381,USGS-08015500
USGS-08014500,-92.8931944,30.69875,0.274735992675472,74071326,USGS-08015500
USGS-08014800,-93.2301619,30.81880557,0.3752001180644181,74071400,USGS-08015500
USGS-08015500,-92.9154167,30.50255556,0.2070877254585612,74071317,USGS-08015500
USGS-05017500,-113.4206533,48.83303718,0.24586798869548696,71044879,ECCC-05KJ001
USGS-05030500,-96.017084,46.369544,0.536141045126393,71048407,ECCC-05OJ005
USGS-05046000,-96.183734,46.214467,0.619773414347755,71048405,ECCC-05OJ005
USGS-05049000,-96.4902245,45.82087626,0.018053901231862315,71048844,ECCC-05OJ005
USGS-05050000,-96.573245,45.862568,0.10221197269529765,71048838,ECCC-05OJ005
USGS-05051300,-96.5793428,46.1525039,0.47352530663297343,71048393,ECCC-05OJ005
USGS-0505152130,-96.7388889,46.49888889,0.09797410869220986,71048386,ECCC-05OJ005
USGS-05051522,-96.7959154,46.65968548,0.8046923317023831,71048386,ECCC-05OJ005
USGS-05051600,-97.511485,46.0221855,0.27206291226882573,71048335,ECCC-05OJ005
USGS-05052000,-97.0106403,46.17245926,0.26083265124260135,71048326,ECCC-05OJ005
USGS-05052500,-96.7345217,46.31134769,0.33527918214756774,71048468,ECCC-05OJ005
USGS-05053000,-96.7823018,46.4705168,0.23809059682270056,71048319,ECCC-05OJ005
USGS-05053500,-96.8205556,46.7169444,0.01,71048315,ECCC-05OJ005
USGS-05054000,-96.7836924,46.861075,0.5038785341678541,71048311,ECCC-05OJ005
USGS-05055300,-99.4155556,47.90777778,0.17530446248447884,71047115,ECCC-05OJ005
USGS-05055400,-99.2761111,47.82138889,0.6112644977110897,71047112,ECCC-05OJ005
USGS-05056000,-98.7162172,47.8055534,0.473591417009772,71047102,ECCC-05OJ005
USGS-05056100,-99.1026354,48.4480588,0.5986240809861448,71044759,USGS-05056100
USGS-05056200,-98.6603958,48.33667157,0.9638335281367643,71044674,USGS-05056200
USGS-05056239,-98.9406851,48.3205591,0.7359752644794881,71044651,USGS-05056239
USGS-05056770,-98.1304194,47.6868222,0.30904272079630635,71047091,ECCC-05OJ005
USGS-05057000,-98.0275954,47.43277097,0.3974363948184856,71047086,ECCC-05OJ005
USGS-05057200,-98.1248189,47.2291562,0.5870083118744626,71047232,ECCC-05OJ005
USGS-05058000,-98.0837077,47.0338718,0.7907032435388094,71047080,ECCC-05OJ005
USGS-05058500,-98.0105556,46.91555556,0.7090343022247151,71048376,ECCC-05OJ005
USGS-05058700,-97.6792652,46.4469123,0.6900589766145266,71048356,ECCC-05OJ005
USGS-05059000,-97.000643,46.63163288,0.18688658688160859,71048344,ECCC-05OJ005
USGS-05059300,-96.9269444,46.74638889,0.6444998296696404,71048344,ECCC-05OJ005
USGS-05059500,-96.9070286,46.8910784,0.9846439923191858,71048344,ECCC-05OJ005
USGS-05059700,-97.5739851,46.6216388,0.09988339325451535,71048426,ECCC-05OJ005
USGS-05059715,-97.4584167,46.6848611,0.49153512710619973,71048424,ECCC-05OJ005
USGS-05060000,-97.106477,46.8660826,0.032828601262095934,71048366,ECCC-05OJ005
USGS-05060100,-97.052587,46.9052487,0.4380416975962599,71048366,ECCC-05OJ005
USGS-05060400,-96.8917491,46.97746739,0.888328037257715,71048342,ECCC-05OJ005
USGS-05061000,-96.32912,46.851975,0.06519411932581771,71048370,ECCC-05OJ005
USGS-05061500,-96.627747,46.77566,0.09155508956118959,71048466,ECCC-05OJ005
USGS-05062000,-96.661716,46.963238,0.2740913389591966,71048359,ECCC-05OJ005
USGS-05062130,-96.8170556,47.0926944,0.09661086557420086,71047029,ECCC-05OJ005
USGS-05062500,-96.2475,47.26555556,0.5793222021626552,71047203,ECCC-05OJ005
USGS-05063398,-96.386064,47.113291,0.3766515427556156,71047357,ECCC-05OJ005
USGS-05064500,-96.843691,47.351918,0.26889698716869204,71047022,ECCC-05OJ005
USGS-05065500,-97.453424,47.5377646,0.921853579832928,71047226,ECCC-05OJ005
USGS-05066500,-97.0611974,47.40942385,0.8374134280622539,71047190,ECCC-05OJ005
USGS-05069000,-96.8147998,47.61191807,0.38763932983887583,71047193,ECCC-05OJ005
USGS-05070000,-96.9439684,47.7588646,0.6706341432036929,71047010,ECCC-05OJ005
USGS-05074500,-95.2766913,47.9574775,0.2823301041969057,71047054,ECCC-05OJ005
USGS-05075000,-95.808499,48.048638,0.01,71043912,ECCC-05OJ005
USGS-05076000,-96.169948,48.186179,0.08009431025433984,71044540,ECCC-05OJ005
USGS-05078000,-96.046235,47.923479,0.20600739234362442,71047186,ECCC-05OJ005
USGS-05078230,-95.85835,47.843794,0.08281203725609095,71047255,ECCC-05OJ005
USGS-05078500,-96.2765806,47.88620556,0.8472850143620275,71047172,ECCC-05OJ005
USGS-05079000,-96.6100767,47.7753946,0.4162865896698491,71047036,ECCC-05OJ005
USGS-05080000,-96.8095627,47.8006388,0.19577926593744027,71047034,ECCC-05OJ005
USGS-05082500,-97.0292435,47.9269234,0.22250453453008356,71047007,ECCC-05OJ005
USGS-05082625,-97.5145305,47.9319336,0.5896796619391448,71047046,ECCC-05OJ005
USGS-05084000,-97.7306431,48.1972148,0.07353540968446169,71044630,ECCC-05OJ005
USGS-05085000,-97.3700763,48.286099,0.0628950796227688,71044524,ECCC-05OJ005
USGS-05085450,-96.7180556,48.2097222,0.26072382213809375,71044814,ECCC-05OJ005
USGS-05087500,-96.8165174,48.34007687,0.7151635690642064,71044653,ECCC-05OJ005
USGS-05090000,-97.412023,48.4247108,0.6623885839277808,71044538,ECCC-05OJ005
USGS-05092000,-97.1475697,48.5722064,0.6456206193037266,71043792,ECCC-05OJ005
USGS-05094000,-96.6669493,48.7318196,0.010924618048777542,71044593,ECCC-05OJ005
USGS-05099600,-97.9170369,48.9133284,0.6172991019394263,71043970,ECCC-05OJ005
USGS-05100000,-97.5570221,48.9897138,0.4973501240297991,71043968,ECCC-05OJ005
USGS-05106000,-95.662148,48.992599,0.0782343933888845,71044464,ECCC-05OJ005
USGS-05107500,-95.92228,48.910036,0.3400428762791627,71044309,ECCC-05OJ005
USGS-05112000,-96.462767,48.981612,0.5699118910429251,71039472,ECCC-05OJ005
USGS-05113600,-103.076709,48.98106266,0.2413347605330421,71039763,ECCC-05OJ005
USGS-05114000,-101.9583348,48.98995719,0.22936890540963709,71043961,ECCC-05OJ005
USGS-05116000,-101.5054414,48.3722357,0.5448188276284829,71043945,ECCC-05OJ005
USGS-05116500,-101.5701633,48.37056947,0.4154962239530857,71044189,ECCC-05OJ005
USGS-05117500,-101.371361,48.2457899,0.8045729672702976,71043944,ECCC-05OJ005
USGS-05120000,-100.7295863,48.15972928,0.38592141068918906,71043933,ECCC-05OJ005
USGS-05122000,-100.4348534,48.50555109,0.628452346658515,71043925,ECCC-05OJ005
USGS-05123400,-100.4416083,48.5877399,0.7031145838897636,71044206,ECCC-05OJ005
USGS-05124000,-100.9584889,48.9964079,0.9056573805656397,71043865,ECCC-05OJ005
USGS-05124480,-91.535142,47.922814,0.5495292543806978,71047286,ECCC-05PE028
USGS-05125000,-91.695358,47.840058,0.13886470733443756,71047238,ECCC-05PE028
USGS-05126210,-91.798854,47.842038,0.6453926608946672,71047223,ECCC-05PE028
USGS-05127500,-91.652421,48.082538,0.4204182252445355,71044359,ECCC-05PE028
USGS-05129115,-92.5654257,48.265068,0.5361814515996508,71044075,ECCC-05PE028
USGS-05129515,-93.4466667,48.5922222,0.4665267933507671,71043825,ECCC-05PE028
USGS-05131500,-93.5496852,48.3954278,0.7106736003549384,71044056,ECCC-05PE028
USGS-05132000,-93.8080272,48.19634308,0.7692334004196606,71044296,ECCC-05PE028
USGS-05133500,-93.913311,48.63442818,0.3227044540344857,71043819,ECCC-05PE028
USGS-05134200,-94.5611403,48.5367595,0.8674555139801272,71044607,ECCC-05PE028
USGS-06006000,-111.6256694,44.61579167,0.6095303105655667,74013041,USGS-07374000
USGS-06012500,-112.3712222,44.65588056,0.3099008525318572,74010845,USGS-07374000
USGS-06016000,-112.7504944,45.11612778,0.20721909534139146,74010080,USGS-07374000
USGS-06017000,-112.6553333,45.2183833,0.6670413115670946,74010059,USGS-07374000
USGS-06018500,-112.4528306,45.38338889,0.8648304111399603,74010026,USGS-07374000
USGS-06019500,-112.1428167,45.1923194,0.2999289954480633,74011184,USGS-07374000
USGS-06020600,-112.1112389,45.2418694,0.41760513555945655,74011131,USGS-07374000
USGS-06023000,-112.3308889,45.50691389,0.7333914683141882,74010798,USGS-07374000
USGS-06023100,-112.338111,45.54688889,0.48791317920899013,74009994,USGS-07374000
USGS-06024450,-113.4569417,45.61796667,0.8028842970177349,74011246,USGS-07374000
USGS-06024540,-113.3132694,45.80754167,0.20444561073351042,74010854,USGS-07374000
USGS-06025250,-112.7359694,45.7012694,0.01,74010108,USGS-07374000
USGS-06025500,-112.701725,45.52658056,0.0970997481245321,74010077,USGS-07374000
USGS-06026210,-112.5560917,45.4400944,0.7981406049769072,74010063,USGS-07374000
USGS-06026420,-112.360675,45.5500222,0.1581591078082633,74010020,USGS-07374000
USGS-06026500,-112.3293972,45.6132833,0.6854831532161401,74009982,USGS-07374000
USGS-06027600,-112.1872278,45.74750278,0.7862219740508987,74009962,USGS-07374000
USGS-06033000,-112.09165,46.21103056,0.509037995930512,74005492,USGS-07374000
USGS-06035000,-111.741025,45.7230583,0.7624420283650191,74012053,USGS-07374000
USGS-06036650,-111.5956722,45.8971361,0.6285113882601138,74009926,USGS-07374000
USGS-06036805,-110.8222722,44.4593333,0.7131845224818774,74022189,USGS-07374000
USGS-06036905,-110.8635028,44.6201833,0.6998269558010043,74010249,USGS-07374000
USGS-06037100,-110.8610639,44.6408,0.965675691504063,74011750,USGS-07374000
USGS-06037500,-111.0679639,44.6570722,0.38316713655144474,74010191,USGS-07374000
USGS-06038500,-111.3387806,44.86639167,0.9141725721855692,74010095,USGS-07374000
USGS-06038800,-111.580886,44.88865556,0.9549584550441806,74010056,USGS-07374000
USGS-06040000,-111.7516333,45.2331333,0.18842642267814436,74010003,USGS-07374000
USGS-06040800,-111.6338583,45.4865944,0.34335010254387865,74009975,USGS-07374000
USGS-06041000,-111.6345056,45.49023056,0.3612322419738648,74009975,USGS-07374000
USGS-06043120,-111.2113917,45.29727778,0.6280537520730385,74011155,USGS-07374000
USGS-06043500,-111.2707083,45.4973,0.0327700799431551,74010867,USGS-07374000
USGS-06048650,-111.0661944,45.72566667,0.8847390167336597,74011668,USGS-07374000
USGS-06050000,-111.0718889,45.56332778,0.3986407812159691,74012815,USGS-07374000
USGS-06052500,-111.4420083,45.8862472,0.7328984810637635,74010164,USGS-07374000
USGS-06054500,-111.4202778,46.1465722,0.6082107555566625,74004790,USGS-07374000
USGS-06061500,-111.946786,46.5190972,0.5216173571032645,74006178,USGS-07374000
USGS-06065500,-111.8887944,46.76619167,0.5055933732288342,74004747,USGS-07374000
USGS-06066500,-112.0106667,46.99473889,0.7997194698768184,74004743,USGS-07374000
USGS-06071300,-112.070311,47.0054361,0.15159600241075238,74005485,USGS-07374000
USGS-06073500,-112.0959056,47.199025,0.8208383371437498,74005351,USGS-07374000
USGS-06074000,-111.6952306,47.2694861,0.753244220632448,74004735,USGS-07374000
USGS-06076690,-111.1785556,46.7958,0.8878766976283515,74005266,USGS-07374000
USGS-06077200,-111.1922389,46.82798056,0.263057362669935,74005221,USGS-07374000
USGS-06077500,-111.3862389,47.18929167,0.946688368558593,74005084,USGS-07374000
USGS-06078200,-111.3884444,47.43496667,0.3875854696966704,74004727,USGS-07374000
USGS-06078500,-112.8593333,47.6398611,0.8829869239239452,74002158,USGS-07374000
USGS-06079000,-112.865761,47.6286083,0.6643257283564058,74001616,USGS-07374000
USGS-06080900,-112.6920556,47.61850556,0.2934203537512984,74001590,USGS-07374000
USGS-06082200,-112.3674306,47.5471361,0.33647077065925185,74001566,USGS-07374000
USGS-06085800,-111.9319139,47.50162778,0.14980500175238295,74001549,USGS-07374000
USGS-06088500,-111.5417694,47.56126667,0.9030796783929975,74002135,USGS-07374000
USGS-06089000,-111.511036,47.52577778,0.35235680805162223,74001542,USGS-07374000
USGS-06090300,-111.0605806,47.5844444,0.7139444216784265,74001430,USGS-07374000
USGS-06090500,-110.9317472,47.2085944,0.10088956992420652,74005536,USGS-07374000
USGS-06090800,-110.6661417,47.8169111,0.7425309332394583,74001408,USGS-07374000
USGS-06091700,-112.9899833,48.42695278,0.21885703640369367,74002034,USGS-07374000
USGS-06092020,-112.6122694,48.5077222,0.49683837627167404,74001867,USGS-07374000
USGS-06093200,-112.8017806,48.36945,0.5059260302365601,74002051,USGS-07374000
USGS-06094900,-112.6979167,48.24466667,0.47389154350765034,74002579,USGS-07374000
USGS-06098800,-112.5940056,48.67847778,0.8373170098575026,74001868,USGS-07374000
USGS-06099000,-112.3464806,48.63340278,0.12880028151103434,74001801,USGS-07374000
USGS-06099500,-111.889836,48.4271972,0.32501067477908924,74001770,USGS-07374000
USGS-06101500,-111.0805278,48.3059611,0.6798268991306048,74001753,USGS-07374000
USGS-06102050,-110.5808389,47.94590278,0.8476185902151425,74001738,USGS-07374000
USGS-06102500,-112.6119833,47.8830833,0.0664337826221019,74002244,USGS-07374000
USGS-06108800,-110.5144333,47.9327194,0.99,74001756,USGS-07374000
USGS-06109500,-110.2588222,48.0037833,0.5455168324651577,74001382,USGS-07374000
USGS-06110020,-110.1889444,46.9177222,0.4281195654943207,74005693,USGS-07374000
USGS-06111800,-109.4575,47.0878333,0.6833741085997798,74005736,USGS-07374000
USGS-06114700,-109.6520139,47.6651583,0.8827263977991352,74001428,USGS-07374000
USGS-06115200,-108.6877444,47.63143056,0.826351117376252,74001337,USGS-07374000
USGS-06119600,-110.2489667,46.4769583,0.4210573686893773,74005559,USGS-07374000
USGS-06120500,-109.8411944,46.4288,0.5759283022110452,74005216,USGS-07374000
USGS-06123030,-109.4605472,46.31899167,0.8459944957242427,74005121,USGS-07374000
USGS-06125600,-108.9376111,46.28905556,0.874142628294662,74005037,USGS-07374000
USGS-06126500,-108.5701028,46.4277194,0.01,74005005,USGS-07374000
USGS-06127500,-108.1088722,46.522425,0.9196495029538811,74004994,USGS-07374000
USGS-06130000,-107.9328417,46.9286611,0.9618476400295062,74005085,USGS-07374000
USGS-06130500,-107.8891639,46.99469167,0.5438194790027784,74004966,USGS-07374000
USGS-06135000,-110.4217778,48.9748194,0.9811109335216603,74001235,USGS-07374000
USGS-06139500,-109.8415778,48.52671389,0.18568044026843544,74001773,USGS-07374000
USGS-06140500,-109.6959556,48.5636861,0.5842207306574196,74001219,USGS-07374000
USGS-06151500,-109.2316944,48.64949167,0.9384481042801429,74001409,USGS-07374000
USGS-06153800,-108.8551667,48.52430556,0.27773250589300713,74001205,USGS-07374000
USGS-06154100,-108.75895,48.48964167,0.7368844687743052,74001205,USGS-07374000
USGS-06155030,-108.2940944,48.40277778,0.029685197777949177,74001195,USGS-07374000
USGS-06155500,-107.876375,48.3621944,0.902574010050049,74001193,USGS-07374000
USGS-06164510,-107.2187556,48.50920278,0.09914625195969659,74001184,USGS-07374000
USGS-06167500,-107.1711389,48.4203111,0.45542426632675265,74001761,USGS-07374000
USGS-06172310,-106.8223167,48.30790556,0.7610593315766506,74001177,USGS-07374000
USGS-06174500,-106.3643139,48.13005278,0.7185952213353923,74001168,USGS-07374000
USGS-06177000,-105.5330972,48.067325,0.6378453968551815,74001152,USGS-07374000
USGS-06181000,-105.1928167,48.11791667,0.639028267539541,74001351,USGS-07374000
USGS-06185110,-104.6295194,48.16448056,0.3227264164941522,74001350,USGS-07374000
USGS-06185500,-104.4733,48.1235,0.39609415976383816,74001133,USGS-07374000
USGS-06186500,-110.3804056,44.56709167,0.16510163984337908,74009909,USGS-07374000
USGS-06187915,-110.0018722,45.00283056,0.31256608048641277,74014002,USGS-07374000
USGS-06188000,-110.3942694,44.92817778,0.8621025090194921,74011102,USGS-07374000
USGS-06191000,-110.690975,44.9923444,0.4718983903590436,74011640,USGS-07374000
USGS-06191500,-110.7936667,45.1121194,0.7426908027031629,74009843,USGS-07374000
USGS-06192500,-110.5664972,45.5972111,0.3612810086895101,74009801,USGS-07374000
USGS-06192978,-110.4919472,46.167125,0.6511116228527343,74007102,USGS-07374000
USGS-06195600,-110.4794694,45.7383611,0.5265086101831776,74009879,USGS-07374000
USGS-06197800,-110.0877222,45.5123333,0.4417073815254084,74014996,USGS-07374000
USGS-06200000,-109.9387056,45.8337944,0.9202796258740439,74011083,USGS-07374000
USGS-06204050,-109.7313028,45.24323889,0.4131914775747378,74014403,USGS-07374000
USGS-06204070,-109.6998945,45.25438735,0.4964548769132024,74014403,USGS-07374000
USGS-06205000,-109.4220556,45.53674167,0.6720749334557272,74010871,USGS-07374000
USGS-06207500,-109.0653667,45.0099111,0.07731434212863836,74010713,USGS-07374000
USGS-06208500,-108.8441056,45.46571389,0.7509118292276389,74010557,USGS-07374000
USGS-06209500,-109.3291889,45.0861472,0.33632715305332317,74012085,USGS-07374000
USGS-06211000,-109.2533111,45.43785,0.711814679822548,74011563,USGS-07374000
USGS-06211500,-109.2305306,45.4221472,0.9026240173490714,74014572,USGS-07374000
USGS-06214500,-108.4680306,45.8001194,0.99,74009652,USGS-07374000
USGS-06218500,-109.7598835,43.57856415,0.5105373772706719,74018127,USGS-07374000
USGS-06220800,-109.4587584,43.441622,0.03328335439298414,74017581,USGS-07374000
USGS-06221400,-109.4087778,43.34616667,0.6118731283734052,74018979,USGS-07374000
USGS-06224000,-109.2025556,43.1766111,0.5331722814513961,74017042,USGS-07374000
USGS-06227600,-108.7088889,43.14277778,0.8016283213381559,74016959,USGS-07374000
USGS-06228000,-108.3767701,43.01051478,0.8839674107167081,74016948,USGS-07374000
USGS-06228350,-109.037628,42.96828927,0.7601534309888341,74017068,USGS-07374000
USGS-06235500,-108.3754167,42.9975,0.8686106204538149,74022869,USGS-07374000
USGS-06236100,-108.2248333,43.1289722,0.4951482297182323,74016813,USGS-07374000
USGS-06253000,-108.2196944,43.22191667,0.6438619093098217,74017515,USGS-07374000
USGS-06274300,-108.0362688,44.3832545,0.1511536161863296,74016621,USGS-07374000
USGS-06279500,-108.1815559,44.75852989,0.99,74009430,USGS-07374000
USGS-06279940,-109.4183528,44.4714444,0.24966874603704997,74016867,USGS-07374000
USGS-06281000,-109.2579755,44.41907987,0.7717071752517319,74017609,USGS-07374000
USGS-06285100,-108.4351763,44.83852799,0.7436076246860088,74009576,USGS-07374000
USGS-06287000,-107.9188889,45.31690278,0.10071131947168663,74009368,USGS-07374000
USGS-06287800,-107.7493283,45.46075278,0.726465013694972,74009359,USGS-07374000
USGS-06288400,-107.6582164,45.6440863,0.01,74009345,USGS-07374000
USGS-06289000,-107.6154083,45.0071111,0.043801656321288844,74011687,USGS-07374000
USGS-06294000,-107.5574694,45.7356861,0.9059757170543161,74010637,USGS-07374000
USGS-06294500,-107.4687917,46.1244722,0.9755717139276479,74004524,USGS-07374000
USGS-06295000,-106.6913028,46.2666361,0.022481305867188363,74004442,USGS-07374000
USGS-06306300,-106.8359444,45.0091361,0.7129043359035326,74010726,USGS-07374000
USGS-06307500,-106.7713556,45.141275,0.4225404735836971,74010647,USGS-07374000
USGS-06307616,-106.4573528,45.41160556,0.7089441962626875,74010542,USGS-07374000
USGS-06307662,-106.2749444,45.59775,0.9768734913275922,74010514,USGS-07374000
USGS-06307830,-106.2234333,45.8403861,0.7566084461185643,74010498,USGS-07374000
USGS-06308500,-105.8455222,46.3845944,0.7939515733217541,74004755,USGS-07374000
USGS-06309000,-105.8600333,46.4207722,0.13242144485475638,74004426,USGS-07374000
USGS-06317000,-106.127598,44.64993155,0.9828513864552628,74009902,USGS-07374000
USGS-06318500,-106.7772735,44.33275055,0.5503988893778518,74018433,USGS-07374000
USGS-06324500,-105.8783778,45.0571972,0.28258990057860833,74009844,USGS-07374000
USGS-06326500,-105.3103306,46.4294361,0.9292648755664147,74004684,USGS-07374000
USGS-06327500,-104.7184306,47.10588889,0.27699548064476165,74004393,USGS-07374000
USGS-06329500,-104.1554111,47.67741389,0.4415252822851663,74001244,USGS-07374000
USGS-06331000,-103.5729718,48.2844683,0.16317997747629936,74001844,USGS-07374000
USGS-06334500,-103.9712386,45.5481343,0.7232617380854449,74010513,USGS-07374000
USGS-06335500,-103.9175,46.29777778,0.4300212763139496,74004570,USGS-07374000
USGS-06336000,-103.5303444,46.9180722,0.690860559165837,74004545,USGS-07374000
USGS-06337000,-103.2526667,47.59140556,0.3399837921692068,74001303,USGS-07374000
USGS-06339500,-102.0599856,47.1543948,0.40066755016197936,74005073,USGS-07374000
USGS-06340000,-101.925726,47.2861188,0.47614796864796366,74005140,USGS-07374000
USGS-06340010,-101.7855556,47.25388889,0.11337339717404663,74005028,USGS-07374000
USGS-06340500,-101.6221093,47.2852816,0.26112624287998876,74005018,USGS-07374000
USGS-06340590,-101.3977419,47.35800937,0.5499609226823994,74005006,USGS-07374000
USGS-06342500,-100.8213889,46.81416667,0.8034415470590345,74004361,USGS-07374000
USGS-06345500,-102.3083333,46.74555556,0.04186744017011761,74005094,USGS-07374000
USGS-06345780,-102.0793279,46.6569506,0.38456957274119796,74005054,USGS-07374000
USGS-06347500,-101.4673665,46.69444606,0.7756770921842152,74005387,USGS-07374000
USGS-06348300,-101.2136111,46.7033333,0.7857161637366035,74004980,USGS-07374000
USGS-06349000,-100.9745789,46.8338827,0.5569933087781983,74004970,USGS-07374000
USGS-06349500,-100.6573459,46.79443787,0.6835694119022305,74005024,USGS-07374000
USGS-06350000,-102.5518303,46.42667116,0.19931229962827537,74005189,USGS-07374000
USGS-06351200,-101.3332835,46.12689745,0.8291861500589686,74004986,USGS-07374000
USGS-06353000,-101.333742,46.09166988,0.2236682593923193,74004483,USGS-07374000
USGS-06354000,-100.9344444,46.3761111,0.2111151656427241,74004477,USGS-07374000
USGS-06354050,-100.7998333,46.39055556,0.137838137079914,74004473,USGS-07374000
USGS-06354580,-100.2526914,46.2685687,0.1756546776962183,74005144,USGS-07374000
USGS-06355500,-102.3623795,45.80222,0.8039073892050772,74009388,USGS-07374000
USGS-06356500,-102.6433259,45.6486883,0.9219589000616372,74010677,USGS-07374000
USGS-06357800,-100.8181933,45.65777405,0.6673876374760446,74009294,USGS-07374000
USGS-06359500,-102.1565472,45.19775826,0.2760012700246724,74010508,USGS-07374000
USGS-06360500,-100.8429214,45.2558171,0.27324103837013425,74010462,USGS-07374000
USGS-06386500,-104.1316022,43.42108409,0.17496168064109086,74016930,USGS-07374000
USGS-06395000,-103.8210312,43.3055286,0.9648422529721423,74016920,USGS-07374000
USGS-06402600,-103.0744103,43.5019636,0.5803380569664125,74016454,USGS-07374000
USGS-06403700,-102.8921298,43.6724058,0.3933852795091558,74016448,USGS-07374000
USGS-06408650,-102.6440611,43.8980449,0.8287075512920059,74016438,USGS-07374000
USGS-06410500,-103.5804702,44.08470785,0.11823174136580301,74017872,USGS-07374000
USGS-06411500,-103.482134,44.07665378,0.46702343122647727,74017872,USGS-07374000
USGS-06412500,-103.3118507,44.05276555,0.4348505141777122,74017479,USGS-07374000
USGS-06414000,-103.241843,44.08551554,0.28028413584578216,74017422,USGS-07374000
USGS-06418800,-103.1011111,44.02680556,0.5425512533075663,74017372,USGS-07374000
USGS-06421500,-102.8539247,43.94210239,0.5713511201798251,74017238,USGS-07374000
USGS-06423500,-102.4012746,44.08109849,0.12780542676505732,74016427,USGS-07374000
USGS-06425500,-102.5032217,44.24831768,0.20838014043822264,74017253,USGS-07374000
USGS-06428500,-104.0516966,44.74883136,0.17129294368643053,74009614,USGS-07374000
USGS-06430500,-104.0536449,44.5718625,0.957169845327348,74009560,USGS-07374000
USGS-06431500,-103.861592,44.48248388,0.6683243359657763,74010317,USGS-07374000
USGS-06433000,-103.8393696,44.66720665,0.4580468567294154,74009545,USGS-07374000
USGS-06436000,-103.7376985,44.6908178,0.5555181664748745,74009541,USGS-07374000
USGS-06437000,-103.1368464,44.5130418,0.9849137418235979,74009516,USGS-07374000
USGS-06438000,-102.5665256,44.369989,0.03191436341712921,74016525,USGS-07374000
USGS-06438500,-101.9301531,44.5294304,0.2662222992944094,74009446,USGS-07374000
USGS-06439000,-102.0534948,44.74304495,0.2114274358794826,74010627,USGS-07374000
USGS-06441500,-100.3843468,44.32662738,0.48397978733276376,74017150,USGS-07374000
USGS-06442600,-99.745113,44.01637796,0.5839969522987073,74017388,USGS-07374000
USGS-06445685,-102.8357327,43.013036,0.1077648664545204,74016820,USGS-07374000
USGS-06446500,-101.9326516,43.69388346,0.018197702593129056,74016779,USGS-07374000
USGS-06447000,-101.5248665,43.7524949,0.927286316558934,74016771,USGS-07374000
USGS-06447450,-100.6850534,43.71304839,0.5439961651966574,74016758,USGS-07374000
USGS-06449100,-101.232234,43.10069918,0.011889863500939995,74016842,USGS-07374000
USGS-06449500,-100.8837556,43.3255586,0.04513055262769659,74016836,USGS-07374000
USGS-06450500,-100.7498608,43.60138549,0.4962681085498897,74016829,USGS-07374000
USGS-06452000,-99.5564948,43.74832745,0.2525953318536067,74016731,USGS-07374000
USGS-06452320,-98.9706446,43.3272192,0.14232634644871042,74017536,USGS-07374000
USGS-06453600,-98.1753972,42.8108611,0.8438466618758195,74023062,USGS-07374000
USGS-06461500,-100.3625278,42.90207778,0.5435350280532079,74022561,USGS-07374000
USGS-06463500,-99.6794472,42.6896361,0.2876196459018492,74023767,USGS-07374000
USGS-06463720,-99.3397222,42.78055556,0.7284018585867844,74022528,USGS-07374000
USGS-06464100,-100.1070671,43.12917164,0.8539424119841397,74017532,USGS-07374000
USGS-06464500,-99.780921,43.0270872,0.5775577512996585,74016469,USGS-07374000
USGS-06465500,-98.2227778,42.7397222,0.6062271267120581,74022446,USGS-07374000
USGS-06466400,-97.8780722,42.61573056,0.11993394766197367,74024153,USGS-07374000
USGS-06466500,-97.9225,42.7322222,0.6233579625877025,74024056,USGS-07374000
USGS-06468170,-98.862885,47.5580525,0.8805730361345502,74001449,USGS-07374000
USGS-06468250,-98.7976057,47.3997189,0.9371399701286586,74004635,USGS-07374000
USGS-06469400,-98.9690423,47.1674635,0.07428897648187964,74004624,USGS-07374000
USGS-06469500,-98.918998,47.0663814,0.6834359749850718,74004624,USGS-07374000
USGS-06470000,-98.6816667,46.8897222,0.35551549051543757,74004602,USGS-07374000
USGS-06470500,-98.3045433,46.35552489,0.919908406770815,74004593,USGS-07374000
USGS-06470800,-98.0717809,46.22524359,0.25499731140572374,74005251,USGS-07374000
USGS-06470878,-98.1742692,45.9363579,0.14187852483983915,74009564,USGS-07374000
USGS-06471000,-98.3103756,45.6035795,0.9807704623152979,74009548,USGS-07374000
USGS-06471200,-98.4526004,45.93886156,0.4737632619998032,74010379,USGS-07374000
USGS-06471500,-98.4970402,45.6560866,0.3335916278835803,74010112,USGS-07374000
USGS-06472000,-98.3914819,45.24163936,0.7350681171515683,74009529,USGS-07374000
USGS-06473000,-98.480927,44.99830768,0.41978904537695094,74009510,USGS-07374000
USGS-06475000,-98.4720386,44.91053097,0.4768053080985433,74009508,USGS-07374000
USGS-06476000,-98.199257,44.36359475,0.02266683016316737,74016542,USGS-07374000
USGS-06477000,-98.070916,43.9738721,0.172166236658023,74016527,USGS-07374000
USGS-06477500,-98.2456658,43.77640219,0.46004396861489655,74017594,USGS-07374000
USGS-06478000,-97.9192403,43.65887165,0.6491239912653475,74016512,USGS-07374000
USGS-06478500,-97.635622,43.1858255,0.6177213550195317,74016499,USGS-07374000
USGS-06478513,-97.3697806,42.9958297,0.5248832042601167,74022502,USGS-07374000
USGS-06478522,-97.1725667,42.76527778,0.14434546743504456,74024034,USGS-07374000
USGS-06478600,-97.1097788,43.44525895,0.7521946090110946,74016655,USGS-07374000
USGS-06478690,-97.2051972,43.41562216,0.4035286104503901,74017434,USGS-07374000
USGS-06479010,-96.9242106,42.8172187,0.8561158955512124,74022588,USGS-07374000
USGS-06479438,-97.1650756,45.0060753,0.20380188301970717,74010848,USGS-07374000
USGS-06479500,-97.1461856,44.94246436,0.13715246065062126,74010782,USGS-07374000
USGS-06479520,-97.049515,44.8477423,0.8944999638011754,74010734,USGS-07374000
USGS-06479525,-97.0446518,44.7315478,0.3859482983022654,74010668,USGS-07374000
USGS-06479770,-96.8874204,44.4675224,0.3704331465446788,74016727,USGS-07374000
USGS-06480000,-96.749496,44.1802473,0.6523565686996469,74016690,USGS-07374000
USGS-06480650,-96.485626,44.06269306,0.5509308856614354,74018394,USGS-07374000
USGS-06481000,-96.7456623,43.79044595,0.37072485609070704,74016653,USGS-07374000
USGS-06481480,-96.8368313,43.8481959,0.9784412024907179,74017900,USGS-07374000
USGS-06481500,-96.7908849,43.53358676,0.5484619029721676,74017395,USGS-07374000
USGS-06482000,-96.748384,43.5010864,0.21995077673663835,74016639,USGS-07374000
USGS-06482020,-96.7113274,43.56700265,0.08731509902309093,74016636,USGS-07374000
USGS-06482610,-96.5653227,43.61636276,0.4221927722639191,74017440,USGS-07374000
USGS-06483290,-96.1649167,43.42313889,0.11279133122490145,74017386,USGS-07374000
USGS-06483500,-96.2950278,43.2150833,0.15995495317406092,74017262,USGS-07374000
USGS-06483950,-96.4897545,43.05137597,0.8331200288026535,74016612,USGS-07374000
USGS-06485500,-96.5619306,42.8375091,0.5225768364189632,74022591,USGS-07374000
USGS-06485910,-96.5155946,42.62637177,0.01,74022578,USGS-07374000
USGS-06486000,-96.4130833,42.48619444,0.9663940058558591,74022411,USGS-07374000
USGS-06600100,-96.0003333,42.98280556,0.40151034860320955,74023268,USGS-07374000
USGS-06600500,-96.3115556,42.57638889,0.41854321311118753,74023083,USGS-07374000
USGS-06601000,-96.4877778,42.32166667,0.17389212909908905,74024306,USGS-07374000
USGS-06601200,-96.2429167,42.0078333,0.923022952037229,74022401,USGS-07374000
USGS-06602400,-95.99175,41.96491667,0.09703761779901203,74023672,USGS-07374000
USGS-06605000,-95.2104444,43.12766667,0.7406800520741598,74017564,USGS-07374000
USGS-06605850,-95.243,42.89630556,0.8240271033573634,74022497,USGS-07374000
USGS-06606600,-95.7925278,42.4822222,0.04168079036942846,74022486,USGS-07374000
USGS-06607200,-95.8102778,42.15677778,0.0692768469491576,74023668,USGS-07374000
USGS-06607500,-95.97225,41.96502778,0.6702912700544668,74022481,USGS-07374000
USGS-06608500,-95.93225,41.8305833,0.21333049845544352,74023902,USGS-07374000
USGS-06609500,-95.7823333,41.64169444,0.44636156934217625,74023639,USGS-07374000
USGS-06610000,-95.92325,41.25905556,0.4239033166874144,74028940,USGS-07374000
USGS-06610720,-96.1825,41.37888889,0.014978704494835775,74029971,USGS-07374000
USGS-06610732,-96.1041852,41.30666465,0.454583988065748,74029971,USGS-07374000
USGS-06610770,-96.0166826,41.20541556,0.01378854667597334,74029908,USGS-07374000
USGS-06610785,-96.1276111,41.2073611,0.40494097645632615,74032466,USGS-07374000
USGS-06610793,-96.0430556,41.15575,0.4120618825608939,74032082,USGS-07374000
USGS-06610795,-95.9376667,41.1178333,0.19693153591251544,74029889,USGS-07374000
USGS-06620000,-106.3391944,40.93663889,0.8074188137173677,74030717,USGS-07374000
USGS-06622700,-106.520632,41.37022978,0.8038158366128507,74036663,USGS-07374000
USGS-06623800,-106.8248049,41.02356508,0.6271859569084806,74032328,USGS-07374000
USGS-06625000,-106.7153597,41.30328495,0.9033610078808445,74031271,USGS-07374000
USGS-06630000,-107.0575984,41.87216636,0.35689132140695545,74022829,USGS-07374000
USGS-06630465,-106.4097222,41.54777778,0.759756353947313,74023214,USGS-07374000
USGS-06632400,-106.222847,41.58522927,0.4236081702364303,74023235,USGS-07374000
USGS-06634620,-106.2092391,41.96105917,0.5098876092049861,74023816,USGS-07374000
USGS-06635000,-106.5131381,42.00966817,0.01,74022992,USGS-07374000
USGS-06638090,-108.2506982,42.5038205,0.19675994160443916,74023691,USGS-07374000
USGS-06646000,-106.0292409,42.71160955,0.3269447099420212,74024633,USGS-07374000
USGS-06652000,-105.1592123,42.65247578,0.0701547326196509,74022670,USGS-07374000
USGS-06657000,-104.6280247,42.2410095,0.73104774459899,74022653,USGS-07374000
USGS-06660000,-105.6074167,41.32777778,0.7351260928645221,74030505,USGS-07374000
USGS-06680500,-103.6755556,41.84994444,0.3377497725487036,74022523,USGS-07374000
USGS-06700000,-105.3102732,39.16276858,0.7341702421856027,74038641,USGS-07374000
USGS-06701900,-105.2219379,39.25999025,0.1518798263828799,74038563,USGS-07374000
USGS-06710247,-105.014983,39.6324876,0.08247222726960794,74038444,USGS-07374000
USGS-06710385,-105.3369444,39.63316667,0.8787681682858597,74040179,USGS-07374000
USGS-06710605,-105.17325,39.65202778,0.8597911369988952,74039682,USGS-07374000
USGS-06711565,-105.004149,39.66498738,0.053667747864259464,74038438,USGS-07374000
USGS-06714215,-104.9583129,39.81220846,0.8798145507648086,74038417,USGS-07374000
USGS-06715000,-105.661947,39.7519319,0.893043507752041,74040055,USGS-07374000
USGS-06716100,-105.6600025,39.75887636,0.9236738396913541,74040267,USGS-07374000
USGS-06716500,-105.6261123,39.7658209,0.3206986518307211,74039799,USGS-07374000
USGS-06719505,-105.2352667,39.75304299,0.8216586277014725,74038926,USGS-07374000
USGS-06720990,-104.8319861,40.0688333,0.9192878610927052,74030058,USGS-07374000
USGS-06721000,-104.8185831,40.11609435,0.8146294734416066,74030009,USGS-07374000
USGS-06730200,-105.1788754,40.05165184,0.3300432625564651,74029632,USGS-07374000
USGS-06730500,-105.0202222,40.13877778,0.7942583060020917,74029623,USGS-07374000
USGS-06730525,-105.0079361,40.16046667,0.15073667106391148,74029618,USGS-07374000
USGS-06741510,-105.0608167,40.37873889,0.31896765764269114,74030882,USGS-07374000
USGS-06751145,-105.3672222,40.8945833,0.029535550600892274,74031395,USGS-07374000
USGS-06751150,-105.3380411,40.87831637,0.29955631072647737,74031395,USGS-07374000
USGS-06751490,-105.2522047,40.7874815,0.16445668570377972,74031046,USGS-07374000
USGS-06752260,-105.0692222,40.5880833,0.7664471734381004,74030670,USGS-07374000
USGS-06752280,-105.011365,40.5519269,0.22275927879882787,74030535,USGS-07374000
USGS-06759500,-103.8011917,40.26840278,0.5466353631449277,74029496,USGS-07374000
USGS-06764880,-101.5766667,41.1261111,0.4097315318996444,74029407,USGS-07374000
USGS-06767970,-99.5679556,40.67683889,0.406021701591916,74030651,USGS-07374000
USGS-06768000,-99.5405556,40.6825,0.7752546522216835,74029167,USGS-07374000
USGS-06770200,-99.0861111,40.65805556,0.07570965302616575,74029153,USGS-07374000
USGS-06770500,-98.2820044,40.8744567,0.011551412149234828,74029131,USGS-07374000
USGS-06773500,-97.6753296,41.328903,0.36374180426078295,74030430,USGS-07374000
USGS-06774000,-97.4952778,41.3683333,0.20296517781047851,74029107,USGS-07374000
USGS-06775500,-100.0995278,41.83091667,0.6941327512808526,74023397,USGS-07374000
USGS-06775900,-100.5252778,41.7786111,0.6621834450092224,74023625,USGS-07374000
USGS-06777495,-99.6355972,41.6629861,0.25796001409504676,74023362,USGS-07374000
USGS-06781900,-99.7086083,41.19278056,0.7081532047001741,74029377,USGS-07374000
USGS-06784000,-98.7405556,41.0325,0.6735869386047132,74029356,USGS-07374000
USGS-06785000,-98.4461111,41.2035,0.7143696695011632,74029351,USGS-07374000
USGS-06785500,-99.8602778,41.94166667,0.5978471435045458,74023473,USGS-07374000
USGS-06786000,-99.3791667,41.77694444,0.35620193703392466,74023407,USGS-07374000
USGS-06790500,-98.449236,41.26334596,0.6161231001246199,74029275,USGS-07374000
USGS-06793000,-97.7236111,41.4186111,0.7569433752871588,74029243,USGS-07374000
USGS-06794000,-97.7347745,41.4414021,0.4532707285646135,74029993,USGS-07374000
USGS-06795500,-97.2815972,41.52596389,0.9243961842145068,74023895,USGS-07374000
USGS-06796000,-96.7753944,41.45317778,0.31333367541009094,74029100,USGS-07374000
USGS-06796500,-96.4038889,41.32,0.027258138096935867,74029097,USGS-07374000
USGS-06797500,-98.3393611,42.26844444,0.9326975383165639,74023501,USGS-07374000
USGS-06799000,-97.4260278,42.00377778,0.3476956657091721,74023385,USGS-07374000
USGS-06799100,-97.4785278,42.1485,0.6695140994444918,74023909,USGS-07374000
USGS-06799315,-97.0580556,41.99527778,0.11079878919709049,74023353,USGS-07374000
USGS-06799350,-96.7275324,41.8394441,0.4284508480597268,74023339,USGS-07374000
USGS-06799445,-96.8619862,42.2769448,0.14705217102831253,74024008,USGS-07374000
USGS-06799500,-96.5219444,41.71277778,0.3476044475227785,74023597,USGS-07374000
USGS-06800000,-96.5408333,41.56116667,0.8087104880954651,74024079,USGS-07374000
USGS-06800500,-96.2838889,41.2933333,0.168408448071619,74029691,USGS-07374000
USGS-06801000,-96.3245139,41.06225556,0.7985783280810897,74029094,USGS-07374000
USGS-06803000,-96.6655556,40.65777778,0.04712926841950024,74031739,USGS-07374000
USGS-06803080,-96.7188889,40.77027778,0.9026097446244692,74031371,USGS-07374000
USGS-06803486,-96.7794444,40.85527778,0.1737270535236984,74031212,USGS-07374000
USGS-06803495,-96.6913889,40.8386111,0.15159566787534814,74031015,USGS-07374000
USGS-06803500,-96.6816667,40.84666667,0.33975920958641825,74031015,USGS-07374000
USGS-06803513,-96.6241795,40.8861114,0.7265494239286756,74030936,USGS-07374000
USGS-06803530,-96.5441667,41.0158333,0.2960746629609598,74031895,USGS-07374000
USGS-06803555,-96.4544444,40.96555556,0.1462333084344225,74030713,USGS-07374000
USGS-06804000,-96.5377778,41.1475,0.10780287736995613,74031201,USGS-07374000
USGS-06804700,-96.3677778,41.0536111,0.9598945407865342,74030959,USGS-07374000
USGS-06805500,-96.1575,41.01497778,0.10270616970974805,74029088,USGS-07374000
USGS-06806500,-95.9113889,40.79416667,0.33562930006633035,74031157,USGS-07374000
USGS-06807000,-95.8470833,40.68180556,0.9468143859374468,74028928,USGS-07374000
USGS-06807410,-95.3720556,41.3901111,0.4807476187391476,74029997,USGS-07374000
USGS-06808500,-95.5814444,40.87327778,0.060878809170321964,74029853,USGS-07374000
USGS-06809210,-95.0768611,41.346,0.7647411144425218,74029704,USGS-07374000
USGS-06809500,-95.2413611,41.00902778,0.5168064105359299,74029674,USGS-07374000
USGS-06810000,-95.6445,40.60119444,0.3348886364924435,74029660,USGS-07374000
USGS-06811500,-95.8127778,40.39277778,0.2613096841133973,74030766,USGS-07374000
USGS-06813000,-95.4068333,40.33941667,0.19172752962089978,74030752,USGS-07374000
USGS-06813500,-95.42175,40.05205556,0.5090025245514861,74028912,USGS-07374000
USGS-06814000,-96.1086149,39.9477773,0.2612411139970683,74038029,USGS-07374000
USGS-06814500,-95.9447206,40.15694485,0.022864870219055526,74030654,USGS-07374000
USGS-06815000,-95.5960957,40.0355577,0.3310364611049869,74029759,USGS-07374000
USGS-06817000,-95.0145278,40.7432222,0.20697074908164878,74030678,USGS-07374000
USGS-06817500,-95.0903056,40.44491667,0.8505708087472038,74030478,USGS-07374000
USGS-06817700,-95.0695833,40.20252778,0.833810729481862,74030415,USGS-07374000
USGS-06818000,-94.8568333,39.75325,0.8555880587843738,74037046,USGS-07374000
USGS-06819185,-94.7163056,40.6609722,0.6449603623869672,74035219,USGS-07374000
USGS-06819500,-94.8323611,40.3455,0.6366870625879552,74030993,USGS-07374000
USGS-06820410,-94.8376111,40.1135833,0.01919707779964483,74030648,USGS-07374000
USGS-06820500,-94.7026111,39.68802778,0.113502557444709,74037858,USGS-07374000
USGS-06821080,-94.407,39.56777778,0.5136901656690939,74040158,USGS-07374000
USGS-06821150,-94.5791215,39.38805536,0.6196201155858437,74039033,USGS-07374000
USGS-06821190,-94.7268333,39.4009722,0.9476292806513168,74037757,USGS-07374000
USGS-06821250,-94.7698417,39.19165278,0.56011370022217,74037009,USGS-07374000
USGS-06823000,-102.0512979,40.06943516,0.3176480246549928,74029056,USGS-07374000
USGS-06824500,-101.5427778,40.03444444,0.05371111312277222,74029046,USGS-07374000
USGS-06828500,-101.2297222,40.14055556,0.21150940878986701,74029038,USGS-07374000
USGS-06834000,-101.1236111,40.35166667,0.924440717805058,74030314,USGS-07374000
USGS-06835500,-100.8782139,40.2347215,0.766436014787809,74030267,USGS-07374000
USGS-06837000,-100.6186111,40.18777778,0.7198436714437147,74029020,USGS-07374000
USGS-06843500,-100.1436111,40.28444444,0.45193061877393553,74029003,USGS-07374000
USGS-06844500,-99.5025,40.13166667,0.9143807641753454,74028986,USGS-07374000
USGS-06847500,-99.5169444,40.1183333,0.7903820320879317,74029343,USGS-07374000
USGS-06853020,-98.3308333,40.06416667,0.8162343036591211,74028958,USGS-07374000
USGS-06853500,-97.9318583,39.9936611,0.28281803026392843,74037065,USGS-07374000
USGS-06854500,-97.7931266,39.79873,0.19550720126004995,74037052,USGS-07374000
USGS-06856000,-97.6582056,39.58866944,0.2716426479743955,74037039,USGS-07374000
USGS-06856600,-97.1275203,39.3555515,0.2076327871065473,74037005,USGS-07374000
USGS-06857100,-96.8294533,39.0427758,0.7214525816438504,74036995,USGS-07374000
USGS-06861000,-100.0222667,38.80778889,0.22032519048126106,74038278,USGS-07374000
USGS-06863000,-99.1537086,38.7147345,0.9174586192439713,74038238,USGS-07374000
USGS-06864000,-98.8548066,38.7766781,0.9262652803154864,74038220,USGS-07374000
USGS-06864500,-98.2336684,38.72667589,0.4164928557031149,74038197,USGS-07374000
USGS-06865500,-97.9525639,38.61146944,0.818851080010509,74038183,USGS-07374000
USGS-06866000,-97.6664947,38.56380659,0.4474136220110424,74037980,USGS-07374000
USGS-06866500,-97.5717015,38.7111152,0.15823835152318874,74037827,USGS-07374000
USGS-06867000,-98.8540917,38.9658611,0.2642288809573972,74038285,USGS-07374000
USGS-06868200,-98.4903429,38.9747332,0.25871332394073954,74038265,USGS-07374000
USGS-06868850,-98.1501667,39.02831944,0.181531312764533,74038241,USGS-07374000
USGS-06869500,-97.8733944,39.0037861,0.8949445539957684,74038221,USGS-07374000
USGS-06869950,-97.6683699,38.8444476,0.36031883324554936,74039325,USGS-07374000
USGS-06872500,-98.6923222,39.55300278,0.6785307849258917,74038291,USGS-07374000
USGS-06873000,-99.5801096,39.37667456,0.636286734310555,74038374,USGS-07374000
USGS-06873460,-99.1017567,39.4397325,0.4776392774715997,74038316,USGS-07374000
USGS-06874000,-98.6942395,39.42778826,0.12445047317184602,74038284,USGS-07374000
USGS-06875900,-98.2836658,39.4738987,0.13990534683796627,74038259,USGS-07374000
USGS-06876000,-98.1098985,39.45450957,0.6080385767584955,74038248,USGS-07374000
USGS-06876440,-97.7112889,39.12002778,0.023315529930331754,74038207,USGS-07374000
USGS-06876700,-97.83655,39.13912778,0.5263752571052944,74038931,USGS-07374000
USGS-06876900,-97.4770444,38.96899167,0.43940785959195144,74038195,USGS-07374000
USGS-06877600,-97.1177952,38.90638906,0.7555007460454325,74037699,USGS-07374000
USGS-06878000,-97.0402922,39.031109,0.47274282592773187,74039032,USGS-07374000
USGS-06878600,-96.8580556,38.94916667,0.7899292339467687,74039324,USGS-07374000
USGS-06879100,-96.7663963,39.06166457,0.3584555820759606,74036994,USGS-07374000
USGS-06880800,-97.1775413,40.7311177,0.42634172419096833,74030377,USGS-07374000
USGS-06881000,-96.9605556,40.59666667,0.8040930941766536,74030289,USGS-07374000
USGS-06881380,-96.8894694,40.3669833,0.9135365435487407,74030453,USGS-07374000
USGS-06882000,-96.5872222,40.0447222,0.41135937548923024,74030224,USGS-07374000
USGS-06882510,-96.6622425,39.8419463,0.7507556696727561,74037496,USGS-07374000
USGS-06883000,-98.0669444,40.3325,0.8581209744808739,74030506,USGS-07374000
USGS-06883530,-97.8206222,40.21502778,0.4208101503738588,74030385,USGS-07374000
USGS-06884000,-97.2007222,40.1464722,0.7789421889379843,74030261,USGS-07374000
USGS-06884025,-97.0047222,39.98027778,0.7866605845818161,74037579,USGS-07374000
USGS-06884200,-97.0375267,39.81361476,0.06666542192341308,74038915,USGS-07374000
USGS-06884400,-96.8047432,39.72583518,0.7686408492436321,74037558,USGS-07374000
USGS-06885500,-96.4427888,39.68194349,0.1421356237309283,74039211,USGS-07374000
USGS-06887000,-96.5713918,39.2372186,0.8996229752973692,74037445,USGS-07374000
USGS-06887500,-96.3055532,39.19833014,0.29871125323628406,74036986,USGS-07374000
USGS-06888000,-96.2174979,39.34777386,0.7776903159925617,74039283,USGS-07374000
USGS-06888350,-96.1474945,39.19305265,0.11294257433688891,74036983,USGS-07374000
USGS-06888500,-96.1691605,39.06472106,0.6840729163255878,74039344,USGS-07374000
USGS-06888990,-95.7163715,39.07194435,0.20996627172807775,74036973,USGS-07374000
USGS-06889000,-95.6497028,39.0666666,0.7254955714959217,74036973,USGS-07374000
USGS-06889200,-95.8885992,39.23833024,0.15870694931851395,74039162,USGS-07374000
USGS-06889500,-95.7249828,39.0994439,0.7543654642517805,74038882,USGS-07374000
USGS-06890100,-95.532756,39.5213873,0.5558877630504149,74039004,USGS-07374000
USGS-06890900,-95.4038634,39.07500017,0.40361766548569383,74038581,USGS-07374000
USGS-06891000,-95.3863633,39.05111157,0.21274273212965855,74036966,USGS-07374000
USGS-06891080,-95.2321111,38.97327778,0.49537051160963597,74036963,USGS-07374000
USGS-06891260,-95.5944444,38.89194444,0.682660383315071,74039272,USGS-07374000
USGS-06891500,-95.261084,38.9113923,0.5244844733420803,74038755,USGS-07374000
USGS-06891850,-95.1088678,39.3464082,0.9307520227510887,74039735,USGS-07374000
USGS-06892000,-95.0108006,39.1163912,0.4894561821538033,74038786,USGS-07374000
USGS-06892350,-94.9646893,38.9833375,0.893190731872629,74036959,USGS-07374000
USGS-06892360,-94.9736111,38.95666667,0.5617440256271261,74040716,USGS-07374000
USGS-06892495,-94.9227778,38.97805556,0.9414954875801281,74040575,USGS-07374000
USGS-06892513,-94.8172222,39.02916667,0.375934378483942,74040444,USGS-07374000
USGS-06892518,-94.7894444,39.0461111,0.11645056826457946,74036954,USGS-07374000
USGS-06893000,-94.5881389,39.1117222,0.13620172974975486,74036951,USGS-07374000
USGS-06893080,-94.6757906,38.8125082,0.09163449512626373,74040692,USGS-07374000
USGS-06893100,-94.6122222,38.8422222,0.15968350191583375,74040320,USGS-07374000
USGS-06893150,-94.5806667,38.88941667,0.563741681202434,74040320,USGS-07374000
USGS-06893300,-94.6713469,38.9405621,0.6534698898142743,74042107,USGS-07374000
USGS-06893390,-94.6077778,38.9383333,0.278484126974468,74040140,USGS-07374000
USGS-06893500,-94.5588889,38.957,0.03862031094725632,74039458,USGS-07374000
USGS-06893578,-94.5118983,39.0583384,0.21536775537804764,74039158,USGS-07374000
USGS-06893820,-94.3872778,39.0173611,0.6614149256019698,74040257,USGS-07374000
USGS-06894000,-94.3005038,39.1005609,0.15189775557105778,74039388,USGS-07374000
USGS-06894200,-94.3368922,39.33166957,0.8485448792881588,74043247,USGS-07374000
USGS-06894650,-94.0638889,39.1336111,0.4937464638403947,74036943,USGS-07374000
USGS-06895000,-93.98,39.33266389,0.4769274050965184,74039257,USGS-07374000
USGS-06895500,-93.5152118,39.2150194,0.4780938928961496,74036935,USGS-07374000
USGS-06896000,-93.4855361,39.34325,0.5014949256383874,74039406,USGS-07374000
USGS-06896400,-94.3602778,40.2486111,0.99,74030755,USGS-07374000
USGS-06896900,-94.1272222,40.0261111,0.7691453140055394,74029726,USGS-07374000
USGS-06897000,-94.0262222,40.2972222,0.8172500335411733,74032635,USGS-07374000
USGS-06897500,-93.9427225,39.9269517,0.628734103444614,74037397,USGS-07374000
USGS-06898000,-93.8080556,40.64027778,0.6789373636990506,74030481,USGS-07374000
USGS-06899500,-93.6380278,40.06930556,0.5265287267368239,74030278,USGS-07374000
USGS-06899700,-93.7958056,39.69913889,0.7558303380048427,74038938,USGS-07374000
USGS-06899900,-93.2863889,40.45444444,0.99,74032100,USGS-07374000
USGS-06900050,-93.4362222,40.0266111,0.2877903034541917,74038108,USGS-07374000
USGS-06900800,-93.3252778,39.6922222,0.9502006330700057,74037368,USGS-07374000
USGS-06901500,-93.2365278,39.89594444,0.36752748814391806,74038018,USGS-07374000
USGS-06902000,-93.2736944,39.64002778,0.4029008532705108,74037365,USGS-07374000
USGS-06903400,-93.2598889,40.9519722,0.029317911747535154,74031165,USGS-07374000
USGS-06903700,-93.1926861,40.80044444,0.15690665106909593,74031563,USGS-07374000
USGS-06903900,-92.8909722,40.8218611,0.2668725259997782,74030675,USGS-07374000
USGS-06904010,-92.7725833,40.69252778,0.785649851356208,74030561,USGS-07374000
USGS-06904500,-92.6863889,40.2343333,0.689662084824394,74030321,USGS-07374000
USGS-06904650,-92.7919444,40.28388889,0.5493112957593345,74032658,USGS-07374000
USGS-06905500,-92.79075,39.53994444,0.376852979921638,74037841,USGS-07374000
USGS-06906000,-92.9496389,39.52352778,0.6554094486488952,74037815,USGS-07374000
USGS-06906500,-92.848798,39.2222512,0.5845324913832443,74036922,USGS-07374000
USGS-06906800,-92.9788333,38.70225,0.7025708751962193,74037818,USGS-07374000
USGS-06907700,-93.6221588,38.87001315,0.024434275917652473,74039072,USGS-07374000
USGS-06908000,-93.1968713,38.99224236,0.12832823612842237,74038654,USGS-07374000
USGS-06909000,-92.7454638,38.980306,0.9333254717537048,74036915,USGS-07374000
USGS-06909500,-92.5672222,39.1208333,0.21650449861709664,74039825,USGS-07374000
USGS-06909950,-92.7041667,38.9172222,0.7767774146102231,74039634,USGS-07374000
USGS-06910230,-92.3399444,38.92775,0.1911460290404841,74039874,USGS-07374000
USGS-06910450,-92.1786389,38.5871111,0.8633901207166785,74036901,USGS-07374000
USGS-06910750,-92.1920278,38.52902778,0.28883875891233746,74037187,USGS-07374000
USGS-06910800,-95.961657,38.56695524,0.34409131584717284,74039316,USGS-07374000
USGS-06911000,-95.6961111,38.5161111,0.4867474353945654,74037575,USGS-07374000
USGS-06911490,-95.6847068,38.60139907,0.38751507638989907,74040011,USGS-07374000
USGS-06911900,-95.8383205,38.7091737,0.5032680095359969,74039754,USGS-07374000
USGS-06912500,-95.5597037,38.6450089,0.15606314527799162,74038929,USGS-07374000
USGS-06913000,-95.4535902,38.5841777,0.26395251458145425,74037553,USGS-07374000
USGS-06913500,-95.2683071,38.61806669,0.318517469904529,74037542,USGS-07374000
USGS-06914000,-95.2488634,38.333631,0.09611514567099948,74047461,USGS-07374000
USGS-06914500,-95.084136,38.4439057,0.6678578995045829,74047069,USGS-07374000
USGS-06915000,-94.8963521,38.6563999,0.31902563805223305,74040063,USGS-07374000
USGS-06915800,-94.7724591,38.34529858,0.812125998843752,74045609,USGS-07374000
USGS-06916600,-94.6130113,38.2186367,0.7925223885084278,74045592,USGS-07374000
USGS-06917000,-94.7041264,38.00892428,0.9846945982741104,74051843,USGS-07374000
USGS-06917060,-94.3693056,37.99480556,0.4950109288649469,74046795,USGS-07374000
USGS-06917240,-94.981361,37.83559565,0.34079215646232625,74047908,USGS-07374000
USGS-06917500,-94.7027392,37.848929,0.01,74047109,USGS-07374000
USGS-06917560,-94.5822222,37.8647222,0.4956465479183425,74046954,USGS-07374000
USGS-06918060,-94.39925,37.86202778,0.01,74046794,USGS-07374000
USGS-06918250,-93.9947222,38.00388889,0.6013587760296148,74045563,USGS-07374000
USGS-06918440,-93.6848889,37.44313889,0.642037129303067,74047543,USGS-07374000
USGS-06918460,-93.8020278,37.4023611,0.23000407586913363,74047441,USGS-07374000
USGS-06918740,-93.4856389,37.4828611,0.798337075571835,74047355,USGS-07374000
USGS-06919020,-93.7796944,37.73588889,0.6326740443316027,74046825,USGS-07374000
USGS-06919500,-93.8754722,37.83405556,0.20587972229195164,74046870,USGS-07374000
USGS-06919900,-93.8031667,37.8698333,0.13954259627174426,74046670,USGS-07374000
USGS-06921070,-93.3703333,37.68266667,0.6371869724342406,74047116,USGS-07374000
USGS-06921200,-93.2661944,37.7504722,0.04264226450525329,74048014,USGS-07374000
USGS-06921350,-93.3289167,37.90605556,0.16274716889282642,74046746,USGS-07374000
USGS-06921500,-93.3095556,37.9458333,0.2323845334370842,74046688,USGS-07374000
USGS-06921590,-94.3442444,38.49158056,0.5815227269522184,74045954,USGS-07374000
USGS-06921600,-94.0043859,38.45223976,0.6140616878857269,74045919,USGS-07374000
USGS-06921720,-93.9653528,38.55497778,0.315643635138189,74038982,USGS-07374000
USGS-06923250,-92.9246389,37.68430556,0.01,74047082,USGS-07374000
USGS-06923500,-92.8575722,37.7171472,0.8815887963207063,74050877,USGS-07374000
USGS-06923940,-92.8980556,37.8633333,0.99,74046797,USGS-07374000
USGS-06923950,-92.8513611,37.93694444,0.615050677612261,74046620,USGS-07374000
USGS-06925250,-93.0669444,37.9347222,0.2529083749301008,74048111,USGS-07374000
USGS-06926000,-92.6071389,38.1907222,0.7389455045712842,74045509,USGS-07374000
USGS-06926080,-92.4586111,38.23253889,0.7171314892074752,74045504,USGS-07374000
USGS-06926290,-92.2333333,38.27777778,0.01,74047182,USGS-07374000
USGS-06926510,-92.20825,38.42144444,0.17936660800989646,74045493,USGS-07374000
USGS-06927000,-91.9886111,38.43180556,0.10161056185083157,74047091,USGS-07374000
USGS-06927240,-91.8402778,38.76,0.1838487470519811,74039055,USGS-07374000
USGS-06928000,-92.4520278,37.75913889,0.08834312830517968,74046652,USGS-07374000
USGS-06928300,-92.2338056,37.6010833,0.44694461982890515,74047769,USGS-07374000
USGS-06928420,-92.1833333,37.79194444,0.35445235862556795,74047058,USGS-07374000
USGS-06930000,-92.0499167,37.66563889,0.1104691420290277,74046837,USGS-07374000
USGS-06930060,-92.0579722,37.76025,0.8230700084139255,74046837,USGS-07374000
USGS-06932000,-91.9033333,37.90952778,0.5607737663678445,74047431,USGS-07374000
USGS-06933500,-91.9773333,37.92991667,0.08546505929920054,74046435,USGS-07374000
USGS-06934000,-91.8198889,38.38880556,0.6210770921965851,74046407,USGS-07374000
USGS-06934500,-91.4385,38.70980556,0.9266382309189969,74036886,USGS-07374000
USGS-06935450,-91.0075,38.5597222,0.3105395362138287,74036876,USGS-07374000
USGS-06935550,-90.8391667,38.5658333,0.16230375068637234,74036873,USGS-07374000
USGS-06935965,-90.4718056,38.78719444,0.28030733425158266,74036867,USGS-07374000
USGS-06936475,-90.2511667,38.81794444,0.7094612764599156,74041679,USGS-07374000
USGS-394839104570300,-104.9515833,39.8109722,0.9359889987462775,74039160,USGS-07374000
USGS-402114105350101,-105.5841389,40.3538611,0.9311189490810229,74034034,USGS-07374000
USGS-07047980,-94.0036111,36.0008333,0.7149937853734322,74056095,USGS-07374000
USGS-07048550,-94.0830556,36.05388889,0.7495367967545519,74055845,USGS-07374000
USGS-07048600,-94.0811111,36.07305556,0.08694823305407201,74055403,USGS-07374000
USGS-07048780,-93.9742222,36.04855556,0.722621856349864,74056414,USGS-07374000
USGS-07049000,-93.855,36.2,0.3815222158046992,74055389,USGS-07374000
USGS-07050152,-93.8336944,36.5809722,0.43543662171635644,74059839,USGS-07374000
USGS-07050500,-93.6208333,36.4272222,0.7172623572357362,74055039,USGS-07374000
USGS-07050700,-93.2033889,37.1499722,0.62476436497055,74047308,USGS-07374000
USGS-07052152,-93.3754722,37.14713889,0.08324562946630791,74048539,USGS-07374000
USGS-07052250,-93.3646667,37.0065833,0.5879281364406951,74054635,USGS-07374000
USGS-07052345,-93.3278889,36.97488889,0.4357255693473779,74053987,USGS-07374000
USGS-07052500,-93.4615833,36.80538889,0.9493955121336584,74053960,USGS-07374000
USGS-07052820,-93.6187778,36.75075,0.8196312915839937,74055526,USGS-07374000
USGS-07053250,-93.3561111,36.45444444,0.9669642776605025,74056953,USGS-07374000
USGS-07053810,-93.2068056,36.71775,0.12856610281374753,74055736,USGS-07374000
USGS-07054080,-92.9072778,36.77963889,0.06956224117356918,74054423,USGS-07374000
USGS-07055607,-92.7094444,36.23027778,0.6262915173280343,74055214,USGS-07374000
USGS-07055646,-93.405,35.93888889,0.8755645761514296,74057935,USGS-07374000
USGS-07055660,-93.3547222,36.0225,0.27121783646878966,74056075,USGS-07374000
USGS-07055680,-93.1377778,36.05916667,0.9497878540254959,74055443,USGS-07374000
USGS-07055875,-92.9288889,35.7972222,0.2800043389878474,74056395,USGS-07374000
USGS-07056000,-92.7472222,35.98305556,0.26758730347584125,74054948,USGS-07374000
USGS-07056515,-92.7133333,35.94,0.24981703484244802,74056111,USGS-07374000
USGS-07056700,-92.5775,36.06777778,0.17143788286977513,74054828,USGS-07374000
USGS-07057370,-92.3,36.2236111,0.7941030446169922,74053828,USGS-07374000
USGS-07057500,-92.2481389,36.62302778,0.3942995756985289,74054405,USGS-07374000
USGS-07058000,-92.3060556,36.6272222,0.2534752867336711,74054389,USGS-07374000
USGS-07060500,-92.1430556,36.11666667,0.36945589436861836,74053822,USGS-07374000
USGS-07060710,-92.2138889,35.99166667,0.2959322819594057,74056758,USGS-07374000
USGS-07061270,-90.8424444,37.55255556,0.06359694930144111,74048765,USGS-07374000
USGS-07061290,-90.8383333,37.4936111,0.1048198311900567,74048347,USGS-07374000
USGS-07061500,-90.78875,37.33813889,0.476631946190014,74047268,USGS-07374000
USGS-07061600,-90.7646667,37.32519444,0.6037363310046532,74047268,USGS-07374000
USGS-07062500,-90.687,37.0587222,0.2892831970888219,74046786,USGS-07374000
USGS-07063000,-90.3878333,36.75975,0.18333467780891954,74054225,USGS-07374000
USGS-07064000,-90.5413889,36.40194444,0.5440115063658204,74054175,USGS-07374000
USGS-07064026,-90.7155278,36.3159722,0.6824019422554859,74054162,USGS-07374000
USGS-07064440,-91.6713611,37.44791667,0.9282958902962245,74048988,USGS-07374000
USGS-07064533,-91.5528056,37.37569444,0.9570665355954547,74047512,USGS-07374000
USGS-07065200,-91.6680278,37.05652778,0.1905836986057655,74047747,USGS-07374000
USGS-07065495,-91.4430833,37.14816667,0.9744026760546286,74045749,USGS-07374000
USGS-07066000,-91.3581667,37.1540833,0.22219954598900013,74045739,USGS-07374000
USGS-07067000,-91.0135,36.99138889,0.18752864766073948,74053771,USGS-07374000
USGS-07068000,-90.8463889,36.6215,0.8097914572820635,74053748,USGS-07374000
USGS-07068510,-90.5755833,36.63152778,0.5489072988489386,74055556,USGS-07374000
USGS-07069000,-90.9702778,36.25416667,0.1586958643460526,74053724,USGS-07374000
USGS-07069295,-91.6336111,36.3522222,0.8415465388852718,74055270,USGS-07374000
USGS-07069305,-91.4827778,36.3136111,0.677229514839027,74055004,USGS-07374000
USGS-07069500,-91.1716667,36.20555556,0.29566781170625017,74054864,USGS-07374000
USGS-07071500,-91.2008333,36.64869444,0.4594342105435821,74055028,USGS-07374000
USGS-07072000,-91.1141667,36.34638889,0.21945311784452773,74054857,USGS-07374000
USGS-07072500,-91.0977778,36.1025,0.1486946325969166,74053718,USGS-07374000
USGS-07074420,-91.3002778,35.76555556,0.9238814197127958,74053709,USGS-07374000
USGS-07074500,-91.2888889,35.60527778,0.196808555798505,74053704,USGS-07374000
USGS-07074850,-91.3941667,35.29444444,0.14321079368067768,74061211,USGS-07374000
USGS-07075000,-92.2927778,35.65666667,0.16354885503738756,74055140,USGS-07374000
USGS-07075270,-92.6219444,35.5697222,0.9424719408760365,74056251,USGS-07374000
USGS-07075300,-92.4513889,35.58694444,0.9707049897940395,74055705,USGS-07374000
USGS-07076517,-91.7458333,35.43805556,0.8331254439475939,74061401,USGS-07374000
USGS-07079300,-106.3064133,39.2724892,0.13764123833752354,74040370,USGS-07374000
USGS-07081200,-106.3481111,39.249,0.2676715404663861,74040116,USGS-07374000
USGS-07083710,-106.320024,39.1638798,0.029868103957104243,74039653,USGS-07374000
USGS-07087050,-106.2139833,38.97693889,0.18550465859669937,74039154,USGS-07374000
USGS-07091200,-106.051126,38.6522188,0.8333240267778043,74038772,USGS-07374000
USGS-07094500,-105.373604,38.4872189,0.5336229166323042,74045909,USGS-07374000
USGS-07099970,-104.6060854,38.25361396,0.9785115335943234,74045866,USGS-07374000
USGS-07104905,-104.8294192,38.83721474,0.7329210926006758,74039446,USGS-07374000
USGS-07105500,-104.8227519,38.81638158,0.01,74039289,USGS-07374000
USGS-07105530,-104.7958069,38.8030491,0.5071793210918827,74039289,USGS-07374000
USGS-07105800,-104.7338611,38.7294404,0.8516365825770381,74039171,USGS-07374000
USGS-07106000,-104.6702503,38.6016647,0.5292835325892171,74038874,USGS-07374000
USGS-07106300,-104.5980556,38.42944444,0.07364949858901539,74046215,USGS-07374000
USGS-07106510,-104.6005556,38.27444444,0.8683408441883403,74046194,USGS-07374000
USGS-07108900,-104.4863597,38.24555835,0.7880077059780014,74047134,USGS-07374000
USGS-07109500,-104.3991356,38.24805799,0.9624017342343376,74045859,USGS-07374000
USGS-07116500,-104.2607996,38.2250024,0.9252846784671339,74046613,USGS-07374000
USGS-07121500,-103.6560588,38.0030644,0.5085273146596604,74047040,USGS-07374000
USGS-07124000,-103.2196523,38.0808399,0.5861064677366743,74045724,USGS-07374000
USGS-07124200,-104.6399888,37.12946459,0.23952039185783972,74046129,USGS-07374000
USGS-07124410,-104.5477644,37.14390846,0.9043039075313766,74046113,USGS-07374000
USGS-07126300,-103.9002383,37.3564059,0.4170483302341902,74046010,USGS-07374000
USGS-07126485,-103.593557,37.6183474,0.4537717923534922,74045978,USGS-07374000
USGS-07128500,-103.2014167,38.0342222,0.8636462980949037,74045957,USGS-07374000
USGS-07130500,-102.9324228,38.06639635,0.8872025830346719,74045714,USGS-07374000
USGS-07133000,-102.6182056,38.10579167,0.6217061540040347,74045701,USGS-07374000
USGS-07134180,-102.3107453,38.0955649,0.12939191907327455,74045685,USGS-07374000
USGS-07135500,-102.1196294,38.04362258,0.1606986336433104,74045677,USGS-07374000
USGS-07137500,-102.011577,38.02751727,0.7842077043659824,74045673,USGS-07374000
USGS-07138000,-101.7568467,37.96613038,0.5798332311765301,74045666,USGS-07374000
USGS-07138020,-101.5493401,37.93002065,0.6180027243426939,74045658,USGS-07374000
USGS-07139000,-100.8773844,37.9558565,0.01020019079608946,74045649,USGS-07374000
USGS-07141200,-99.405775,38.20758889,0.43570963521044814,74046507,USGS-07374000
USGS-07141220,-99.00165,38.20380278,0.7031740685790295,74045426,USGS-07374000
USGS-07141300,-98.7642519,38.35306787,0.4896246401135605,74045421,USGS-07374000
USGS-07141900,-99.0144361,38.46170278,0.05181316130053519,74045375,USGS-07374000
USGS-07142575,-98.5461389,38.09363056,0.2771313937920018,74046540,USGS-07374000
USGS-07142680,-98.111169,38.1450113,0.15572382108150926,74045345,USGS-07374000
USGS-07143300,-98.192575,38.30951667,0.8937776381027974,74045590,USGS-07374000
USGS-07143330,-97.7751194,37.94614167,0.3904211736812299,74045331,USGS-07374000
USGS-07143375,-97.3897665,37.78140109,0.2548505357596463,74045324,USGS-07374000
USGS-07143665,-97.591987,38.1122326,0.13044097083834835,74046884,USGS-07374000
USGS-07143672,-97.5405417,38.02853056,0.5727553086395087,74046833,USGS-07374000
USGS-07144050,-97.4457333,37.98516667,0.8821247889987375,74048744,USGS-07374000
USGS-07144100,-97.4244864,37.88306739,0.3484057541901184,74046676,USGS-07374000
USGS-07144200,-97.3885694,37.8321722,0.48414637443025804,74048818,USGS-07374000
USGS-07144300,-97.3351944,37.6433222,0.5449602698328628,74045323,USGS-07374000
USGS-07144490,-97.4576139,37.6657111,0.01,74047602,USGS-07374000
USGS-07144550,-97.2755694,37.54430556,0.49331895963704236,74045320,USGS-07374000
USGS-07144570,-97.2615472,37.4755222,0.01192971042982302,74045318,USGS-07374000
USGS-07144780,-98.0137806,37.8621972,0.6695472969293614,74046550,USGS-07374000
USGS-07145200,-97.8531094,37.561683,0.8080200464747109,74046702,USGS-07374000
USGS-07145500,-97.4235556,37.45696389,0.30459262777239715,74046432,USGS-07374000
USGS-07145600,-97.1629139,37.2744861,0.5793595532680399,74045314,USGS-07374000
USGS-07145700,-97.4036569,37.24946707,0.8524637384731749,74047459,USGS-07374000
USGS-07146500,-97.0392194,37.0375083,0.5886846092029574,74045309,USGS-07374000
USGS-07146800,-96.8491667,37.82666667,0.8501525061016881,74048454,USGS-07374000
USGS-07147070,-97.0143222,37.79602778,0.13023065441307446,74047415,USGS-07374000
USGS-07147800,-96.9956889,37.22440278,0.3512796030121607,74046606,USGS-07374000
USGS-07148400,-98.6481395,36.81503056,0.10252810376063562,74053957,USGS-07374000
USGS-07149000,-98.4701556,37.03890556,0.812854719421135,74046707,USGS-07374000
USGS-07151000,-97.3094887,36.6719792,0.47007202906095236,74053872,USGS-07374000
USGS-07151500,-97.6015694,37.12868889,0.8203515834717187,74046594,USGS-07374000
USGS-07152000,-97.277265,36.8114211,0.04795271078659584,74053953,USGS-07374000
USGS-07152500,-96.7283672,36.50421677,0.99,74053527,USGS-07374000
USGS-07153000,-96.7994788,36.34366537,0.043807427825214906,74054945,USGS-07374000
USGS-07156900,-100.4918171,37.0111372,0.5337728769388823,74045298,USGS-07374000
USGS-07157740,-99.4821611,37.0267111,0.07454597588582493,74053507,USGS-07374000
USGS-07157950,-99.315387,36.85197484,0.07075408090146,74053498,USGS-07374000
USGS-07158000,-98.8795366,36.51725644,0.99,74053468,USGS-07374000
USGS-07159100,-97.9144994,35.95170756,0.41121847626157737,74053405,USGS-07374000
USGS-07159750,-97.478097,35.81366006,0.8027830597253078,74055579,USGS-07374000
USGS-07160000,-97.4258746,35.9206023,0.5637675433600069,74053382,USGS-07374000
USGS-07160500,-97.5850471,36.06004045,0.42117970120435333,74055273,USGS-07374000
USGS-07161450,-96.9122504,35.9858927,0.28460109439569464,74053354,USGS-07374000
USGS-07164500,-96.0063866,36.14064807,0.5281153149608734,74053316,USGS-07374000
USGS-07165570,-95.6377778,35.82277778,0.20483723806077886,74053298,USGS-07374000
USGS-07165750,-96.0230028,37.98237778,0.41472950433476446,74047269,USGS-07374000
USGS-07166500,-95.674703,37.5297764,0.8658964793455836,74046614,USGS-07374000
USGS-07167500,-96.2232972,37.70819167,0.6587534563050418,74047983,USGS-07374000
USGS-07169500,-95.8334222,37.50796389,0.6523296229868375,74046750,USGS-07374000
USGS-07169800,-96.185548,37.37559729,0.8010555092607308,74047538,USGS-07374000
USGS-07170500,-95.6777573,37.22368014,0.9043651341067074,74046470,USGS-07374000
USGS-07170990,-95.5927549,37.0053578,0.1242241504340466,74054630,USGS-07374000
USGS-07171000,-95.5860882,36.85119615,0.45142425549494253,74054474,USGS-07374000
USGS-07172000,-96.3166611,37.00395556,0.5284603083421681,74054143,USGS-07374000
USGS-07174400,-95.9722064,36.75564425,0.675788413082068,74054101,USGS-07374000
USGS-07175500,-95.8419306,36.5089816,0.8487863760316062,74054070,USGS-07374000
USGS-07176000,-95.6997222,36.3075,0.232322751346528,74054046,USGS-07374000
USGS-07176500,-96.0602743,36.48508798,0.5218566016372999,74055244,USGS-07374000
USGS-07177500,-95.954162,36.27842534,0.5376016760608456,74054991,USGS-07374000
USGS-07178000,-95.867213,36.24870534,0.6721591052136509,74054939,USGS-07374000
USGS-07178200,-95.8194322,36.2231514,0.23028754127022324,74054904,USGS-07374000
USGS-07179500,-96.493614,38.66584085,0.6296661917420311,74039536,USGS-07374000
USGS-07179700,-96.3702778,38.61055556,0.3828874660369574,74039860,USGS-07374000
USGS-07179730,-96.2505533,38.46695699,0.6924190710192395,74046310,USGS-07374000
USGS-07179750,-96.1583287,38.42862475,0.29348714935667114,74046172,USGS-07374000
USGS-07179795,-97.0823056,38.3658583,0.6306808837180792,74045934,USGS-07374000
USGS-07180400,-96.8772436,38.2361285,0.7887264238291402,74045912,USGS-07374000
USGS-07180500,-96.8243417,38.19653056,0.03912125600337993,74048187,USGS-07374000
USGS-07182000,-96.5973194,38.387675,0.01,74045884,USGS-07374000
USGS-07182200,-96.5127844,38.28557125,0.9693778783014905,74047775,USGS-07374000
USGS-07182250,-96.356112,38.3975139,0.1445567337032594,74045867,USGS-07374000
USGS-07182260,-96.1814167,38.3851111,0.729592564112365,74045855,USGS-07374000
USGS-07182390,-96.0002687,38.3680712,0.06686895340375071,74045845,USGS-07374000
USGS-07182510,-95.735264,38.19446678,0.99,74045832,USGS-07374000
USGS-07183000,-95.4277596,37.92225778,0.3935032758209574,74045815,USGS-07374000
USGS-07183500,-95.1099687,37.34005866,0.8030301785758945,74045801,USGS-07374000
USGS-07184000,-95.0327471,37.28116187,0.48591883342168113,74047675,USGS-07374000
USGS-07184500,-95.1925046,37.19378248,0.04803458694361072,74047430,USGS-07374000
USGS-07185000,-94.9574574,36.92868144,0.4288422151937354,74054132,USGS-07374000
USGS-07185090,-94.8532862,36.94367956,0.23452773108890773,74057020,USGS-07374000
USGS-07185095,-94.8682878,36.90006955,0.652982440469655,74057020,USGS-07374000
USGS-07185700,-94.0613889,37.15027778,0.7508733431628499,74046138,USGS-07374000
USGS-07185765,-94.3259167,37.18863889,0.3901816657817265,74046084,USGS-07374000
USGS-07185910,-94.435,37.25888889,0.09159137903464612,74046897,USGS-07374000
USGS-07186000,-94.5664167,37.2456111,0.14245310775398748,74046031,USGS-07374000
USGS-07187000,-94.51375,37.0205833,0.3445258412633667,74046267,USGS-07374000
USGS-07187600,-94.7210595,37.0236757,0.2379493365006972,74054264,USGS-07374000
USGS-07188000,-94.7471711,36.93451148,0.652597498456087,74054254,USGS-07374000
USGS-07188653,-94.1822222,36.6158611,0.8997965600099616,74055948,USGS-07374000
USGS-07188838,-94.3729722,36.58405556,0.7985298805017914,74055533,USGS-07374000
USGS-07188885,-94.4496389,36.59927778,0.721352757619284,74055504,USGS-07374000
USGS-07189000,-94.5868886,36.63146127,0.7354843323843092,74055168,USGS-07374000
USGS-07189100,-94.604,36.67080556,0.6490187722467105,74056185,USGS-07374000
USGS-07189542,-94.6836111,36.54888889,0.14763749151291122,74056410,USGS-07374000
USGS-07189710,-94.9092139,36.67774167,0.06594245097164445,74056770,USGS-07374000
USGS-07190500,-95.048573,36.4389742,0.23959230018725902,74054069,USGS-07374000
USGS-07191000,-95.1521891,36.56841789,0.19400864586185443,74055425,USGS-07374000
USGS-07191160,-94.5513299,36.36452259,0.9124904175776115,74056368,USGS-07374000
USGS-07191179,-94.58772,36.3420235,0.975664293657232,74056027,USGS-07374000
USGS-07191220,-94.6413889,36.3347222,0.6875773134938704,74055886,USGS-07374000
USGS-071912213,-94.6852238,36.3225808,0.16533519111656983,74055687,USGS-07374000
USGS-07191222,-94.7763388,36.35535924,0.9639257164241526,74057152,USGS-07374000
USGS-07191288,-94.936901,36.37925097,0.22496918737124597,74055336,USGS-07374000
USGS-07191500,-95.182741,36.2295379,0.37365170779359347,74054049,USGS-07374000
USGS-07194500,-95.2971867,35.7695432,0.3320721416461018,74053291,USGS-07374000
USGS-07194800,-94.3444444,36.10305556,0.8688134024194333,74055934,USGS-07374000
USGS-07194880,-94.227997,36.2814592,0.6622742976250415,74059094,USGS-07374000
USGS-07195000,-94.2883333,36.22194444,0.27316188735506675,74056257,USGS-07374000
USGS-07195400,-94.4947222,36.1447222,0.5204142172727562,74055500,USGS-07374000
USGS-07195430,-94.5333333,36.1086111,0.2635656279974431,74055313,USGS-07374000
USGS-07195500,-94.5721645,36.13008185,0.1301695589969236,74055277,USGS-07374000
USGS-07195855,-94.6052778,36.2161111,0.6926243377333078,74056351,USGS-07374000
USGS-07196000,-94.7068913,36.18647245,0.8299952955248888,74056090,USGS-07374000
USGS-07196090,-94.7827283,36.1042527,0.7562651650615277,74055099,USGS-07374000
USGS-07196500,-94.9217028,35.9255472,0.7063795215957497,74054907,USGS-07374000
USGS-07196900,-94.4863889,35.88,0.2136232931533617,74057017,USGS-07374000
USGS-07197000,-94.8372472,35.9216222,0.44424901151199725,74055506,USGS-07374000
USGS-07197360,-94.8563398,35.7850906,0.2651724278577259,74056126,USGS-07374000
USGS-07198000,-95.0688458,35.5731511,0.6244974905352748,74054789,USGS-07374000
USGS-07211500,-104.4954722,36.29756944,0.48219207825208665,74054345,USGS-07374000
USGS-07221500,-104.3786111,35.6548333,0.8395082547690078,74054294,USGS-07374000
USGS-07226500,-103.5257944,35.43852778,0.2727954810402655,74061640,USGS-07374000
USGS-07227000,-103.3997222,35.35,0.48999229977147873,74061430,USGS-07374000
USGS-07227100,-103.3896056,35.3443861,0.799263528697929,74062209,USGS-07374000
USGS-07227500,-101.879628,35.4703261,0.4100035755555112,74061106,USGS-07374000
USGS-07228000,-100.3706884,35.935042,0.034680696704590994,74053418,USGS-07374000
USGS-07228650,-98.1492833,35.45489167,0.01,74061098,USGS-07374000
USGS-07228940,-97.7236111,35.32416667,0.40712075312321866,74061089,USGS-07374000
USGS-07229050,-97.4850339,35.19451115,0.48657090592060576,74061084,USGS-07374000
USGS-07229200,-97.3475281,35.01396104,0.6391541741156195,74061080,USGS-07374000
USGS-07229300,-97.3669727,34.99896109,0.8875675603812418,74062966,USGS-07374000
USGS-07230000,-97.2139165,35.22173637,0.4299929283984071,74062814,USGS-07374000
USGS-07230500,-96.9319662,35.17257416,0.13688649891664653,74062403,USGS-07374000
USGS-07231000,-96.5125113,34.9653615,0.47673751208016,74062019,USGS-07374000
USGS-07231500,-96.2436172,34.97786698,0.4745609808102735,74061068,USGS-07374000
USGS-07234000,-100.5193158,36.82224819,0.8674053042556135,74053271,USGS-07374000
USGS-07237500,-99.2784383,36.43670336,0.5961686091630446,74053246,USGS-07374000
USGS-07238000,-98.9212057,36.18337277,0.43494291416820613,74053235,USGS-07374000
USGS-07239300,-98.4209053,35.8119886,0.1667995388696378,74053222,USGS-07374000
USGS-07239450,-98.0653316,35.6169933,0.6391550520433701,74053213,USGS-07374000
USGS-07239500,-97.9575498,35.56310656,0.47680392798576404,74053210,USGS-07374000
USGS-07239700,-97.7425442,35.5394985,0.05445917062577133,74061054,USGS-07374000
USGS-07241000,-97.6633752,35.47866848,0.8195642040877322,74061054,USGS-07374000
USGS-07241506,-97.4172222,35.435025,0.13755981539319379,74066830,USGS-07374000
USGS-07241520,-97.367258,35.5656147,0.29034563459830853,74053204,USGS-07374000
USGS-07241550,-97.1939194,35.5003412,0.7936702429897412,74053203,USGS-07374000
USGS-07241800,-96.8694661,35.33312675,0.2154017880734088,74061045,USGS-07374000
USGS-07242000,-96.2061167,35.2656454,0.847577618970267,74061035,USGS-07374000
USGS-07242380,-97.0083615,35.68089589,0.11444784138832952,74055243,USGS-07374000
USGS-07243500,-96.0686077,35.6739876,0.3285483283418809,74054320,USGS-07374000
USGS-07245000,-95.2371891,35.26231927,0.35474340230555496,74061021,USGS-07374000
USGS-07247000,-94.2994444,34.91888889,0.5913098130903494,74063026,USGS-07374000
USGS-07247015,-94.4841112,34.87982388,0.5488725919871212,74062539,USGS-07374000
USGS-07247250,-94.5121685,34.7737148,0.5855373103231466,74063082,USGS-07374000
USGS-07247500,-95.1557985,34.91259909,0.4691298151225997,74062883,USGS-07374000
USGS-07249400,-94.4069444,35.1625,0.7631896807650276,74063357,USGS-07374000
USGS-07249413,-94.6530016,35.16565268,0.33614872070685753,74061969,USGS-07374000
USGS-07249455,-94.4324373,35.3917577,0.11991868212476842,74061004,USGS-07374000
USGS-07249800,-94.5319444,35.5658333,0.9876907124679304,74055839,USGS-07374000
USGS-07249920,-94.5569444,35.57305556,0.970563101724278,74056228,USGS-07374000
USGS-07249985,-94.4641667,35.5172222,0.049065688189743814,74061528,USGS-07374000
USGS-07250965,-94.1136111,35.7222222,0.11844361291527784,74056387,USGS-07374000
USGS-07251500,-94.2713889,35.5258333,0.03908688415322185,74061694,USGS-07374000
USGS-07252000,-94.0152778,35.57694444,0.9007900303246582,74055278,USGS-07374000
USGS-07257006,-93.1813889,35.5058333,0.40618481473226864,74061692,USGS-07374000
USGS-07257500,-93.0411111,35.46638889,0.5767563896599186,74061650,USGS-07374000
USGS-07258500,-93.9236111,35.10694444,0.22132530863571914,74062583,USGS-07374000
USGS-07259950,-93.7205917,34.9566611,0.0974581780868627,74063253,USGS-07374000
USGS-07260500,-93.3955556,35.0586111,0.3146253071161836,74062058,USGS-07374000
USGS-07260673,-92.8730556,35.3247222,0.10169838648211015,74061587,USGS-07374000
USGS-07260800,-92.7316667,35.12694444,0.34994972218782056,74060971,USGS-07374000
USGS-07261000,-92.4038889,35.2986111,0.6445055511993552,74062767,USGS-07374000
USGS-07261090,-92.6302778,35.2708333,0.4244156662707977,74066534,USGS-07374000
USGS-07261500,-93.6572222,34.8725,0.6559724927524648,74062288,USGS-07374000
USGS-07263012,-92.985,34.95666667,0.900705697197737,74061929,USGS-07374000
USGS-07263115,-92.7234984,35.0120319,0.3978235865162839,74061870,USGS-07374000
USGS-07263295,-92.7744444,34.8761111,0.04592639551423205,74063286,USGS-07374000
USGS-07263296,-92.6855556,34.87888889,0.33354211886025054,74063286,USGS-07374000
USGS-072632963,-92.6745833,34.87488889,0.3684173675448734,74063286,USGS-07374000
USGS-07263555,-92.3444444,34.70694444,0.8026389862573932,74063110,USGS-07374000
USGS-07298500,-100.9406994,34.62783574,0.9443384640846914,74064941,USGS-07381490
USGS-07299540,-100.1940023,34.56922728,0.6470588235293987,74061784,USGS-07381490
USGS-07300000,-100.220949,34.95755294,0.01972488131008163,74062007,USGS-07381490
USGS-07300500,-99.5087007,34.85839374,0.22301407040198098,74061862,USGS-07381490
USGS-07301110,-99.38231,34.47896485,0.37448842929473647,74061818,USGS-07381490
USGS-07301500,-99.5073128,35.16810838,0.06411805715704229,74061325,USGS-07381490
USGS-07303000,-99.307028,34.88950479,0.9209657024697019,74061317,USGS-07381490
USGS-07305000,-99.103691,34.6381266,0.5485152611401387,74061300,USGS-07381490
USGS-07307028,-99.2081389,34.50702089,0.3086888948334543,74061288,USGS-07381490
USGS-07308200,-99.3233333,34.1795833,0.7892894805662466,74061418,USGS-07381490
USGS-07308500,-98.5317234,34.11009327,0.6582744536730223,74061241,USGS-07381490
USGS-07311000,-98.2825468,34.36230747,0.10896383770744436,74062076,USGS-07381490
USGS-07311500,-98.4531104,34.22092454,0.26969941572021044,74062208,USGS-07381490
USGS-07311700,-99.7864822,33.82064216,0.6096285306707825,74067397,USGS-07381490
USGS-07311800,-99.8009252,33.644257,0.700165810570658,74067695,USGS-07381490
USGS-07311900,-99.3886905,33.70036966,0.818381496572951,74067374,USGS-07381490
USGS-07312100,-99.1428495,33.7600934,0.4612088151529769,74067368,USGS-07381490
USGS-07312200,-98.9050666,33.90592785,0.12400039786568255,74067429,USGS-07381490
USGS-07312500,-98.5336663,33.90954178,0.7888545683768254,74067356,USGS-07381490
USGS-07312700,-98.2967139,34.0531504,0.8310256618947864,74061535,USGS-07381490
USGS-07314500,-98.6131124,33.66260225,0.3288497408050549,74067827,USGS-07381490
USGS-07314900,-98.2400458,33.8267666,0.10822327414812558,74067682,USGS-07381490
USGS-07315200,-98.0850406,33.81287833,0.5017824427360028,74068036,USGS-07381490
USGS-07315500,-97.9344798,33.8787106,0.6838193483306496,74067102,USGS-07381490
USGS-07315700,-97.566968,34.00426516,0.9816653812926441,74062345,USGS-07381490
USGS-07316000,-97.1600129,33.7278833,0.2897223406921356,74067079,USGS-07381490
USGS-07324200,-99.3062086,35.65643696,0.19307287599080836,74053954,USGS-07381490
USGS-07324400,-99.1698128,35.5389379,0.3303072758321494,74053790,USGS-07381490
USGS-07325000,-98.9670296,35.5308832,0.9781183903961689,74053542,USGS-07381490
USGS-07326500,-98.2433849,35.08422846,0.7498302770088768,74061169,USGS-07381490
USGS-07327550,-97.8994861,34.9634007,0.589367150871344,74062713,USGS-07381490
USGS-07328100,-97.7739273,34.92590298,0.4870667745622568,74061157,USGS-07381490
USGS-07328500,-97.2514124,34.75480245,0.49258965178022734,74061143,USGS-07381490
USGS-07329852,-96.9886281,34.49536695,0.6093166503127819,74064904,USGS-07381490
USGS-07331000,-96.9758447,34.23342725,0.1966663854809154,74061126,USGS-07381490
USGS-07331300,-96.7103889,34.3513333,0.07806021482363462,74063065,USGS-07381490
USGS-07331600,-96.5633264,33.81899124,0.9302291298069688,74067063,USGS-07381490
USGS-07332390,-96.6005579,34.383426,0.16746787559892187,74062659,USGS-07381490
USGS-07332500,-96.2410985,33.99704088,0.5855391216068137,74067352,USGS-07381490
USGS-07332605,-96.1557444,33.57579444,0.5460945225763677,74068002,USGS-07381490
USGS-07332622,-95.9611111,33.74416667,0.28053512971416333,74067808,USGS-07381490
USGS-07332655,-95.9159472,33.7587361,0.1133654686334905,74067782,USGS-07381490
USGS-07334000,-95.9122049,34.27148539,0.09992324638882012,74061994,USGS-07381490
USGS-07334800,-96.2127678,34.2550899,0.24923958662197807,74062166,USGS-07381490
USGS-07335300,-95.7502479,34.02676714,0.1689954099654606,74067546,USGS-07381490
USGS-07335500,-95.5019023,33.8751049,0.7721284267025507,74067037,USGS-07381490
USGS-07335700,-94.6127236,34.63843685,0.26290102926763464,74063970,USGS-07381490
USGS-07335790,-95.3408025,34.5748229,0.948295560082584,74062121,USGS-07381490
USGS-07336200,-95.6052475,34.24871203,0.8083597833553743,74061942,USGS-07381490
USGS-07336820,-94.6943774,33.68400005,0.2613842598886674,74067021,USGS-07381490
USGS-07337000,-94.0411111,33.55194444,0.21694226365673702,74067010,USGS-07381490
USGS-07337900,-94.9021667,34.09760677,0.5071347974840803,74062551,USGS-07381490
USGS-07338500,-94.7585482,33.94122094,0.8102274584837645,74067456,USGS-07381490
USGS-07338750,-94.6352202,34.4623262,0.11088240767087792,74062447,USGS-07381490
USGS-07339000,-94.6199358,34.04177757,0.7648734638625984,74067549,USGS-07381490
USGS-07340000,-94.3866667,33.91944444,0.4188906477275067,74067142,USGS-07381490
USGS-07340300,-94.2363889,34.38,0.26814926329306316,74063328,USGS-07381490
USGS-07341000,-94.085,34.0961111,0.7438239584754178,74062992,USGS-07381490
USGS-07341200,-94.0616667,33.9622222,0.6340739765474109,74067528,USGS-07381490
USGS-07341500,-93.8137942,33.60734285,0.05567261785601794,74067007,USGS-07381490
USGS-07342470,-95.8621944,33.21930278,0.9713049716151604,74067886,USGS-07381490
USGS-07342500,-95.5949562,33.356499,0.6140642847676316,74067744,USGS-07381490
USGS-07343000,-95.5877347,33.47483009,0.49755462157489927,74067897,USGS-07381490
USGS-07343200,-95.1324428,33.3862233,0.600216310939293,74067662,USGS-07381490
USGS-07343356,-95.0513889,33.49888889,0.5958230163524921,74067922,USGS-07381490
USGS-07343450,-94.6980556,33.30944444,0.05889800590493005,74067627,USGS-07381490
USGS-07343500,-95.0927184,33.32233617,0.7319869661692087,74067766,USGS-07381490
USGS-07343840,-94.8025,33.2747222,0.17944203179290819,74067674,USGS-07381490
USGS-07344370,-93.8594444,33.08944444,0.16096838551575995,74067001,USGS-07381490
USGS-07344450,-93.9724054,32.51681896,0.5940253119795086,74067499,USGS-07381490
USGS-07344493,-94.9652278,33.07293056,0.59243248153404,74067977,USGS-07381490
USGS-07344500,-94.8821554,33.02095787,0.9619338928174336,74067911,USGS-07381490
USGS-07346000,-94.4988102,32.74958345,0.2428152562060694,74067703,USGS-07381490
USGS-07346045,-94.3574153,32.7779173,0.9078351182411462,74067846,USGS-07381490
USGS-07346050,-94.7510435,32.6726406,0.949367097832218,74067855,USGS-07381490
USGS-07346070,-94.3460265,32.71291998,0.21969313757913592,74067692,USGS-07381490
USGS-07346080,-94.2325,32.7386111,0.4223557657243835,74067650,USGS-07381490
USGS-07348700,-93.39656,32.9945813,0.01,74067771,USGS-07381490
USGS-07349450,-93.5168405,33.00402458,0.7822869045436905,74067777,USGS-07381490
USGS-07349860,-93.5946203,32.44737586,0.6124459877946997,74070012,USGS-07381490
USGS-07351500,-93.8277778,32.3,0.21280046930495677,74070419,USGS-07381490
USGS-07351750,-93.3418388,31.89460754,0.645739363421079,74070127,USGS-07381490
USGS-07352000,-92.9765613,32.2501631,0.47308351200436255,74070054,USGS-07381490
USGS-08017200,-96.0769164,33.1328933,0.257440499010758,75002896,USGS-08030500
USGS-08017300,-96.2533118,32.89790085,0.4745128980892119,75005875,USGS-08030500
USGS-08017410,-95.9194109,32.8062358,0.46276262808213176,75005786,USGS-08030500
USGS-08018000,-95.6910806,32.66174167,0.3227686100959588,75007451,USGS-08030500
USGS-08018500,-95.4857901,32.61374667,0.15739580970984726,75005734,USGS-08030500
USGS-08019000,-95.4630094,32.76318386,0.48129584482187504,75005782,USGS-08030500
USGS-08019200,-95.206614,32.55986369,0.7585720830287199,75005719,USGS-08030500
USGS-08019500,-95.0916099,32.6040291,0.5126095316678456,75006546,USGS-08030500
USGS-08020000,-94.9602175,32.52708909,0.1334827090272189,75005696,USGS-08030500
USGS-08020450,-94.80438,32.47987044,0.31564715721502196,75005684,USGS-08030500
USGS-08020700,-94.9032716,32.38820599,0.3900808390576854,75007708,USGS-08030500
USGS-08020900,-94.7099324,32.41681793,0.7757156370195117,75005677,USGS-08030500
USGS-08022040,-94.3538278,32.32853333,0.24555071718905225,75005660,USGS-08030500
USGS-08022500,-94.0063014,31.97238949,0.5928880282293167,75005640,USGS-08030500
USGS-08023050,-94.0985528,31.8806861,0.22666766424530094,75006904,USGS-08030500
USGS-08023080,-93.9411723,31.9627248,0.5190358685948772,75007352,USGS-08030500
USGS-08023200,-94.0840835,31.76572914,0.8006734178513187,75007155,USGS-08030500
USGS-08023400,-93.65851499,31.8751667,0.4728635566171524,75007554,USGS-08030500
USGS-08025500,-93.5157295,31.30712737,0.99,75007013,USGS-08030500
USGS-08026000,-93.5196165,31.06408004,0.01,75011564,USGS-08030500
USGS-08028000,-93.3529587,30.95297558,0.026671946947809756,75011727,USGS-08030500
USGS-08028500,-93.608508,30.74714557,0.06142214339686988,75011551,USGS-08030500
USGS-08029500,-93.7855556,30.81888889,0.2885671805702475,75012954,USGS-08030500
USGS-08030500,-93.7437784,30.30381684,0.17321897314967927,75011530,USGS-08030500
USGS-08031000,-93.9085058,30.18632045,0.8358342699910009,75015779,USGS-08031000
USGS-08032000,-95.430786,31.89239037,0.4888970622636375,75006154,USGS-08041780
USGS-08032700,-94.9658,31.39670556,0.31952204852772115,75006028,USGS-08041780
USGS-08033000,-94.8099456,31.1329682,0.240607608410319,75011288,USGS-08041780
USGS-08033500,-94.3994444,31.025,0.4222641178897513,75011278,USGS-08041780
USGS-08033900,-94.8232697,31.86017169,0.04372529417148401,75006994,USGS-08041780
USGS-08034500,-95.1607787,31.97655578,0.30885308015341806,75006594,USGS-08041780
USGS-08036500,-94.9527152,31.67184364,0.03392188611227914,75006149,USGS-08041780
USGS-08037180,-94.7263278,31.45718333,0.5123558079054277,75006080,USGS-08041780
USGS-08040600,-94.1510237,30.79103579,0.7961141886253824,75011270,USGS-08041780
USGS-08041000,-94.0932566,30.35576944,0.5977418516259368,75011263,USGS-08041780
USGS-08041300,-94.3946528,30.481425,0.6843333434546728,75012324,USGS-08041780
USGS-08041500,-94.2635215,30.3979862,0.19023146405232394,75012153,USGS-08041780
USGS-08041700,-94.3346324,30.1060464,0.7079969021736026,75012074,USGS-08041780
USGS-08041749,-94.1887943,30.17882253,0.4843912507302043,75012027,USGS-08041780
USGS-08041780,-94.1143469,30.156878,0.07077388329885946,75011257,USGS-08041780
USGS-08042800,-98.079,33.29333333,0.23529411764734467,75002291,USGS-08067000
USGS-08044000,-97.6947538,33.23178218,0.5391269989985998,75002405,USGS-08067000
USGS-08044500,-97.558636,33.08539917,0.2779788243839567,75002127,USGS-08067000
USGS-08045550,-97.4038889,32.7597222,0.5438285799132117,75005815,USGS-08067000
USGS-08045995,-97.5863889,32.65305556,0.38132443529881915,75006567,USGS-08067000
USGS-08047000,-97.4419642,32.66513275,0.44842770072321725,75006321,USGS-08067000
USGS-08047500,-97.3589063,32.732353,0.7008290884212097,75006275,USGS-08067000
USGS-08048000,-97.3325167,32.76096337,0.7722256279112046,75005784,USGS-08067000
USGS-08048543,-97.2894598,32.7517972,0.05854379003299595,75005774,USGS-08067000
USGS-08048800,-97.2486256,32.80735146,0.6482960526974284,75007740,USGS-08067000
USGS-08048970,-97.2650142,32.60346909,0.11743548362058258,75007432,USGS-08067000
USGS-08049500,-96.9944444,32.7625,0.30115246740929164,75005746,USGS-08067000
USGS-0804956950,-97.0098806,32.8044972,0.5306916865218216,75007154,USGS-08067000
USGS-08050100,-96.9261111,32.7498611,0.6169486589281858,75006678,USGS-08067000
USGS-08050350,-97.3258333,33.601,0.85223362527161,75004210,USGS-08067000
USGS-08050400,-97.1564016,33.62427479,0.38494084842666415,75002594,USGS-08067000
USGS-08050800,-96.9472267,33.55455428,0.7859393342021403,75004183,USGS-08067000
USGS-08050840,-96.8072191,33.52622016,0.7103256133007555,75004084,USGS-08067000
USGS-08051135,-97.0355556,33.3497222,0.497286162801363,75002343,USGS-08067000
USGS-08051500,-97.1794587,33.3362269,0.07520370549124113,75002392,USGS-08067000
USGS-08052700,-96.8927805,33.28344977,0.5903394123104243,75002825,USGS-08067000
USGS-08052745,-96.8919565,33.219298,0.6271433903570236,75003729,USGS-08067000
USGS-08052780,-97.1419573,33.15178696,0.19700264010533008,75002805,USGS-08067000
USGS-08053000,-96.9611173,33.0456773,0.37264710733677386,75002196,USGS-08067000
USGS-08053430,-97.4170417,33.27791667,0.3020759256508326,75002455,USGS-08067000
USGS-08053500,-97.2905732,33.11901003,0.9501845506994283,75002321,USGS-08067000
USGS-08055000,-97.0127857,32.9870677,0.5636345047584145,75005614,USGS-08067000
USGS-08055500,-96.94445,32.965957,0.4606368544875176,75005610,USGS-08067000
USGS-08055560,-96.9305556,32.87333333,0.12206814247310119,75005606,USGS-08067000
USGS-08057200,-96.7566664,32.88929207,0.08724319619219438,75005857,USGS-08067000
USGS-08057410,-96.7358319,32.70763139,0.2931685760639844,75005598,USGS-08067000
USGS-08059000,-96.595824,33.20372724,0.20366915289460438,75002737,USGS-08067000
USGS-08059350,-96.3730556,33.225,0.9576154010296999,75003073,USGS-08067000
USGS-08059400,-96.4830413,33.29455786,0.502088883943001,75003230,USGS-08067000
USGS-08059590,-96.6391389,33.18513889,0.4730317178598304,75003677,USGS-08067000
USGS-08061540,-96.6144378,32.95984447,0.020000398940198227,75005862,USGS-08067000
USGS-08061548,-96.5564167,32.9858611,0.1228621272229004,75005911,USGS-08067000
USGS-08062000,-96.4852651,32.6387442,0.14682843787442787,75005778,USGS-08067000
USGS-08062095,-96.6902556,32.43687778,0.7862166388765259,75007709,USGS-08067000
USGS-08062500,-96.4630415,32.42652988,0.36598120491121033,75005587,USGS-08067000
USGS-08062700,-96.1024708,32.14765255,0.4953796405598862,75009714,USGS-08067000
USGS-08062800,-96.1127508,32.50347129,0.8013993462662674,75006868,USGS-08067000
USGS-08062895,-96.3388889,32.5561111,0.01,75006703,USGS-08067000
USGS-08063100,-96.6813787,31.9384908,0.32302912499493147,75006561,USGS-08067000
USGS-08063460,-96.4751389,31.967,0.07748370172299841,75006302,USGS-08067000
USGS-08063562,-96.7620056,32.16465,0.16031874683347547,75006333,USGS-08067000
USGS-08063590,-96.8505556,32.3822222,0.606202427746237,75007950,USGS-08067000
USGS-08063800,-96.6402676,32.2434807,0.8152456763484147,75006722,USGS-08067000
USGS-08064100,-96.5202639,32.1984823,0.639236225010503,75006207,USGS-08067000
USGS-08064700,-96.2899755,31.84849638,0.7903392692797121,75007325,USGS-08067000
USGS-08065000,-95.7894029,31.64850597,0.251505391972344,75005561,USGS-08067000
USGS-08065200,-95.8882938,31.56989618,0.246156744020732,75006835,USGS-08067000
USGS-08065350,-95.6563407,31.33851319,0.26204441483425783,75005555,USGS-08067000
USGS-08065800,-95.7777778,30.8847222,0.9717862021254581,75012620,USGS-08067000
USGS-08066175,-95.0803889,30.88675,0.5235456643053343,75013653,USGS-08067000
USGS-08066200,-94.9588237,30.716306,0.7661084503456757,75013207,USGS-08067000
USGS-08066250,-94.9488223,30.57214544,0.04803840627608959,75011443,USGS-08067000
USGS-08066300,-94.7797222,30.48138889,0.37585640803494424,75014203,USGS-08067000
USGS-08066500,-94.8507622,30.4252067,0.4598320530098437,75011439,USGS-08067000
USGS-08067000,-94.8182567,30.05771539,0.38068448437540153,75011432,USGS-08067000
USGS-08067500,-94.9857602,29.97271914,0.3915210737955814,75013267,USGS-08067500
USGS-08067548,-95.675224,30.6460298,0.41132183766665,75013354,USGS-08069500
USGS-08067575,-95.6793306,30.52829167,0.4031190376665823,75016110,USGS-08069500
USGS-08067650,-95.542998,30.34215289,0.36072629583793914,75012479,USGS-08069500
USGS-08067920,-95.5636944,30.25775,0.10992200428880027,75012325,USGS-08069500
USGS-08068000,-95.4571616,30.24465738,0.8673121962822921,75012252,USGS-08069500
USGS-08068090,-95.3382222,30.14116667,0.788874715331719,75012165,USGS-08069500
USGS-08068275,-95.6460559,30.11993899,0.6036240875683083,75012771,USGS-08069500
USGS-08068325,-95.5466084,30.10549526,0.6724083740909139,75015181,USGS-08069500
USGS-08068400,-95.4838288,30.192159,0.02944536305355178,75014063,USGS-08069500
USGS-08068450,-95.4777175,30.1343832,0.6401835597135973,75014063,USGS-08069500
USGS-08068500,-95.4363275,30.11049517,0.08058740333859153,75012355,USGS-08069500
USGS-08068720,-95.8082835,29.9502237,0.07118029926051157,75012915,USGS-08069500
USGS-08068740,-95.7177249,29.959112,0.4761622989783167,75012915,USGS-08069500
USGS-08068800,-95.5985545,29.97355566,0.533207879027611,75012522,USGS-08069500
USGS-08069000,-95.428827,30.0357753,0.49742446401953794,75012354,USGS-08069500
USGS-08069500,-95.2579888,30.02716385,0.05638383240355929,75012076,USGS-08069500
USGS-08069800,-95.1913889,30.56694444,0.8140791033219676,75013387,USGS-08069800
USGS-08070500,-95.3024361,30.25965789,0.47858277759150114,75013111,USGS-08070500
USGS-08071000,-95.1682662,30.2327137,0.9585675912887834,75012816,USGS-08071000
USGS-08071250,-95.0494861,30.12597778,0.36676463717919916,75012565,USGS-08071250
USGS-08072300,-95.8068951,29.74328664,0.5077903642884929,75013498,USGS-08073500
USGS-08072600,-95.6431667,29.76938056,0.99,75012839,USGS-08073500
USGS-08072680,-95.7096111,29.8051111,0.5196181752012071,75014811,USGS-08073500
USGS-08072760,-95.646612,29.86717035,0.5199082409690463,75014853,USGS-08073500
USGS-08073100,-95.6238889,29.79027778,0.14583900482860424,75013292,USGS-08073500
USGS-08073500,-95.6057782,29.7618958,0.08272201268169263,75012683,USGS-08073500
USGS-08073600,-95.5577213,29.76217336,0.2384703200885978,75012683,USGS-08073500
USGS-08073700,-95.5235538,29.7468959,0.3652185460163803,75012683,USGS-08073500
USGS-08074020,-95.4804961,29.87078073,0.8856277063599141,75014938,USGS-08074500
USGS-08074500,-95.3971612,29.77522777,0.7285476003998225,75013278,USGS-08074500
USGS-08074760,-95.583,29.7091197,0.3074269370946158,75014583,USGS-08075000
USGS-08074810,-95.5282765,29.6727317,0.012218715833166839,75013700,USGS-08075000
USGS-08075000,-95.412162,29.69717469,0.10600871343386638,75013152,USGS-08075000
USGS-08075400,-95.4460522,29.61884399,0.13657087172983962,75014408,USGS-08075400
USGS-08075900,-95.4179936,29.95688886,0.012731765502659158,75013774,USGS-08075900
USGS-08076000,-95.3068796,29.9182784,0.6642895787264078,75013774,USGS-08075900
USGS-08076180,-95.2339608,29.93386089,0.7922268245030666,75015051,USGS-08076180
USGS-08076500,-95.3349365,29.86189143,0.5125175663348566,75014912,USGS-08076500
USGS-08076997,-95.2974366,29.5968991,0.7330762947364216,75014352,USGS-08076997
USGS-08078000,-95.3230673,29.37154704,0.8617371073326144,75022531,USGS-08078000
USGS-08079600,-101.1976302,33.03843236,0.8189420788286389,75001944,USGS-08116650
USGS-08080505,-99.9601361,33.18791667,0.9245576687064968,75001792,USGS-08116650
USGS-08082000,-100.2381622,33.3339801,0.45497719974772677,75002055,USGS-08116650
USGS-08082500,-99.2675756,33.58092766,0.16810930456753298,75001776,USGS-08116650
USGS-08083240,-99.8145556,32.5985,0.5016875096675064,75006112,USGS-08116650
USGS-08084000,-99.6695326,32.6901186,0.1311505235813342,75006075,USGS-08116650
USGS-08084200,-99.6056944,32.795,0.1589020627135026,75006062,USGS-08116650
USGS-08084800,-99.642588,32.93094435,0.18785671298542952,75002016,USGS-08116650
USGS-08085500,-99.2153889,32.93297778,0.2920752254422245,75005266,USGS-08116650
USGS-08086212,-99.1406299,32.73289717,0.16774908787359116,75006376,USGS-08116650
USGS-08088000,-98.6439481,33.02428377,0.13117256245908243,75001756,USGS-08116650
USGS-08088610,-98.411719,32.85817854,0.962177827969641,75005104,USGS-08116650
USGS-08089000,-98.3025492,32.8626236,0.01,75005100,USGS-08116650
USGS-08090800,-97.9258703,32.61568907,0.874833740594582,75005090,USGS-08116650
USGS-08090905,-97.6522222,32.38638889,0.9862491643118548,75005081,USGS-08116650
USGS-08091000,-97.7025268,32.25903188,0.6803467172765858,75005079,USGS-08116650
USGS-08091500,-97.7772512,32.23153166,0.6665482314769506,75006383,USGS-08116650
USGS-08093100,-97.2977882,31.8123822,0.382648807365181,75005061,USGS-08116650
USGS-08093360,-97.2030634,31.8954362,0.3260327606450832,75006745,USGS-08116650
USGS-08094800,-98.032812,31.9765366,0.36813954469692817,75006473,USGS-08116650
USGS-08095000,-97.5680748,31.785991,0.08016795780677942,75006109,USGS-08116650
USGS-08095200,-97.4694602,31.66960575,0.18379655338610007,75006092,USGS-08116650
USGS-08095300,-97.365845,31.50933179,0.09965534685065806,75006725,USGS-08116650
USGS-08096500,-97.0733325,31.53600056,0.5226277418574691,75005054,USGS-08116650
USGS-08098290,-96.8249826,31.13407098,0.3141097596834705,75011065,USGS-08116650
USGS-08098300,-96.9883413,31.02657804,0.34550889217065633,75017064,USGS-08116650
USGS-08099300,-98.6056067,32.11402957,0.7315325862246166,75006514,USGS-08116650
USGS-08099500,-98.4592116,31.9579235,0.7778974361904023,75006125,USGS-08116650
USGS-08100000,-98.1214319,31.78877645,0.5991880982451961,75006061,USGS-08116650
USGS-08100500,-97.7583333,31.4347222,0.01631328016704085,75006015,USGS-08116650
USGS-08101000,-97.8850244,31.2848902,0.033001673612901065,75011886,USGS-08116650
USGS-08102500,-97.4413967,31.07017947,0.6368257591590332,75011490,USGS-08116650
USGS-08102595,-97.4625278,31.0539722,0.6807253156191831,75012939,USGS-08116650
USGS-08103800,-98.0166919,31.0793403,0.8942568352987527,75011415,USGS-08116650
USGS-08103940,-97.7785278,30.97252778,0.2710715243276643,75011408,USGS-08116650
USGS-08104100,-97.4925088,31.0018485,0.536629249272515,75011405,USGS-08116650
USGS-08104300,-97.534075,30.9443472,0.11572358969274861,75012835,USGS-08116650
USGS-08104500,-97.346113,30.9665723,0.5198701974777479,75011403,USGS-08116650
USGS-0810464660,-97.8492222,30.69775,0.3357371312353814,75012668,USGS-08116650
USGS-08104700,-97.7114164,30.6618646,0.9211899266420797,75012668,USGS-08116650
USGS-08104900,-97.6911204,30.6257499,0.9096688799947574,75013210,USGS-08116650
USGS-08105505,-97.4341667,30.70216667,0.16715540468868187,75013549,USGS-08116650
USGS-08105700,-97.2788849,30.69436146,0.518348506647028,75012100,USGS-08116650
USGS-08105883,-97.6864361,30.51290556,0.630520859684234,75013515,USGS-08116650
USGS-08105888,-97.6366722,30.51239444,0.37626538571473456,75013059,USGS-08116650
USGS-08106350,-97.0138754,30.76074836,0.01,75011396,USGS-08116650
USGS-08106500,-96.9466512,30.83519047,0.030921496962974852,75011394,USGS-08116650
USGS-08108700,-96.544135,30.6268665,0.6551737978186623,75011058,USGS-08116650
USGS-08109700,-96.9047037,30.33937764,0.8670576352161147,75013232,USGS-08116650
USGS-08109800,-96.8174791,30.40743105,0.4347371295423373,75012719,USGS-08116650
USGS-08110000,-96.5074683,30.3218773,0.4272421574209807,75012149,USGS-08116650
USGS-08110100,-96.5402466,30.41965196,0.11103804415891683,75012529,USGS-08116650
USGS-08110200,-96.1549028,30.359175,0.7729450430197351,75011050,USGS-08116650
USGS-08110325,-96.5208295,31.57434158,0.4116735055287907,75006643,USGS-08116650
USGS-08110430,-96.3247125,31.50684385,0.46124059756959257,75007521,USGS-08116650
USGS-08110500,-96.2977664,31.17018658,0.8471269375485937,75011842,USGS-08116650
USGS-08110800,-96.2416274,30.9737987,0.6568277875781547,75011479,USGS-08116650
USGS-08111500,-96.1877387,30.12910626,0.05001813001105423,75011042,USGS-08116650
USGS-08111700,-96.2052402,29.88106145,0.5060614624617695,75012567,USGS-08116650
USGS-08111850,-96.0955556,29.80833333,0.17343732544069485,75011036,USGS-08116650
USGS-08115000,-95.8030067,29.47190769,0.5098552543627406,75018153,USGS-08116650
USGS-08116650,-95.5824635,29.34968614,0.47734529730184194,75017435,USGS-08116650
USGS-08117500,-95.8938421,29.31357967,0.7043247919130152,75017828,USGS-08117705
USGS-08117705,-95.6766667,29.11194444,0.7672817739062449,75017793,USGS-08117705
USGS-08123850,-100.762052,32.05374399,0.10896815485290175,75005347,USGS-08162000
USGS-08126380,-100.0264755,31.71542973,0.6364013987997761,75005324,USGS-08162000
USGS-08136500,-99.9195226,31.5159908,0.8256052928705744,75005689,USGS-08162000
USGS-08136700,-99.5739532,31.49376898,0.7597640400869744,75005315,USGS-08162000
USGS-08143600,-98.740603,31.5173861,0.08927534618308983,75006059,USGS-08162000
USGS-08144500,-99.785643,30.91907405,0.3212487367286133,75012183,USGS-08162000
USGS-08146000,-98.7194871,31.21322316,0.43729133017805527,75011576,USGS-08162000
USGS-08147000,-98.564484,31.21794515,0.4842785380490218,75011367,USGS-08162000
USGS-08148500,-99.806179,30.5174101,0.2690956761007364,75012267,USGS-08162000
USGS-08149900,-99.7780389,30.47901389,0.8784028284756287,75012234,USGS-08162000
USGS-08150000,-99.7345097,30.50435487,0.3603128443829059,75012152,USGS-08162000
USGS-08150700,-99.1092185,30.66073685,0.652420821271758,75011991,USGS-08162000
USGS-08151500,-98.6697773,30.7513041,0.42580414377553083,75011950,USGS-08162000
USGS-08152000,-98.472271,30.5576991,0.15843103482900242,75012389,USGS-08162000
USGS-08152900,-98.8697812,30.22048584,0.5759884869702425,75012568,USGS-08162000
USGS-08153500,-98.3994904,30.29187379,0.05196157883812606,75012097,USGS-08162000
USGS-08155200,-97.925565,30.29631587,0.01,75012867,USGS-08162000
USGS-08155240,-97.8447296,30.2740957,0.56308172827205,75012867,USGS-08162000
USGS-08155500,-97.7713947,30.26354169,0.9658585856169924,75012867,USGS-08162000
USGS-08158000,-97.6800556,30.24613889,0.7826224554080092,75011323,USGS-08162000
USGS-08158700,-98.0077859,30.08298924,0.3307691400087282,75013052,USGS-08162000
USGS-08158827,-97.8211161,30.12632345,0.99,75013052,USGS-08162000
USGS-08159200,-97.3194368,30.10466154,0.09452311319613295,75011315,USGS-08162000
USGS-08159500,-97.1619321,30.01272074,0.7678030947440141,75011313,USGS-08162000
USGS-08160400,-96.9038699,29.9124474,0.869468220053742,75011309,USGS-08162000
USGS-08161000,-96.5369155,29.7063454,0.8062874683050124,75011298,USGS-08162000
USGS-08162000,-96.1038482,29.30913668,0.749260755751877,75017601,USGS-08162000
USGS-08162600,-96.1710747,28.92803769,0.2524156336296073,75018804,USGS-08162600
USGS-08163500,-96.9449819,29.4432973,0.0749436181124344,75018161,USGS-08164000
USGS-08164000,-96.6863668,28.95998449,0.4814015704884434,75017965,USGS-08164000
USGS-08164300,-96.812756,29.466908,0.081113348027424,75018169,USGS-08164390
USGS-08164390,-96.6741434,29.06553568,0.8863504387155313,75017984,USGS-08164390
USGS-08164450,-96.5463608,29.1602539,0.808305473886178,75018004,USGS-08164450
USGS-08164503,-96.4680278,29.07185833,0.5935031469413716,75019723,USGS-08164503
USGS-08164504,-96.4171913,29.07081227,0.8769545882854682,75019685,USGS-08164504
USGS-08164600,-96.8191486,28.8913759,0.5841789215398333,75019325,USGS-08164600
USGS-08164800,-96.7688702,28.72527137,0.9869045392903868,75021584,USGS-08164800
USGS-08165500,-99.3217122,30.06993074,0.11644446870070504,75012666,USGS-08175800
USGS-08166140,-99.1953454,30.06965617,0.05624499778437446,75012468,USGS-08175800
USGS-08166200,-99.163375,30.053266,0.7156504778877766,75012468,USGS-08175800
USGS-08166250,-99.11,29.98777778,0.24550875936381192,75012357,USGS-08175800
USGS-08167000,-98.8971667,29.96523889,0.01,75012166,USGS-08175800
USGS-08167200,-98.6698333,29.89358333,0.01,75012045,USGS-08175800
USGS-08167500,-98.3836275,29.8604957,0.091655433931624,75011984,USGS-08175800
USGS-08167800,-98.1800106,29.85910758,0.4411752005848063,75011956,USGS-08175800
USGS-08168500,-98.1100083,29.7149465,0.24357771394948882,75011941,USGS-08175800
USGS-08168913,-98.1316611,29.71007778,0.9066305676939262,75013219,USGS-08175800
USGS-08169000,-98.1222083,29.70640833,0.9477072365294089,75013219,USGS-08175800
USGS-08169792,-97.8809444,29.53616667,0.35313594066067455,75011827,USGS-08175800
USGS-08169845,-97.5875056,29.4876,0.498256384618771,75017604,USGS-08175800
USGS-08170500,-97.9341718,29.88910804,0.94419307015321,75013959,USGS-08175800
USGS-08171000,-98.088925,29.99438343,0.0886462662539101,75012242,USGS-08175800
USGS-08171290,-97.9525,30.00555556,0.8238518515610498,75012173,USGS-08175800
USGS-08171400,-97.8423833,29.8322861,0.6255635656628652,75012077,USGS-08175800
USGS-08172000,-97.6508561,29.66633885,0.284624787143865,75012004,USGS-08175800
USGS-08172400,-97.679191,29.92299765,0.07161997097692356,75013179,USGS-08175800
USGS-08173000,-97.6036082,29.699673,0.7402660228159554,75012443,USGS-08175800
USGS-08173900,-97.4502702,29.48440414,0.2745019719399822,75017584,USGS-08175800
USGS-08174600,-97.3166795,29.47412328,0.20879918076686244,75018194,USGS-08175800
USGS-08175000,-97.4494353,29.2152475,0.6851932369027705,75018575,USGS-08175800
USGS-08175800,-97.3297129,29.09053147,0.07418801382060505,75017576,USGS-08175800
USGS-08176900,-97.2263791,28.86165308,0.06606998038556607,75018660,USGS-08177500
USGS-08177500,-97.1386004,28.73110317,0.18150076886933117,75018528,USGS-08177500
USGS-08178000,-98.4950458,29.4096781,0.8732234321545647,75018280,USGS-08188570
USGS-08178050,-98.4947392,29.39301189,0.9803604657981991,75018280,USGS-08188570
USGS-08178565,-98.450322,29.32218095,0.1076259225539533,75018086,USGS-08188570
USGS-08178800,-98.412821,29.35717994,0.8283798397006706,75018252,USGS-08188570
USGS-0817887350,-99.2485944,29.79389167,0.058655636065627556,75012657,USGS-08188570
USGS-08178880,-99.070035,29.72383537,0.73995497069301,75012391,USGS-08188570
USGS-08178980,-98.9793056,29.69438889,0.6466954465329414,75012239,USGS-08188570
USGS-08180700,-98.689744,29.33495798,0.20277924067638453,75017992,USGS-08188570
USGS-08180800,-98.5814074,29.26218286,0.7189839250140164,75017966,USGS-08188570
USGS-08181435,-98.6337111,29.447875,0.2085199848502695,75018144,USGS-08188570
USGS-08181480,-98.5841856,29.32995837,0.7038078269468532,75018116,USGS-08188570
USGS-08181500,-98.4908493,29.2641276,0.19629562420100918,75017954,USGS-08188570
USGS-08181800,-98.3558463,29.2221853,0.26049085388665805,75017944,USGS-08188570
USGS-08183200,-98.1744444,29.11,0.9393860210304611,75017936,USGS-08188570
USGS-08183500,-98.0641989,28.95163797,0.582545397687187,75017928,USGS-08188570
USGS-08183978,-98.4933722,29.73677778,0.7547109426989962,75012698,USGS-08188570
USGS-08185500,-98.0533333,29.2797222,0.20778295212802483,75018022,USGS-08188570
USGS-08186000,-97.9303065,29.01413629,0.48900285666484755,75017960,USGS-08188570
USGS-08188060,-97.7371389,28.84869444,0.516655109472823,75017912,USGS-08188570
USGS-08188500,-97.3848583,28.6492861,0.43971103409980733,75017895,USGS-08188570
USGS-08188570,-97.0426944,28.53125,0.11055939350543265,75017883,USGS-08188570
USGS-08189500,-97.2791751,28.29193875,0.46377703211211685,75018442,USGS-08189500
USGS-0818999010,-100.039575,29.71883333,0.5089312606022359,75012606,USGS-08211200
USGS-08190000,-99.997287,29.42856679,0.14611039782140678,75018147,USGS-08211200
USGS-08190500,-100.2391667,29.48108333,0.26869559481001914,75018192,USGS-08211200
USGS-08192000,-99.8948062,29.12385015,0.42155257581024513,75017956,USGS-08211200
USGS-08193000,-99.6819935,28.50026313,0.4158933160694675,75017920,USGS-08211200
USGS-08194000,-99.2400322,28.42637889,0.5895609330424892,75017901,USGS-08211200
USGS-08194500,-98.5572384,28.30888906,0.5769230769230818,75017778,USGS-08211200
USGS-08195000,-99.7047756,29.48856496,0.4421484136389528,75018245,USGS-08211200
USGS-08198000,-99.4928241,29.4910644,0.0896145343215777,75018249,USGS-08211200
USGS-08200000,-99.2476889,29.57003056,0.27814659275241344,75013557,USGS-08211200
USGS-08204005,-99.7433888,29.1544077,0.7952639451161193,75019014,USGS-08211200
USGS-08206600,-98.5475174,28.46749279,0.017708153199888325,75017649,USGS-08211200
USGS-08206700,-98.5458513,28.58748787,0.54435371930734,75018354,USGS-08211200
USGS-08206910,-98.2416752,28.48610326,0.484522768840582,75017643,USGS-08211200
USGS-08208000,-98.2813988,28.62220899,0.3210355494831997,75018337,USGS-08211200
USGS-08210000,-98.1780625,28.42749545,0.24731633422500468,75017640,USGS-08211200
USGS-08211000,-97.8602769,28.03834719,0.3483635269027074,75017624,USGS-08211200
USGS-08211200,-97.7758308,27.93779594,0.47743792622071274,75017620,USGS-08211200
USGS-08255500,-105.5071111,36.9668611,0.22929682990439265,75000157,USGS-08375300
USGS-08263500,-105.6834417,36.74001667,0.23970112329013674,75000010,USGS-08375300
USGS-08265000,-105.5684306,36.7033111,0.7092403605829513,75000198,USGS-08375300
USGS-08266820,-105.6541222,36.68283889,0.5652759868966547,75000167,USGS-08375300
USGS-08276300,-105.6678333,36.3793333,0.99,75000759,USGS-08375300
USGS-08276500,-105.7544444,36.3200333,0.5758146281446822,75000715,USGS-08375300
USGS-08277470,-105.6027889,36.16846667,0.4520764949297971,75001118,USGS-08375300
USGS-08279000,-105.9136306,36.21085556,0.8932433882184472,75000893,USGS-08375300
USGS-08279500,-105.9639722,36.20555556,0.4955441183019895,75000711,USGS-08375300
USGS-08281400,-106.5552122,36.93495625,0.298159595565342,75000231,USGS-08375300
USGS-08282300,-106.4707722,36.7379333,0.6118245826073629,75000197,USGS-08375300
USGS-08284100,-106.6333667,36.6626583,0.10060046519779572,75000124,USGS-08375300
USGS-08285500,-106.7247667,36.5803833,0.5310835533478211,75000104,USGS-08375300
USGS-08286500,-106.5995306,36.3188222,0.2383518971176118,75000739,USGS-08375300
USGS-08287000,-106.4174167,36.2372222,0.15065048178328252,75000732,USGS-08375300
USGS-08289000,-106.0441861,36.34974167,0.055600168669332206,75000754,USGS-08375300
USGS-08290000,-106.1116944,36.07355556,0.2948833515697854,75000721,USGS-08375300
USGS-08313000,-106.1424444,35.8745,0.99,75000700,USGS-08375300
USGS-08317400,-106.3239444,35.618,0.2717471599100259,75000688,USGS-08375300
USGS-08324000,-106.7434389,35.6619833,0.1483574239645683,75000882,USGS-08375300
USGS-08328950,-106.545305,35.39475884,0.6471852941756306,75000839,USGS-08375300
USGS-08329918,-106.6427778,35.1977222,0.99,75000669,USGS-08375300
USGS-08329928,-106.6519444,35.182,0.07844780238910116,75000667,USGS-08375300
USGS-08330000,-106.6806944,35.08916667,0.8502112004030684,75000665,USGS-08375300
USGS-08330875,-106.6802778,34.94666667,0.8873940823054083,75000662,USGS-08375300
USGS-08331160,-106.72,34.87055556,0.01,75001968,USGS-08375300
USGS-08331510,-106.7630556,34.545,0.10093429121827159,75001926,USGS-08375300
USGS-08353000,-106.8544444,34.41027778,0.2657150920599537,75001846,USGS-08375300
USGS-08354900,-106.8908333,34.25638889,0.626494174547893,75001843,USGS-08375300
USGS-08355050,-106.8869444,34.1208333,0.04855303092988975,75001839,USGS-08375300
USGS-08355490,-106.8511667,33.92666667,0.9109562911782296,75001832,USGS-08375300
USGS-08358400,-106.997,33.6790833,0.42250285945101423,75001824,USGS-08375300
USGS-08359500,-107.1630872,33.38618184,0.501470354088542,75001808,USGS-08375300
USGS-08361000,-107.2067833,33.1485111,0.6598585569767842,75001801,USGS-08375300
USGS-08374550,-103.5249033,29.13798,0.04248296238872377,75017528,USGS-08375300
USGS-08375300,-102.9754409,29.1835386,0.5026430982855932,75017504,USGS-08375300
USGS-08378500,-105.6827028,35.70835,0.4607753650894732,75001004,USGS-08447300
USGS-08379500,-105.1088028,35.17866944,0.5012545717177588,75000822,USGS-08447300
USGS-08382600,-104.8005556,35.09138889,0.7925511517961878,75000807,USGS-08447300
USGS-08382650,-104.7611111,35.05944444,0.27791748121114573,75000804,USGS-08447300
USGS-08382830,-104.6888889,35.02416667,0.19526212369505339,75000801,USGS-08447300
USGS-08383500,-104.5249111,34.7300833,0.3551976159113592,75001911,USGS-08447300
USGS-08384500,-104.3879167,34.60405556,0.6801644632738005,75001908,USGS-08447300
USGS-08385522,-104.1811111,34.3322222,0.39290304856441877,75001902,USGS-08447300
USGS-08385630,-104.3066667,34.0633333,0.8119232465563162,75001894,USGS-08447300
USGS-08386000,-104.3736028,33.57185556,0.25780656325414936,75001878,USGS-08447300
USGS-08390500,-104.8516667,33.34916667,0.4191150513930537,75002278,USGS-08447300
USGS-08390800,-104.721675,33.29986944,0.7422980199063214,75002278,USGS-08447300
USGS-08395500,-104.3239556,32.98863056,0.0567143798332446,75005244,USGS-08447300
USGS-08396500,-104.3238333,32.8408611,0.3860630090767502,75005240,USGS-08447300
USGS-08399500,-104.2992194,32.689375,0.48933599150741386,75005237,USGS-08447300
USGS-08401500,-104.3711,32.54318889,0.1771980355299743,75005233,USGS-08447300
USGS-08402000,-104.3332889,32.51122778,0.12569094283937415,75005231,USGS-08447300
USGS-08405200,-104.2149722,32.409275,0.99,75005230,USGS-08447300
USGS-08406500,-104.023875,32.20754167,0.5652647113401207,75005222,USGS-08447300
USGS-08407000,-103.9793861,32.18853056,0.8130460520838833,75005221,USGS-08447300
USGS-08407500,-104.0394361,32.07519167,0.13752872057669346,75005215,USGS-08447300
USGS-08412500,-103.8315949,31.87264499,0.47752071508646554,75005206,USGS-08447300
USGS-08447300,-101.7415556,30.314,0.883566799553425,75011210,USGS-08447300
USGS-09010500,-105.8566791,40.32581784,0.03251074961166147,77008204,USGS-09521100
USGS-09014050,-105.8288333,40.2461111,0.32781385676896013,77008335,USGS-09521100
USGS-09015000,-105.8375611,40.20519444,0.2085476952366622,77007461,USGS-09521100
USGS-09019000,-105.8672348,40.1441524,0.1503350949448702,77007140,USGS-09521100
USGS-09019500,-105.9005694,40.12081915,0.7654986199748769,77007140,USGS-09521100
USGS-09019850,-106.0506611,40.21426944,0.01,77007813,USGS-09521100
USGS-09027100,-105.8297778,39.9903333,0.8260323918133001,77008078,USGS-09521100
USGS-09033100,-105.8265583,39.9990861,0.15525649525630497,77008499,USGS-09521100
USGS-09033300,-105.8482722,40.00689167,0.07667420041593756,77007731,USGS-09521100
USGS-09034250,-106.0041847,40.108319,0.5579482928858572,77006923,USGS-09521100
USGS-09035700,-106.0256389,39.79719444,0.9571645091770133,77010786,USGS-09521100
USGS-09036000,-106.0564079,39.833875,0.020957055328799053,77008065,USGS-09521100
USGS-09037500,-106.1803667,40.0002,0.747990520463622,77007451,USGS-09521100
USGS-09038500,-106.2050139,40.03592778,0.49730749082632303,77007153,USGS-09521100
USGS-09040500,-106.3051778,40.05866389,0.9774937475308192,77007787,USGS-09521100
USGS-09041090,-106.4225335,40.2024844,0.7626029316953035,77007593,USGS-09521100
USGS-09041400,-106.4139212,40.10859628,0.269550925415772,77007219,USGS-09521100
USGS-09046600,-106.0494632,39.56665329,0.3634949845091247,77007928,USGS-09521100
USGS-09047500,-105.9431306,39.6053611,0.8845555660826617,77009133,USGS-09521100
USGS-09050100,-106.1105765,39.57526424,0.01,77007952,USGS-09521100
USGS-09050700,-106.0664082,39.625542,0.9019191565985571,77007594,USGS-09521100
USGS-09057500,-106.3339175,39.88026354,0.91093696114193,77006776,USGS-09521100
USGS-09058000,-106.4400324,40.03665248,0.08461114898022302,77006451,USGS-09521100
USGS-09059500,-106.5743472,39.7957222,0.4236396741919964,77008045,USGS-09521100
USGS-09060770,-106.7273056,39.91394444,0.719774288272037,77007328,USGS-09521100
USGS-09060799,-106.8316944,39.8911,0.99,77006342,USGS-09521100
USGS-09063000,-106.3666948,39.50831949,0.938900832157938,77008476,USGS-09521100
USGS-09064600,-106.402529,39.55387495,0.7029692633846188,77007707,USGS-09521100
USGS-09065100,-106.4124306,39.56829167,0.9563139232456561,77010143,USGS-09521100
USGS-09066325,-106.3947515,39.6410971,0.99,77009034,USGS-09521100
USGS-09066510,-106.447808,39.60943048,0.99,77008009,USGS-09521100
USGS-09067020,-106.5319444,39.6348611,0.12246906806198549,77007122,USGS-09521100
USGS-09067200,-106.6092003,39.647486,0.8851512878927578,77008093,USGS-09521100
USGS-09070000,-106.9536554,39.64942954,0.01,77006571,USGS-09521100
USGS-09070500,-107.0780139,39.6446111,0.33499471556191573,77006272,USGS-09521100
USGS-09073300,-106.7742039,39.14109959,0.99,77008399,USGS-09521100
USGS-09073400,-106.8019826,39.17998755,0.6452075301329357,77007831,USGS-09521100
USGS-09074500,-106.8189167,39.19688889,0.99,77009589,USGS-09521100
USGS-09076300,-106.8573083,39.2232,0.16802325103508253,77007359,USGS-09521100
USGS-09079450,-106.6852444,39.3604111,0.8629059712092602,77010032,USGS-09521100
USGS-09080400,-106.8255948,39.36554075,0.99,77007803,USGS-09521100
USGS-09081000,-107.0839367,39.37331729,0.10453538701100967,77006824,USGS-09521100
USGS-09081600,-107.2275,39.23263889,0.7794666180321721,77007381,USGS-09521100
USGS-09085000,-107.3308333,39.54666667,0.9538247553110422,77006548,USGS-09521100
USGS-09085100,-107.337554,39.5549819,0.23963784405412056,77006256,USGS-09521100
USGS-09085500,-107.447925,39.5745361,0.9491147496383414,77008257,USGS-09521100
USGS-09087500,-107.5399333,39.5737972,0.7094916879288072,77007531,USGS-09521100
USGS-09095500,-108.2661946,39.2391463,0.40846187186455063,77006205,USGS-09521100
USGS-09105000,-108.2683333,39.1836111,0.8823536659705372,77006810,USGS-09521100
USGS-09106150,-108.355086,39.09859226,0.42494074846415986,77006201,USGS-09521100
USGS-09106485,-108.5411111,39.0545833,0.16868419670466184,77006199,USGS-09521100
USGS-09106800,-106.6009444,38.92469444,0.9598616464534055,77016154,USGS-09521100
USGS-09107000,-106.5666966,38.86027127,0.34324622102803953,77015438,USGS-09521100
USGS-09107500,-106.5546389,38.84694444,0.8800674651665431,77020333,USGS-09521100
USGS-09108250,-106.56075,38.8179361,0.6910288852494456,77016438,USGS-09521100
USGS-09109000,-106.6091977,38.8183269,0.3629938595167674,77015250,USGS-09521100
USGS-09110000,-106.8453172,38.66443715,0.9841916999162157,77014620,USGS-09521100
USGS-09112200,-106.8708736,38.7841599,0.25190641382737206,77015266,USGS-09521100
USGS-09112500,-106.848095,38.66443715,0.9734217709904329,77014929,USGS-09521100
USGS-09113500,-106.9999472,38.70304167,0.01,77015788,USGS-09521100
USGS-09113980,-106.931432,38.5877696,0.9590494390491664,77015788,USGS-09521100
USGS-09114500,-106.9497661,38.54193567,0.23045582739075562,77014339,USGS-09521100
USGS-09115500,-106.422625,38.39502778,0.8933368326314982,77015728,USGS-09521100
USGS-09118450,-106.7736111,38.3372222,0.2748201087217751,77014942,USGS-09521100
USGS-09119000,-106.9409583,38.5211111,0.864065644914051,77014362,USGS-09521100
USGS-09123450,-107.2920972,37.9843611,0.7815620762165151,77016494,USGS-09521100
USGS-09124010,-107.3163472,38.02566944,0.9676092082844873,77015721,USGS-09521100
USGS-09124500,-107.2300557,38.2988834,0.9719997709797096,77014575,USGS-09521100
USGS-09126000,-107.5461111,38.25819444,0.1671615899853605,77015955,USGS-09521100
USGS-09127000,-107.5552222,38.44694444,0.2474996905259431,77014888,USGS-09521100
USGS-09128000,-107.648947,38.52915336,0.3009856733370232,77014029,USGS-09521100
USGS-09132050,-107.27175,38.95425,0.4571475121049691,77015947,USGS-09521100
USGS-09132095,-107.3583333,38.9372222,0.9018307578735676,77015228,USGS-09521100
USGS-09132500,-107.4342211,38.9258228,0.2989444012520375,77013767,USGS-09521100
USGS-09134100,-107.6219444,38.8575,0.6050763221605863,77013697,USGS-09521100
USGS-09136100,-107.8334167,38.78516667,0.9228563226272454,77013664,USGS-09521100
USGS-09143000,-107.8545077,38.9847034,0.1825296801508905,77013914,USGS-09521100
USGS-09144250,-108.078403,38.75303944,0.9526586502571429,77013619,USGS-09521100
USGS-09146020,-107.6831154,38.04332665,0.13074663409227624,77016210,USGS-09521100
USGS-09146200,-107.7458924,38.1838791,0.47248842032897753,77015183,USGS-09521100
USGS-09147025,-107.7603056,38.24055556,0.9767060570687517,77015123,USGS-09521100
USGS-09147500,-107.779225,38.33143056,0.023454110817722897,77014692,USGS-09521100
USGS-09149500,-108.0804167,38.74194444,0.8022817129379349,77014178,USGS-09521100
USGS-09151500,-108.2598333,38.75694444,0.9839281719580105,77014913,USGS-09521100
USGS-09152500,-108.4506446,38.98331575,0.08177226696471986,77013462,USGS-09521100
USGS-09163492,-108.9011667,39.21463889,0.4385955103960646,77007067,USGS-09521100
USGS-09163500,-109.0270546,39.13276047,0.032878493321719916,77005565,USGS-09521100
USGS-09165000,-108.0603517,37.63888428,0.22998937759877242,77015503,USGS-09521100
USGS-09166500,-108.4975908,37.47249296,0.9214386554895774,77014453,USGS-09521100
USGS-09168730,-108.905382,38.04443666,0.7761106983403259,77013999,USGS-09521100
USGS-09169500,-108.8853805,38.3102675,0.544785925693132,77013955,USGS-09521100
USGS-09171100,-108.8334347,38.3569337,0.357063752509488,77013950,USGS-09521100
USGS-09171310,-107.8944444,37.8731111,0.10842476935754108,77016564,USGS-09521100
USGS-09172500,-108.1102889,38.03070556,0.99,77015041,USGS-09521100
USGS-09174600,-108.5020343,38.2441571,0.5243036723444596,77014337,USGS-09521100
USGS-09177000,-108.712875,38.35721157,0.01,77014135,USGS-09521100
USGS-09179450,-108.9655194,38.66803889,0.8535110437618244,77013943,USGS-09521100
USGS-09180000,-109.1951142,38.79720805,0.795758975986295,77013937,USGS-09521100
USGS-09180500,-109.2934493,38.81054095,0.22629675579723915,77013368,USGS-09521100
USGS-09185600,-109.6583333,38.5047222,0.542595852668308,77013357,USGS-09521100
USGS-09188500,-110.1188611,43.0190833,0.7266649642190499,77001050,USGS-09521100
USGS-09192750,-109.8973809,43.1260559,0.36582668645379773,77000366,USGS-09521100
USGS-09196500,-109.7735278,43.02705556,0.05131881418002255,77001055,USGS-09521100
USGS-09201500,-109.6173664,42.8563369,0.2980936175745938,77002309,USGS-09521100
USGS-09205000,-109.930196,42.5671427,0.6635472749105478,77000921,USGS-09521100
USGS-09209400,-110.1632544,42.19269994,0.19229478939489592,77000634,USGS-09521100
USGS-09210500,-110.4160833,42.09580556,0.1564139184855841,77001743,USGS-09521100
USGS-09211200,-110.0498056,42.0209722,0.7736280670147311,77000631,USGS-09521100
USGS-09213500,-109.5119,42.3296,0.13340973530970285,77001297,USGS-09521100
USGS-09217000,-109.4490579,41.5163221,0.010182742726646979,77000616,USGS-09521100
USGS-09217900,-110.5797222,40.95902778,0.022475213255017962,77001022,USGS-09521100
USGS-09218500,-110.5793647,41.03159787,0.24894991012328518,77001022,USGS-09521100
USGS-09219200,-110.2059583,41.39415,0.8151535556970495,77000940,USGS-09521100
USGS-09220000,-110.3986389,41.0538611,0.9596545480080517,77001025,USGS-09521100
USGS-09223000,-110.7094167,42.11088889,0.2038837342530913,77001988,USGS-09521100
USGS-09224700,-109.6935102,41.5460425,0.9313777597595263,77000900,USGS-09521100
USGS-09229500,-109.6675556,41.00452778,0.7621882931581078,77005804,USGS-09521100
USGS-09234500,-109.422914,40.90829296,0.1004325993469844,77005456,USGS-09521100
USGS-09237450,-106.8917667,40.2642611,0.5123125213350181,77007357,USGS-09521100
USGS-09237500,-106.8290556,40.28654444,0.9138466164043644,77007357,USGS-09521100
USGS-09238900,-106.7869926,40.4749775,0.5446425461695948,77012273,USGS-09521100
USGS-09239500,-106.8324306,40.4829861,0.7287109214471917,77006714,USGS-09521100
USGS-09240020,-106.8415278,40.4892222,0.042552607359067046,77006692,USGS-09521100
USGS-09242500,-106.9539407,40.5146975,0.961000173686575,77006988,USGS-09521100
USGS-09244490,-107.3989444,40.51793056,0.70274258147589,77006386,USGS-09521100
USGS-09246500,-107.4361735,40.5310829,0.9537049897757657,77007194,USGS-09521100
USGS-09247600,-107.6142338,40.48080479,0.8520576034986637,77006332,USGS-09521100
USGS-09251000,-108.0334152,40.50274666,0.4866584591405507,77006255,USGS-09521100
USGS-09253000,-107.143388,40.99941048,0.6236370279512025,77005751,USGS-09521100
USGS-09255000,-107.3828391,40.9824657,0.7961241657878377,77007452,USGS-09521100
USGS-09255200,-107.4402583,41.01674167,0.8985877904883777,77000584,USGS-09521100
USGS-09257000,-107.5488611,41.02852778,0.01,77000580,USGS-09521100
USGS-09259050,-107.6837278,41.0290111,0.4316397146999925,77000579,USGS-09521100
USGS-09259700,-107.9197222,41.00305556,0.4369386241772679,77005349,USGS-09521100
USGS-09260000,-108.4243222,40.54901667,0.16569673441510635,77005336,USGS-09521100
USGS-09260050,-108.525101,40.45163387,0.8987329473144328,77005334,USGS-09521100
USGS-09261000,-109.2354283,40.4093915,0.015905689915338465,77005320,USGS-09521100
USGS-09261700,-109.4654372,40.5888323,0.7358761396843415,77012765,USGS-09521100
USGS-09266500,-109.6221085,40.5774426,0.3953891632201217,77007691,USGS-09521100
USGS-09271000,-109.5943694,40.5141111,0.01,77007188,USGS-09521100
USGS-09271550,-109.3876546,40.3580023,0.6231054937176912,77006850,USGS-09521100
USGS-09272400,-109.6758361,40.0847972,0.01,77005308,USGS-09521100
USGS-09277500,-110.6042556,40.2997472,0.6200806148659415,77007134,USGS-09521100
USGS-09279000,-110.5772222,40.4931111,0.8616494419399983,77007996,USGS-09521100
USGS-09285900,-110.7418242,40.1271783,0.99,77006779,USGS-09521100
USGS-09288000,-110.9076623,40.20023128,0.011639076704563706,77007757,USGS-09521100
USGS-09288180,-110.5548785,40.1546793,0.3843222747310027,77006575,USGS-09521100
USGS-09289500,-110.5205,40.60252778,0.6923910656623226,77008812,USGS-09521100
USGS-09291000,-110.4846056,40.55633555,0.99,77007975,USGS-09521100
USGS-09292000,-110.333771,40.5463369,0.8653854275897644,77007887,USGS-09521100
USGS-09292500,-110.3415491,40.51189299,0.2746906439081372,77007588,USGS-09521100
USGS-09295000,-110.0637613,40.20023757,0.3543445952914952,77006340,USGS-09521100
USGS-09295100,-109.8598673,40.2066278,0.7140405529219919,77006323,USGS-09521100
USGS-09296800,-110.1143226,40.5913396,0.5620104356059776,77007976,USGS-09521100
USGS-09299500,-109.9323739,40.5935653,0.07442676800293986,77007810,USGS-09521100
USGS-09301500,-109.803777,40.23355686,0.6661489273693857,77006690,USGS-09521100
USGS-09302000,-109.7813889,40.21027778,0.01,77006283,USGS-09521100
USGS-09304200,-107.8253486,40.00497428,0.5167993174760592,77006711,USGS-09521100
USGS-09304500,-107.8624194,40.03359167,0.43995656382607323,77006645,USGS-09521100
USGS-09304800,-108.1199444,40.0225833,0.34448507577896326,77006456,USGS-09521100
USGS-09306290,-108.5653775,40.17969335,0.5514694764430731,77006335,USGS-09521100
USGS-09306500,-109.1787269,39.97885629,0.15715971736783768,77006250,USGS-09521100
USGS-09310500,-111.191006,39.77440566,0.7515516785266514,77008418,USGS-09521100
USGS-09311500,-111.1201697,39.78690558,0.0949598876946683,77007700,USGS-09521100
USGS-09314250,-110.62796,39.4496734,0.7197857691186235,77006498,USGS-09521100
USGS-09314500,-110.3427778,39.26444444,0.6105116916401276,77006314,USGS-09521100
USGS-09315000,-110.1512475,38.9860831,0.9731151775132576,77013257,USGS-09521100
USGS-09326500,-111.2289917,39.1049972,0.4096551483397339,77007856,USGS-09521100
USGS-09328000,-110.89065,39.1382333,0.15222091984553093,77006643,USGS-09521100
USGS-09328500,-110.3701469,38.8583081,0.9538447726911381,77013265,USGS-09521100
USGS-09328910,-110.1435278,38.7577611,0.28513531591460684,77013258,USGS-09521100
USGS-09328920,-109.9944167,38.52402778,0.02113354681889676,77013241,USGS-09521100
USGS-09328960,-110.0735389,38.01001944,0.8234037755329892,77013226,USGS-09521100
USGS-09330000,-111.5187917,38.3069248,0.10060248396962858,77014573,USGS-09521100
USGS-09330500,-111.253886,38.99105556,0.4252088125884285,77013894,USGS-09521100
USGS-09333500,-110.4074167,38.0971222,0.9566669715222729,77013548,USGS-09521100
USGS-09342500,-107.011,37.26552778,0.9778518951282278,77015093,USGS-09521100
USGS-09346400,-107.312267,37.01361667,0.786758850783766,77013450,USGS-09521100
USGS-09349800,-107.397826,37.08833797,0.30973076397975846,77014457,USGS-09521100
USGS-09352800,-107.5133893,37.4147242,0.19415817153037349,77015010,USGS-09521100
USGS-09352900,-107.5436688,37.47750126,0.6482977416020909,77016387,USGS-09521100
USGS-09353800,-107.5825,37.1661111,0.9326023914806504,77014571,USGS-09521100
USGS-09354500,-107.5994997,37.0094484,0.9868333823223258,77014311,USGS-09521100
USGS-09355500,-107.6986389,36.80188889,0.8315729862479558,77020839,USGS-09521100
USGS-09357000,-107.9814417,36.699675,0.28895979080987966,77020829,USGS-09521100
USGS-09357700,-108.1504806,36.7078861,0.39992754540393693,77020826,USGS-09521100
USGS-09358000,-107.6592278,37.8111077,0.9822446902319254,77016209,USGS-09521100
USGS-09358550,-107.6636723,37.8197187,0.8571437322376467,77018398,USGS-09521100
USGS-09359010,-107.6728392,37.8027744,0.9034888476539127,77016514,USGS-09521100
USGS-09359020,-107.6682222,37.7883333,0.14856900899582132,77015664,USGS-09521100
USGS-09359080,-107.822625,37.66727778,0.47002583605751225,77018075,USGS-09521100
USGS-09359500,-107.7769667,37.59741667,0.07012327999432649,77014715,USGS-09521100
USGS-09361000,-107.8450944,37.4219611,0.677427687247662,77015419,USGS-09521100
USGS-09361500,-107.8803445,37.2791688,0.6361805740354549,77014288,USGS-09521100
USGS-09362520,-107.8725833,37.24926389,0.1949674172408182,77014267,USGS-09521100
USGS-09363500,-107.8753333,37.03656944,0.24301920609643882,77021350,USGS-09521100
USGS-09364010,-108.0229944,36.81836667,0.22558248760646188,77021153,USGS-09521100
USGS-09364200,-108.1024111,36.78364167,0.013792652304371118,77021133,USGS-09521100
USGS-09364500,-108.20175,36.7225,0.8564854643622688,77021133,USGS-09521100
USGS-09365000,-108.2255889,36.72301667,0.8063746870698014,77020825,USGS-09521100
USGS-09367540,-108.403147,36.74028769,0.060491405325154506,77020820,USGS-09521100
USGS-09368000,-108.6830556,36.77666667,0.20444172073729966,77020816,USGS-09521100
USGS-093710009,-108.9655,36.9823611,0.704003692693716,77020924,USGS-09521100
USGS-09371010,-109.0295833,37.00113889,0.20965382119606288,77013348,USGS-09521100
USGS-09371520,-108.7006527,37.3266601,0.5292862668661031,77015326,USGS-09521100
USGS-09372000,-109.015666,37.32415968,0.8961164322468168,77015020,USGS-09521100
USGS-09379500,-109.8666889,37.15067778,0.015980072746788032,77013323,USGS-09521100
USGS-09380000,-111.5878722,36.8643333,0.7518979571067135,77020709,USGS-09521100
USGS-383103106594200,-106.99545,38.51725556,0.6088203752900674,77014276,USGS-09521100
USGS-383926107593001,-107.9922886,38.657207,0.7492372720859776,77015903,USGS-09521100
USGS-385106106571000,-106.9533773,38.85165929,0.12121554437875016,77015789,USGS-09521100
USGS-385450107015700,-107.0340389,38.9144111,0.8948583942690463,77020483,USGS-09521100
USGS-391953108130201,-108.2178056,39.33119444,0.9331754097702323,77006997,USGS-09521100
USGS-394220106431500,-106.7258333,39.705,0.12663990342954096,77006793,USGS-09521100
USGS-09394500,-110.0442837,34.7828076,0.8417284335100493,77027403,USGS-09521100
USGS-09397000,-110.1631768,34.8978039,0.48765104829357486,77027398,USGS-09521100
USGS-09398000,-110.5289306,34.92438889,0.15590375815757013,77027878,USGS-09521100
USGS-09399400,-110.7976357,34.92141094,0.8005851629536147,77028225,USGS-09521100
USGS-09400350,-110.6542806,35.006725,0.47768608725293576,77020921,USGS-09521100
USGS-09402000,-111.5673682,35.9263819,0.2818612633096832,77020864,USGS-09521100
USGS-09402300,-111.7771024,36.1952642,0.6745931693156337,77020855,USGS-09521100
USGS-09402500,-112.0862795,36.10137176,0.8789375811451968,77020686,USGS-09521100
USGS-09404115,-112.761305,36.30581618,0.943914520482758,77021462,USGS-09521100
USGS-09404200,-113.363544,35.7735994,0.8596360282992314,77020652,USGS-09521100
USGS-09404900,-112.9585499,37.16414955,0.8867725486846396,77014700,USGS-09521100
USGS-09405500,-112.9785512,37.2097046,0.10438075309321047,77014814,USGS-09521100
USGS-09406000,-113.1807789,37.2041494,0.04650377956728097,77014275,USGS-09521100
USGS-09406100,-113.285226,37.1969272,0.9524984594503457,77014275,USGS-09521100
USGS-09408135,-113.3532832,37.19248238,0.15405883974819296,77014155,USGS-09521100
USGS-09408150,-113.3952285,37.16276007,0.6856469561849364,77014143,USGS-09521100
USGS-09413200,-113.5838889,37.07,0.05120744336860305,77013287,USGS-09521100
USGS-09413500,-113.6805163,37.0144243,0.5285468867918428,77020747,USGS-09521100
USGS-09413700,-113.8313889,36.92138889,0.3104366900131289,77020743,USGS-09521100
USGS-09415000,-113.9244098,36.8916437,0.08605057695128178,77020740,USGS-09521100
USGS-09416000,-114.6952715,36.7110817,0.6502025587247848,77020993,USGS-09521100
USGS-09419000,-114.5397075,36.64302844,0.04841397460141367,77020977,USGS-09521100
USGS-09419530,-114.3529139,36.4475583,0.01,77020725,USGS-09521100
USGS-094196784,-115.0356667,36.13191667,0.295899921734925,77021577,USGS-09521100
USGS-09419679,-115.0219944,36.10805,0.9681018324998509,77021577,USGS-09521100
USGS-09419698,-115.0000505,36.09152507,0.30291690190759096,77021554,USGS-09521100
USGS-09419700,-114.9858276,36.08747539,0.4472651207084726,77021551,USGS-09521100
USGS-09419747,-114.972225,36.08978889,0.015221498182976257,77021548,USGS-09521100
USGS-09419749,-114.9551833,36.09420556,0.14142417648037603,77021548,USGS-09521100
USGS-09419753,-114.9433194,36.100375,0.254281591985147,77021548,USGS-09521100
USGS-09419800,-114.904992,36.12219816,0.5789471494867322,77021548,USGS-09521100
USGS-09424450,-113.6243774,34.46251664,0.08536625411416418,77027285,USGS-09521100
USGS-09426000,-113.6088195,34.2308539,0.3532931406939227,77027270,USGS-09521100
USGS-09426620,-114.0289806,34.2612361,0.18249313544526188,77027249,USGS-09521100
USGS-09429070,-114.497561,33.72951944,0.9136205458497606,77027738,USGS-09521100
USGS-09429100,-114.4975389,33.7191361,0.04533645181775846,77027112,USGS-09521100
USGS-09429500,-114.472111,32.86758333,0.4431636934149968,77032225,USGS-09521100
USGS-09429600,-114.5149494,32.8122666,0.3045537078612711,77032224,USGS-09521100
USGS-09430020,-108.2419722,33.2218611,0.10171212733623998,77028109,USGS-09521100
USGS-09430030,-108.2062778,33.1797222,0.01,77027929,USGS-09521100
USGS-09430500,-108.5373861,33.06150278,0.7612147827314436,77027499,USGS-09521100
USGS-09431500,-108.6755556,32.72694444,0.9334472649918414,77032332,USGS-09521100
USGS-09432000,-108.8468472,32.64630833,0.20801206884114323,77032321,USGS-09521100
USGS-09439000,-109.0991667,32.72444444,0.2758620689654175,77032313,USGS-09521100
USGS-09442000,-109.3086111,32.96527778,0.2969059765294239,77032299,USGS-09521100
USGS-09444000,-108.88,33.24716667,0.690576740025235,77027850,USGS-09521100
USGS-09444200,-109.1961832,33.29089456,0.8641185251791526,77028056,USGS-09521100
USGS-09444500,-109.2990167,33.05604444,0.01,77032403,USGS-09521100
USGS-09446500,-109.4923173,33.3000815,0.3430889509944677,77028357,USGS-09521100
USGS-09447000,-109.444975,33.06615,0.4193487758916456,77032404,USGS-09521100
USGS-09448500,-109.4796056,32.8827222,0.4144898825641151,77032295,USGS-09521100
USGS-09457000,-109.639262,32.8017604,0.348846397702607,77032508,USGS-09521100
USGS-09466500,-110.2200903,33.18561278,0.811195302440923,77027320,USGS-09521100
USGS-09469500,-110.5312109,33.1695055,0.24649960823463665,77027289,USGS-09521100
USGS-09470500,-110.1112093,31.3801309,0.525721649998057,77032909,USGS-09521100
USGS-09471000,-110.1751028,31.62594167,0.8253538954360052,77032743,USGS-09521100
USGS-09471550,-110.2013333,31.75144444,0.06656031520469557,77032665,USGS-09521100
USGS-09472050,-110.488275,32.44636667,0.027171142930986013,77032493,USGS-09521100
USGS-09474000,-110.9765014,33.1028404,0.03478214545115753,77027210,USGS-09521100
USGS-09482000,-110.980125,31.87150114,0.37638162541924397,77032558,USGS-09521100
USGS-09485450,-110.8289278,32.22083056,0.30196318348787876,77032786,USGS-09521100
USGS-09486500,-111.095875,32.3507222,0.043123897862977684,77032494,USGS-09521100
USGS-09486520,-111.3019667,32.47158889,0.4900262543408217,77032487,USGS-09521100
USGS-09486800,-111.4042667,31.83908056,0.3960399506118435,77033037,USGS-09521100
USGS-09487000,-111.3387473,32.0756601,0.4044235438114137,77032827,USGS-09521100
USGS-09489000,-112.169593,33.23226977,0.6384118424434356,77027523,USGS-09521100
USGS-09489500,-109.7639775,33.47672039,0.5267043631074418,77027903,USGS-09521100
USGS-09490500,-110.2117674,33.71282949,0.9664740690644646,77027775,USGS-09521100
USGS-09494000,-110.166767,33.73644059,0.0921143969381012,77027971,USGS-09521100
USGS-09496500,-110.2809417,33.9858809,0.21280210574612482,77028320,USGS-09521100
USGS-09497500,-110.4998292,33.79810588,0.6688461647173395,77027751,USGS-09521100
USGS-09497800,-110.5576092,33.8431053,0.9692716625916806,77028393,USGS-09521100
USGS-09498500,-110.9215037,33.6194949,0.028627954582118153,77027732,USGS-09521100
USGS-09499000,-111.3034659,33.9800413,0.9201591236519564,77028123,USGS-09521100
USGS-09502000,-111.5765243,33.55282304,0.04942154110943676,77027717,USGS-09521100
USGS-09503700,-112.3429468,34.89502016,0.70253882026637,77027323,USGS-09521100
USGS-09503990,-112.0741667,34.8648611,0.969723163927241,77027601,USGS-09521100
USGS-09504000,-112.065994,34.8522416,0.15206478907173512,77027287,USGS-09521100
USGS-09504420,-111.7619972,34.86153889,0.27134926250663066,77027580,USGS-09521100
USGS-09504500,-111.8909885,34.76446436,0.549826385049847,77027516,USGS-09521100
USGS-09504950,-111.8984306,34.6116972,0.30785542555447537,77027266,USGS-09521100
USGS-09505800,-111.6940356,34.53863606,0.7338577308655745,77028303,USGS-09521100
USGS-09506000,-111.7898705,34.4483605,0.9136792264400964,77027254,USGS-09521100
USGS-09507480,-111.63,34.39430556,0.817170390440546,77029321,USGS-09521100
USGS-09507980,-111.6387561,34.27642068,0.5850688091040926,77028126,USGS-09521100
USGS-09508500,-111.7162569,34.0730922,0.09507890511461296,77027241,USGS-09521100
USGS-09510000,-111.6634729,33.80837509,0.80021991497366,77027234,USGS-09521100
USGS-09511300,-111.6693043,33.5586557,0.6337593303574179,77027224,USGS-09521100
USGS-09512800,-112.1679378,34.01558948,0.06573309754815394,77027894,USGS-09521100
USGS-09513860,-112.1198755,33.72920456,0.5434538860586217,77028871,USGS-09521100
USGS-09516500,-112.6621198,33.88503188,0.01,77027956,USGS-09521100
USGS-09517000,-112.7257391,33.3472844,0.24626537501201734,77027805,USGS-09521100
USGS-09517490,-112.8818423,33.31031984,0.03758028539130318,77027924,USGS-09521100
USGS-09520500,-114.4205019,32.7608789,0.42425278844693787,77032232,USGS-09521100
USGS-09520900,-114.6019333,32.72652778,0.6750420886155387,77032222,USGS-09521100
USGS-09521100,-114.6327306,32.73171354,0.05570426956764531,77032221,USGS-09521100
USGS-09535300,-112.3479399,31.95121357,0.5353221414293974,77032702,USGS-09535300
USGS-10011500,-110.853539,40.9652079,0.011095878841738328,77001021,USGS-10126000
USGS-10016900,-110.9636944,41.2698611,0.4561470868076133,77000956,USGS-10126000
USGS-10020100,-111.0176863,41.4343899,0.5403152220623559,77000929,USGS-10126000
USGS-10020300,-111.0146317,41.505501,0.7040945336123932,77000926,USGS-10126000
USGS-10028500,-110.9868806,41.93795,0.4980380328468457,77000898,USGS-10126000
USGS-10032000,-110.8724064,42.2932662,0.3698389817116828,77002053,USGS-10126000
USGS-10038000,-110.9731972,42.12652778,0.3004278986704528,77000891,USGS-10126000
USGS-10039500,-111.0538022,42.21104338,0.8972796723245052,77000891,USGS-10126000
USGS-10068500,-111.356875,42.4015929,0.7393214141277454,77000880,USGS-10126000
USGS-10092700,-111.92134,42.0129808,0.10791703223557288,77000858,USGS-10126000
USGS-10102220,-111.8751194,41.90695,0.8921488382346007,77001582,USGS-10126000
USGS-10102250,-111.881586,41.8400083,0.9105728178102889,77000855,USGS-10126000
USGS-10105900,-111.8552203,41.5754898,0.2512038439328005,77001761,USGS-10126000
USGS-10109000,-111.7839806,41.74355,0.6555483719731658,77001748,USGS-10126000
USGS-10113500,-111.7361639,41.62400556,0.15326217796018793,77001771,USGS-10126000
USGS-10125500,-112.2295833,42.0297222,0.7216477083399918,77001448,USGS-10126000
USGS-10126000,-112.100782,41.5763213,0.05873429266580661,77000846,USGS-10126000
USGS-10128500,-111.2479652,40.7371721,0.18980506644236167,77007383,USGS-10141000
USGS-10129300,-111.3704716,40.75105998,0.8918583154069606,77007050,USGS-10141000
USGS-10129500,-111.404918,40.79272607,0.5537048471820402,77006887,USGS-10141000
USGS-10130500,-111.4018633,40.89522527,0.3220201754409671,77006729,USGS-10141000
USGS-10131000,-111.4015858,40.92050285,0.9300565977965309,77005783,USGS-10141000
USGS-10132000,-111.437699,40.9677245,0.99,77005775,USGS-10141000
USGS-10133000,-111.5345556,41.06063889,0.9425782536743931,77001848,USGS-10141000
USGS-10133550,-111.6654889,41.0403611,0.6712927213947544,77000723,USGS-10141000
USGS-10133980,-111.5866222,40.8695861,0.41643594998784633,77007509,USGS-10141000
USGS-10134500,-111.6071504,40.92244629,0.4502485179693135,77007339,USGS-10141000
USGS-10136500,-111.8324384,41.1368878,0.09485908134275957,77000713,USGS-10141000
USGS-10136600,-111.9195556,41.1370833,0.40542754911284207,77000713,USGS-10141000
USGS-10137000,-111.9872917,41.2270833,0.99,77000713,USGS-10141000
USGS-10137300,-111.5914167,41.29615278,0.1897965767311618,77002496,USGS-10141000
USGS-10137500,-111.6741004,41.26855226,0.4575313062229641,77002337,USGS-10141000
USGS-10140100,-111.8557727,41.254387,0.07207197590365036,77001664,USGS-10141000
USGS-10140700,-111.9844972,41.23181944,0.8776566742071144,77001664,USGS-10141000
USGS-10141000,-112.0918866,41.2782765,0.44294065148739853,77000705,USGS-10141000
USGS-10149400,-111.3826389,40.07627778,0.3855737999228557,77008396,USGS-10172600
USGS-10150500,-111.5479705,40.0496781,0.1544661061733369,77007066,USGS-10172600
USGS-10153100,-111.639338,40.1788719,0.7684900588350497,77008097,USGS-10172600
USGS-10154200,-111.1687838,40.5577278,0.4518070675992901,77007585,USGS-10172600
USGS-10155000,-111.3145278,40.6051111,0.2627115197480891,77007128,USGS-10172600
USGS-10155200,-111.4332426,40.55439805,0.4056700245297193,77006904,USGS-10172600
USGS-10155500,-111.4635198,40.4841221,0.01,77006717,USGS-10172600
USGS-10156000,-111.4671312,40.4852332,0.9203171791750873,77009144,USGS-10172600
USGS-10163000,-111.7111944,40.23925556,0.37919815578439137,77006494,USGS-10172600
USGS-10164500,-111.6821472,40.4477297,0.19062886499268744,77008916,USGS-10172600
USGS-10168000,-111.898861,40.66430556,0.9635907310969303,77012407,USGS-10172600
USGS-10171000,-111.9232703,40.73355737,0.49440128081706886,77006306,USGS-10172600
USGS-10172600,-111.9540278,40.84734444,0.27197971609430766,77006291,USGS-10172600
USGS-10173450,-112.5168773,37.6227572,0.3987813222837736,77015440,USGS-10224000
USGS-10174500,-112.4302069,37.65109086,0.3289469657186941,77014703,USGS-10224000
USGS-10183500,-112.2077024,38.20609038,0.4076463604680464,77014094,USGS-10224000
USGS-10189000,-112.1477005,38.19636955,0.9520270248177856,77014158,USGS-10224000
USGS-10194200,-112.2885399,38.5794169,0.6121917890584702,77015514,USGS-10224000
USGS-10217000,-111.877705,39.1552387,0.6038449892711115,77005789,USGS-10224000
USGS-10219000,-112.0396557,39.37468029,0.8600764794435525,77005774,USGS-10224000
USGS-10224000,-112.3938338,39.48189754,0.4667812062094839,77005759,USGS-10224000
USGS-10234500,-112.568286,38.2798,0.1511237380417721,77015647,USGS-10234500
USGS-10290500,-119.3246032,38.17214225,0.4187240939084862,77018899,USGS-10302025
USGS-10291500,-119.3259923,38.23880787,0.6959692086378594,77018961,USGS-10302025
USGS-10293000,-119.2148759,38.3276958,0.3314203475082934,77015269,USGS-10302025
USGS-10293500,-119.0479917,38.81371389,0.7300920073807046,77014190,USGS-10302025
USGS-10295000,-119.1442806,38.8774,0.969906870280121,77014120,USGS-10302025
USGS-10296000,-119.4501649,38.3796366,0.01,77015172,USGS-10302025
USGS-10296500,-119.4498872,38.51324495,0.03401608396201471,77014747,USGS-10302025
USGS-10296750,-119.5075,38.63666667,0.9493105082208654,77014547,USGS-10302025
USGS-10297500,-119.427861,38.72806389,0.35211969853932085,77014438,USGS-10302025
USGS-10300000,-119.227377,38.8096366,0.3438138630104091,77014200,USGS-10302025
USGS-10300600,-119.1915833,38.92125,0.40789649828837343,77014083,USGS-10302025
USGS-10301115,-119.1560556,39.02041667,0.30343119276549274,77006091,USGS-10302025
USGS-10301300,-119.1166944,39.12816667,0.8845283678897571,77006091,USGS-10302025
USGS-10301500,-119.0988889,39.1524611,0.2667780986042314,77005715,USGS-10302025
USGS-10301600,-118.929317,39.1032533,0.01,77005690,USGS-10302025
USGS-10301720,-118.8623696,39.0338091,0.15087747968865917,77013452,USGS-10302025
USGS-10301745,-118.8609803,39.01353135,0.3621282375678075,77013452,USGS-10302025
USGS-10302002,-118.8037557,38.94019785,0.2820794940555813,77013447,USGS-10302025
USGS-10302025,-118.727085,38.79103038,0.6407029048927667,77013441,USGS-10302025
USGS-10308200,-119.7648985,38.7146274,0.04820516112383128,77014763,USGS-10312275
USGS-10309000,-119.7060833,38.84519444,0.6155568657742778,77014543,USGS-10312275
USGS-10309010,-119.6918056,38.88013889,0.5994876432051527,77014441,USGS-10312275
USGS-10310000,-119.833789,38.76962765,0.26839205462037846,77016177,USGS-10312275
USGS-10310407,-119.8310126,39.012408,0.42285786716640533,77006093,USGS-10312275
USGS-10311000,-119.7132334,39.10768747,0.25275261390688764,77005629,USGS-10312275
USGS-10311400,-119.6948694,39.18137778,0.6606730658861013,77005628,USGS-10312275
USGS-10311750,-119.5251389,39.28091667,0.28259566236927897,77005623,USGS-10312275
USGS-10312000,-119.311111,39.29166667,0.10656118900726354,77005618,USGS-10312275
USGS-10312150,-119.0462583,39.4639361,0.10191907880480175,77005612,USGS-10312275
USGS-10312275,-118.7259842,39.55880594,0.14165924110140438,77005611,USGS-10312275
USGS-10315500,-115.2564468,41.2526961,0.9211588293723776,77001585,USGS-10335000
USGS-10316500,-115.477003,40.69076057,0.3406146448501726,77012549,USGS-10335000
USGS-10317500,-115.492575,41.17875278,0.7000657390743221,77000922,USGS-10335000
USGS-10318500,-115.6241667,40.93655556,0.47155522593563737,77005781,USGS-10335000
USGS-10319900,-115.7305222,40.6274972,0.17017637286572274,77006576,USGS-10335000
USGS-10320000,-115.8134002,40.6849236,0.4983635775240639,77006522,USGS-10335000
USGS-10321000,-116.009242,40.72769715,0.22522586289590904,77005764,USGS-10335000
USGS-10322000,-116.093575,40.71624444,0.8714698480673951,77005692,USGS-10335000
USGS-10322500,-116.2017444,40.60741747,0.9348772477009607,77005682,USGS-10335000
USGS-10323425,-116.5309216,40.7054675,0.22680442631307007,77005655,USGS-10335000
USGS-10325000,-116.9312118,40.6676885,0.11965428654898758,77005595,USGS-10335000
USGS-10327500,-117.3176168,40.99212549,0.28196099602719693,77000683,USGS-10335000
USGS-10329500,-117.4179047,41.5346175,0.4676838298556536,77002052,USGS-10335000
USGS-10333000,-118.204312,40.6924048,0.6429640983383118,77005449,USGS-10335000
USGS-10335000,-118.3076469,40.4674063,0.6755910638142114,77005433,USGS-10335000
USGS-103366092,-120.0271275,38.8485185,0.24242238824745682,77016769,USGS-10351700
USGS-10336610,-119.9915706,38.9224078,0.7375335607072215,77016769,USGS-10351700
USGS-10336660,-120.1621147,39.107385,0.23294313392589794,77009418,USGS-10351700
USGS-10336780,-119.9724036,38.9199077,0.12631731083320932,77016580,USGS-10351700
USGS-10337500,-120.1443373,39.16627309,0.22755973668272758,77006016,USGS-10351700
USGS-10338000,-120.2054519,39.29627044,0.9194488711551272,77006016,USGS-10351700
USGS-10338500,-120.2343654,39.3235172,0.7256166817450789,77009844,USGS-10351700
USGS-10338700,-120.2079523,39.32099225,0.5335717514980302,77008783,USGS-10351700
USGS-10339410,-120.1194444,39.35305556,0.21472284314276183,77005948,USGS-10351700
USGS-10340500,-120.131587,39.37324026,0.6069611861395962,77008056,USGS-10351700
USGS-10344400,-120.0843395,39.4357137,0.7196822056928356,77007269,USGS-10351700
USGS-10344500,-120.0954502,39.38682549,0.9023138914932661,77007086,USGS-10351700
USGS-10344505,-120.0876722,39.3851589,0.15401130626749931,77005935,USGS-10351700
USGS-10346000,-120.0340602,39.42793648,0.2919839562748204,77005919,USGS-10351700
USGS-10347460,-119.931864,39.50713218,0.5865775019758406,77005904,USGS-10351700
USGS-10348000,-119.7954684,39.53018865,0.6669007905353471,77005895,USGS-10351700
USGS-10348036,-119.7766389,39.5258333,0.8095407241908382,77005895,USGS-10351700
USGS-10348200,-119.7416444,39.51761667,0.20475777495778177,77005884,USGS-10351700
USGS-10349980,-119.712409,39.5129672,0.68564717106252,77007114,USGS-10351700
USGS-10350000,-119.7010198,39.5204672,0.03960542869029233,77005879,USGS-10351700
USGS-10350340,-119.5532362,39.55657878,0.7793830147813529,77005876,USGS-10351700
USGS-10351600,-119.4412872,39.58463448,0.261504224484783,77005868,USGS-10351700
USGS-10351650,-119.2832254,39.63213447,0.08508625329348632,77005855,USGS-10351700
USGS-10351700,-119.3375222,39.7773722,0.62417628561128,77005847,USGS-10351700
USGS-10396000,-118.8675,42.7908333,0.3061496552811092,77001676,USGS-10396000
USGS-12010000,-123.743482,46.3739937,0.7926016610541894,78018499,USGS-12010000
USGS-12013500,-123.6526584,46.65093418,0.14559079773207662,78018157,USGS-12013500
USGS-12020000,-123.277644,46.6173236,0.7585765495894721,78018208,USGS-12031000
USGS-12021800,-123.1018009,46.6256583,0.6120651196969473,78018015,USGS-12031000
USGS-12025000,-122.945126,46.6201042,0.6443669391637773,78018087,USGS-12031000
USGS-12025700,-122.5940086,46.77260276,0.4100018397560634,78019343,USGS-12031000
USGS-12026150,-122.7354019,46.79010157,0.8780346906696358,78019343,USGS-12031000
USGS-12026400,-122.924298,46.7720459,0.7548343249964492,78018080,USGS-12031000
USGS-12027500,-123.0356919,46.7759343,0.7098153931104687,78017932,USGS-12031000
USGS-12031000,-123.3143194,46.93926375,0.01,78017897,USGS-12031000
USGS-12035000,-123.4948838,47.0006512,0.3811562622641525,78017839,USGS-12035000
USGS-12035400,-123.6098648,47.3803354,0.8136263170958247,78016860,USGS-12037400
USGS-12036000,-123.6532235,47.2989784,0.3686367896984262,78016157,USGS-12037400
USGS-12037400,-123.6554417,47.0114831,0.99,78015949,USGS-12037400
USGS-12039500,-123.8893446,47.4575863,0.593186105598726,78015953,USGS-1203951610
USGS-1203951610,-124.1844444,47.35777778,0.8854569870760434,78015858,USGS-1203951610
USGS-12040500,-124.3157227,47.5378275,0.6656320446935915,78015882,USGS-12040500
USGS-12041200,-124.2510329,47.80674726,0.91305566075617,78015888,USGS-12041200
USGS-12042800,-124.3570889,47.8944194,0.07437818096334654,78015943,USGS-12042800
USGS-12043000,-124.3929872,47.96007697,0.3617260569304131,78015753,USGS-12043000
USGS-12043163,-124.6257923,48.2653434,0.4188497422799749,78014766,USGS-12043163
USGS-12043300,-124.3838328,48.24146416,0.8596426406159444,78014660,USGS-12043300
USGS-12045500,-123.5832136,48.05478018,0.8995983293613119,78014054,USGS-12045500
USGS-12048000,-123.1326773,48.0142578,0.8195471447615078,78014055,USGS-12048000
USGS-12052210,-122.9795778,47.78450887,0.013574851384628892,78016323,USGS-12052210
USGS-12054000,-123.011551,47.68398059,0.23599917758222286,78017045,USGS-12054000
USGS-12056500,-123.3298868,47.51425666,0.30119846077949525,78016988,USGS-12061500
USGS-12058790,-123.2034642,47.3964509,0.7265765647359329,78016988,USGS-12061500
USGS-12059500,-123.243186,47.32978387,0.9504490227473479,78016988,USGS-12061500
USGS-12060500,-123.2801586,47.34036949,0.8076999824408647,78016149,USGS-12061500
USGS-12061500,-123.1770995,47.3098151,0.5549691632610186,78015959,USGS-12061500
USGS-12076800,-123.1129292,47.21176109,0.7889188539787699,78016302,USGS-12076800
USGS-12079000,-122.6687354,46.85204488,0.6086125875980466,78019353,USGS-12080010
USGS-12080010,-122.9031686,47.01173227,0.4499302391259992,78015775,USGS-12080010
USGS-12082500,-122.0837194,46.75260766,0.46039653440350065,78018169,USGS-12089500
USGS-12083000,-122.144529,46.74424068,0.7866973911869949,78018341,USGS-12089500
USGS-12086500,-122.3292809,46.83927048,0.8871762780888639,78018009,USGS-12089500
USGS-12087000,-122.3025917,46.85673885,0.3185107324197692,78018227,USGS-12089500
USGS-12088000,-122.2790026,46.88093699,0.01,78018511,USGS-12089500
USGS-12089500,-122.5609345,46.93340268,0.8224284670687755,78017957,USGS-12089500
USGS-12090500,-122.5103822,47.14590298,0.45202447632124215,78016120,USGS-12091500
USGS-12091500,-122.5287173,47.1975694,0.9556549501190252,78016012,USGS-12091500
USGS-12092000,-122.0351092,46.9037164,0.033203376534409704,78015646,USGS-12101500
USGS-12093500,-122.2078708,47.0392396,0.11202843683930185,78015643,USGS-12101500
USGS-12094000,-122.0326105,47.02788105,0.541645904785977,78015567,USGS-12101500
USGS-12095000,-122.0926135,47.13954628,0.16941918197658737,78016138,USGS-12101500
USGS-12096500,-122.2295625,47.18510115,0.6522053661389322,78015560,USGS-12101500
USGS-12096865,-121.6056517,47.0603864,0.8024962765455972,78015785,USGS-12101500
USGS-12097500,-121.6356543,47.1534409,0.9197397668556343,78016441,USGS-12101500
USGS-12097820,-121.8026044,47.1273267,0.6468074129090693,78016472,USGS-12101500
USGS-12097850,-121.8601066,47.1467703,0.12573373569983104,78015719,USGS-12101500
USGS-12099200,-122.0080556,47.17388889,0.952645528885973,78015719,USGS-12101500
USGS-12100490,-122.207876,47.27479497,0.3531903421396708,78015692,USGS-12101500
USGS-12101500,-122.3270652,47.20843358,0.8597701132351392,78015559,USGS-12101500
USGS-12102078,-122.3417673,47.2009047,0.7969780047133656,78016559,USGS-12102078
USGS-12105900,-121.797885,47.2837143,0.07980150696295762,78015961,USGS-12113344
USGS-12106700,-121.8506647,47.30510257,0.23024046935558606,78015961,USGS-12113344
USGS-12108500,-122.059559,47.2756564,0.9476313317563968,78016282,USGS-12113344
USGS-12112600,-122.165396,47.31232289,0.7110607033807481,78016109,USGS-12113344
USGS-12113000,-122.2040082,47.3123228,0.2744063741705261,78015850,USGS-12113344
USGS-12113150,-122.2084556,47.3534111,0.6184424530000522,78015850,USGS-12113344
USGS-12113344,-122.2653999,47.4228775,0.12235461481958945,78015834,USGS-12113344
USGS-12114500,-121.5489688,47.34202406,0.23743578876501,78016700,USGS-12117500
USGS-12115000,-121.6251009,47.3701073,0.6497931050089537,78016700,USGS-12117500
USGS-12115500,-121.6631392,47.35063398,0.0531499197226387,78016735,USGS-12117500
USGS-12116500,-121.7920335,47.4170215,0.6173293600911776,78016113,USGS-12117500
USGS-12117000,-121.846201,47.38646539,0.8322120812312778,78016752,USGS-12117500
USGS-12117500,-121.9545378,47.39368648,0.21075819226483614,78015992,USGS-12117500
USGS-12117600,-121.983448,47.3795458,0.30367333630229104,78015992,USGS-12117500
USGS-12119000,-122.2034547,47.4825999,0.9277890393362446,78015992,USGS-12117500
USGS-12120600,-122.0050964,47.457297,0.20744131039305636,78016823,USGS-12121600
USGS-12121600,-122.0478776,47.55229658,0.10358214471316943,78016206,USGS-12121600
USGS-12131500,-121.3607333,47.71104167,0.33827124263532793,78016072,USGS-12150800
USGS-12134500,-121.6667809,47.83732546,0.1594215460216079,78015902,USGS-12150800
USGS-12135000,-121.682596,47.8639672,0.7941131144259399,78017272,USGS-12150800
USGS-12137290,-121.6267826,47.94732637,0.27713681328729256,78017337,USGS-12150800
USGS-12137800,-121.7973447,47.95926837,0.7793068552973006,78015758,USGS-12150800
USGS-12138160,-121.8153994,47.90732356,0.3028093833533812,78015728,USGS-12150800
USGS-12141300,-121.647864,47.48591189,0.32967448832339064,78016031,USGS-12150800
USGS-12142000,-121.7134437,47.61482536,0.40026997956077986,78016237,USGS-12150800
USGS-12143400,-121.5873213,47.4151086,0.3723031115499898,78016804,USGS-12150800
USGS-12143600,-121.7178847,47.45260396,0.6876309366941188,78016804,USGS-12150800
USGS-12144000,-121.7901109,47.49288017,0.9124207114050382,78016804,USGS-12150800
USGS-12144500,-121.8423157,47.5450765,0.7977821314925782,78015903,USGS-12150800
USGS-12145500,-121.9090047,47.53982388,0.7278249630402209,78016845,USGS-12150800
USGS-12147470,-121.7431972,47.7197222,0.5854292857656834,78017137,USGS-12150800
USGS-12148000,-121.7134457,47.68926929,0.4344858967051716,78017082,USGS-12150800
USGS-12148300,-121.7873379,47.69676817,0.8189559291258633,78017082,USGS-12150800
USGS-12148500,-121.8240056,47.69565678,0.02123715488109076,78016096,USGS-12150800
USGS-12149000,-121.9253969,47.66593399,0.4664446831059431,78015863,USGS-12150800
USGS-12150800,-122.048459,47.830932,0.28200573047799055,78015703,USGS-12150800
USGS-12155300,-122.0731848,47.9348201,0.6271273837847945,78015771,USGS-12155300
USGS-12167000,-122.0476165,48.2614637,0.5716316708778462,78014158,USGS-12167000
USGS-12172000,-121.073432,48.7775862,0.8232457573917253,78014440,USGS-12200500
USGS-12173500,-120.9773162,48.7081426,0.03133746106434432,78014255,USGS-12200500
USGS-12175500,-121.0728964,48.6726287,0.5379629310512064,78014338,USGS-12200500
USGS-12178000,-121.2462348,48.67179229,0.9138452167971305,78014004,USGS-12200500
USGS-12179000,-121.3615155,48.60734468,0.721920977297244,78013998,USGS-12200500
USGS-12179900,-121.3995491,48.6045268,0.7452656583276251,78014540,USGS-12200500
USGS-12180500,-121.417882,48.5609154,0.9631040794009528,78015105,USGS-12200500
USGS-12181000,-121.4298499,48.5337306,0.7412438148871326,78013995,USGS-12200500
USGS-12182500,-121.4154046,48.5262307,0.9604073741597025,78014276,USGS-12200500
USGS-12186000,-121.470652,48.16869195,0.9066433285316163,78014244,USGS-12200500
USGS-12189500,-121.5684634,48.42455859,0.5527971220463194,78014127,USGS-12200500
USGS-12190400,-121.5470573,48.75397,0.32501045762402064,78014398,USGS-12200500
USGS-12193400,-121.7434734,48.54039255,0.8794875236908202,78014185,USGS-12200500
USGS-12194000,-121.770974,48.52428059,0.2378838305298204,78013989,USGS-12200500
USGS-12200500,-122.3354369,48.4448278,0.21158578730374658,78013981,USGS-12200500
USGS-12201500,-122.3382169,48.54594127,0.9576937331758331,78014290,USGS-12201500
USGS-12205000,-121.8443104,48.90595739,0.2507131703241684,78014296,USGS-12213100
USGS-12208000,-122.1065434,48.7792828,0.42684572448151475,78014376,USGS-12213100
USGS-12209490,-122.139296,48.6728524,0.9619381712217622,78015176,USGS-12213100
USGS-12210000,-122.1665191,48.6775743,0.43549436285451004,78014200,USGS-12213100
USGS-12210700,-122.2943049,48.84174,0.7613364336288887,78014129,USGS-12213100
USGS-12211200,-122.3479369,48.91789467,0.2833945204007587,78014112,USGS-12213100
USGS-12211500,-122.4857206,48.9203916,0.855586350486674,78014112,USGS-12213100
USGS-12212050,-122.4790353,48.9386827,0.7509489592284659,78015446,USGS-12213100
USGS-12213100,-122.5893141,48.84479237,0.22520182735396663,78013830,USGS-12213100
USGS-12301250,-115.054461,48.8779472,0.3844968370233616,78014148,USGS-14246900
USGS-12301933,-115.3187194,48.40066389,0.5245343533786536,78013865,USGS-14246900
USGS-12302055,-115.31465,48.35560278,0.916030266624389,78014001,USGS-14246900
USGS-12304500,-115.9701583,48.5617222,0.88650218214599,78013903,USGS-14246900
USGS-12305000,-116.0491944,48.6168833,0.9181302336887303,78013849,USGS-14246900
USGS-12306500,-116.1797222,48.99916667,0.2774725420815165,78013977,USGS-14246900
USGS-12308000,-116.1962389,48.6993,0.2680745711364344,78013846,USGS-14246900
USGS-12321500,-116.5691667,48.9972222,0.5348855081572521,78012087,USGS-14246900
USGS-12322001,-116.5038223,48.9999522,0.9853049077455148,78012016,USGS-14246900
USGS-12323600,-112.8052833,46.1077583,0.5256142986336988,78017512,USGS-14246900
USGS-12323760,-112.9031528,46.13366667,0.7348110425283974,78018390,USGS-14246900
USGS-12323800,-112.76735,46.20824167,0.7102387917536858,78017510,USGS-14246900
USGS-12324200,-112.7425389,46.39765,0.4949976255381355,78017501,USGS-14246900
USGS-12324400,-112.789686,46.5109111,0.9185513560907023,78017496,USGS-14246900
USGS-12324590,-112.7931722,46.5194833,0.9725700881958711,78018044,USGS-14246900
USGS-12324680,-112.9287139,46.58998889,0.1787399727325828,78017489,USGS-14246900
USGS-12329500,-113.2402778,46.4637583,0.8973084785379025,78018145,USGS-14246900
USGS-12330000,-113.2357694,46.47165278,0.8390954019511023,78018403,USGS-14246900
USGS-12331500,-113.1506917,46.62872778,0.327262169157395,78017997,USGS-14246900
USGS-12331800,-113.3307806,46.71191389,0.13714356332079014,78017483,USGS-14246900
USGS-12332000,-113.5015694,46.1845694,0.9074731216425646,78017761,USGS-14246900
USGS-12334510,-113.683061,46.7223361,0.9794691616718014,78017683,USGS-14246900
USGS-12334550,-113.8140306,46.8259111,0.5460753640822491,78017476,USGS-14246900
USGS-12335100,-113.014986,46.9187944,0.7822694485028678,78017635,USGS-14246900
USGS-12338300,-113.092186,46.9794944,0.5193393475410734,78017593,USGS-14246900
USGS-12340000,-113.7563194,46.8994111,0.26926705408588586,78017532,USGS-14246900
USGS-12340500,-113.9321194,46.87676389,0.457744477438733,78017475,USGS-14246900
USGS-12342500,-114.2822944,45.72482778,0.22262793402609324,78020300,USGS-14246900
USGS-12344000,-114.1412333,45.97205,0.8255634918618517,78019935,USGS-14246900
USGS-12350250,-114.1237667,46.4432,0.4387972123601127,78017565,USGS-14246900
USGS-12352500,-114.054861,46.83173889,0.0296119248383696,78017554,USGS-14246900
USGS-12353000,-114.1277472,46.8686333,0.09624811672937471,78017471,USGS-14246900
USGS-12354000,-115.122625,47.2967111,0.99,78015927,USGS-14246900
USGS-12354500,-115.0868694,47.30163889,0.06708234132610055,78015515,USGS-14246900
USGS-12355500,-114.1267639,48.4957972,0.2519170345828376,78013901,USGS-14246900
USGS-12358500,-114.0102083,48.49551667,0.17314234237610987,78013776,USGS-14246900
USGS-12359800,-113.5606833,47.9790972,0.9519193776910677,78015843,USGS-14246900
USGS-12362500,-114.0378583,48.35657778,0.5757976532527632,78013953,USGS-14246900
USGS-12363000,-114.18495,48.3618111,0.3428169560250072,78013772,USGS-14246900
USGS-12365700,-114.313736,48.21725,0.8450411284581567,78014126,USGS-14246900
USGS-12366000,-114.2785944,48.3201861,0.6931168664258486,78014169,USGS-14246900
USGS-12370000,-113.9788194,48.02423056,0.9277282176780709,78014053,USGS-14246900
USGS-12372000,-114.2467278,47.6802861,0.4266173821364922,78015546,USGS-14246900
USGS-12377150,-113.9878917,47.32019167,0.3597126648069725,78016721,USGS-14246900
USGS-12381400,-113.850736,47.19555,0.99,78016508,USGS-14246900
USGS-12388700,-114.585,47.36679167,0.1107395680072096,78015536,USGS-14246900
USGS-12389000,-114.8565333,47.4292,0.08888686244686009,78015509,USGS-14246900
USGS-12389500,-115.229536,47.5918583,0.840514861607898,78015705,USGS-14246900
USGS-12390700,-115.3551,47.5860611,0.018344245973773893,78016011,USGS-14246900
USGS-12391950,-116.0727778,48.08805556,0.4207118980194018,78013761,USGS-14246900
USGS-12392155,-116.1816667,48.15166667,0.8780094448323315,78014351,USGS-14246900
USGS-12393501,-116.9085833,48.4880333,0.3221997599710098,78013906,USGS-14246900
USGS-12395000,-116.9146429,48.20852,0.7304721344208525,78013896,USGS-14246900
USGS-12395500,-117.0341667,48.1822222,0.5011368284541365,78013743,USGS-14246900
USGS-12396500,-117.4163559,48.78102736,0.33656248198795147,78013727,USGS-14246900
USGS-12398600,-117.3535794,48.99881409,0.34635941191073716,78011906,USGS-14246900
USGS-12399500,-117.6294206,49.00074966,0.058664172303389564,78013723,USGS-14246900
USGS-12401500,-118.7664259,48.98128428,0.4328954236039214,78013893,USGS-14246900
USGS-12404500,-118.216401,48.9842824,0.06169014788562095,78013824,USGS-14246900
USGS-12409000,-118.0624887,48.5943461,0.5479904709061497,78014104,USGS-14246900
USGS-12411000,-115.9791667,47.7061111,0.9452156837590449,78015712,USGS-14246900
USGS-12413000,-116.2528,47.5722,0.7713188390767829,78015684,USGS-14246900
USGS-12413125,-115.9147222,47.4725,0.99,78016909,USGS-14246900
USGS-12413131,-115.9284444,47.47518056,0.7371279166063088,78016112,USGS-14246900
USGS-12413210,-116.0925,47.53138889,0.23056482962597735,78016004,USGS-14246900
USGS-12413355,-116.2197222,47.5483333,0.9649359110032898,78016004,USGS-14246900
USGS-12413470,-116.2362917,47.5513111,0.4942882976748035,78015930,USGS-14246900
USGS-12413500,-116.3246222,47.5548222,0.6441267935539788,78015680,USGS-14246900
USGS-12413860,-116.7330556,47.4786111,0.41847775242102075,78015672,USGS-14246900
USGS-12413875,-115.3532001,47.05602858,0.99,78015626,USGS-14246900
USGS-12414500,-116.1888889,47.2744444,0.4048423832306403,78015603,USGS-14246900
USGS-12414900,-116.4933333,47.1761111,0.9806308789472,78015635,USGS-14246900
USGS-12415135,-116.6755556,47.3522222,0.1445306489450444,78015597,USGS-14246900
USGS-12417650,-116.8152778,47.6947222,0.8888893177255665,78015588,USGS-14246900
USGS-12419000,-116.9779747,47.70295737,0.4901050833281011,78015586,USGS-14246900
USGS-12422000,-117.3646571,47.67905905,0.8503156200072185,78015583,USGS-14246900
USGS-12422500,-117.4491029,47.6593354,0.9076827557571822,78015582,USGS-14246900
USGS-12422990,-117.0407304,47.2026758,0.5918301012879807,78016068,USGS-14246900
USGS-12424000,-117.449658,47.6526688,0.9050674863668734,78015836,USGS-14246900
USGS-12426000,-117.5455016,47.78044505,0.539144914844859,78015579,USGS-14246900
USGS-12431000,-117.4043856,47.78461388,0.684362315230323,78015650,USGS-14246900
USGS-12431500,-117.4963338,47.78100099,0.6533384466362503,78015649,USGS-14246900
USGS-12433000,-117.8413478,47.8365534,0.9160773142092824,78015577,USGS-14246900
USGS-12433200,-117.858294,47.8632201,0.6654637869479839,78015738,USGS-14246900
USGS-12434590,-118.6914018,48.08432459,0.58043686883629,78014117,USGS-14246900
USGS-12439500,-119.4203419,48.9307184,0.2334897793671944,78013823,USGS-14246900
USGS-12442500,-119.6184098,48.98460109,0.215185119609,78013968,USGS-14246900
USGS-12445000,-119.4617229,48.632375,0.8933835737184384,78013812,USGS-14246900
USGS-12446995,-119.6217229,48.40515066,0.5850887408526805,78014393,USGS-14246900
USGS-12447200,-119.7045047,48.2812606,0.046174757814729815,78013801,USGS-14246900
USGS-12447383,-120.385861,48.57425,0.8708934329500038,78014181,USGS-14246900
USGS-12448000,-120.1864734,48.4770898,0.9704190042507115,78014133,USGS-14246900
USGS-12448500,-120.1773063,48.4734787,0.15023625729319698,78014125,USGS-14246900
USGS-12448998,-120.148693,48.3698671,0.6227529066286757,78014186,USGS-14246900
USGS-12449500,-120.1161917,48.36514507,0.06020659637693415,78014111,USGS-14246900
USGS-12449950,-119.9850723,48.0773639,0.19486634363215743,78014092,USGS-14246900
USGS-12451000,-120.6917668,48.32958017,0.7278603738549421,78014191,USGS-14246900
USGS-12452800,-120.4231438,47.81846178,0.800043437657491,78015749,USGS-14246900
USGS-12452890,-120.3686962,47.7367943,0.8242396250739387,78016046,USGS-14246900
USGS-12452990,-120.250634,47.663185,0.5284935105830944,78015708,USGS-14246900
USGS-12456500,-120.6622862,47.8373111,0.31860629153236836,78015734,USGS-14246900
USGS-12457000,-120.6661735,47.76286656,0.7027188952209895,78015711,USGS-14246900
USGS-12458000,-120.720059,47.54092147,0.8590268927949885,78016007,USGS-14246900
USGS-12459000,-120.6195014,47.5831447,0.44711606302512336,78015690,USGS-14246900
USGS-12462500,-120.4244935,47.4992578,0.29046303197404144,78015681,USGS-14246900
USGS-12465000,-118.8499972,47.36038447,0.46188440020468274,78015831,USGS-14246900
USGS-12467000,-119.265855,47.1893085,0.2405411366857353,78015820,USGS-14246900
USGS-12472600,-119.8311276,46.8298196,0.3084517211173341,78017530,USGS-14246900
USGS-12472800,-119.8647355,46.6287084,0.6273016842615,78017419,USGS-14246900
USGS-12484500,-120.480067,46.8626264,0.9394270154279201,78017721,USGS-14246900
USGS-12488500,-121.168696,46.97761606,0.9455750715401416,78018410,USGS-14246900
USGS-12500450,-120.4672519,46.53425817,0.4999999999998259,78017627,USGS-14246900
USGS-12502500,-120.4733968,46.53596038,0.6333938058305585,78017976,USGS-14246900
USGS-12506000,-120.788125,46.3109589,0.46665242060572587,78018141,USGS-14246900
USGS-12508990,-119.9994537,46.23120786,0.07667766349534462,78017613,USGS-14246900
USGS-12510500,-119.4780794,46.25346748,0.9247240099776257,78017609,USGS-14246900
USGS-13010065,-110.6675,44.09888889,0.7183867186351326,78022244,USGS-14246900
USGS-13011000,-110.5866219,43.85851819,0.14615901152418215,78024200,USGS-14246900
USGS-13011500,-110.5171751,43.8510187,0.886342521626539,78024332,USGS-14246900
USGS-13011900,-110.4408333,43.83805556,0.7135481157831096,78024601,USGS-14246900
USGS-13013650,-110.7154722,43.65405556,0.09401951151446425,78024194,USGS-14246900
USGS-13014500,-110.6230556,43.62088889,0.5148732074050348,78024551,USGS-14246900
USGS-13015000,-110.7627778,43.5572222,0.9116047186945387,78024551,USGS-14246900
USGS-13016305,-110.8058333,43.60316667,0.7213477705777044,78025930,USGS-14246900
USGS-13016450,-110.8716,43.50076005,0.6075838470236942,78024883,USGS-14246900
USGS-13018350,-110.7970278,43.4583611,0.2824508335154277,78024759,USGS-14246900
USGS-13018750,-110.7386111,43.3722222,0.2933892498274619,78024190,USGS-14246900
USGS-13019500,-110.6801944,43.30527778,0.22813183873476858,78024552,USGS-14246900
USGS-13022500,-110.8894444,43.1961111,0.046326304868693866,78024184,USGS-14246900
USGS-13023000,-110.9769444,43.14305556,0.6902206410127248,78024341,USGS-14246900
USGS-13025500,-111.0077309,42.67491237,0.9097423406191297,78027167,USGS-14246900
USGS-13027500,-111.0372222,43.0797222,0.15581897928714955,78024173,USGS-14246900
USGS-13032500,-111.2188889,43.3508333,0.5665495235790666,78024158,USGS-14246900
USGS-13037500,-111.66,43.6125,0.16576306047499073,78024140,USGS-14246900
USGS-13038500,-111.8780556,43.73527778,0.7913148509566574,78024140,USGS-14246900
USGS-13039500,-111.3497222,44.5944444,0.38980387561160595,78022608,USGS-14246900
USGS-13042500,-111.3947222,44.41666667,0.970237303113681,78022223,USGS-14246900
USGS-13046000,-111.5105556,44.0697222,0.6345290785619478,78022109,USGS-14246900
USGS-13046995,-111.1519444,44.06194444,0.09713446877460569,78022257,USGS-14246900
USGS-13047500,-111.2413889,44.0686111,0.3835429977139597,78022257,USGS-14246900
USGS-13047600,-111.358611,44.0561111,0.7603712131884927,78022257,USGS-14246900
USGS-13049500,-111.5666667,44.0183333,0.8304545897138401,78021718,USGS-14246900
USGS-13050500,-111.6725,43.96694444,0.03336607351662239,78024051,USGS-14246900
USGS-13052200,-111.2091667,43.78194444,0.37226041910279867,78024671,USGS-14246900
USGS-13055000,-111.6138889,43.9272222,0.04520954579453202,78024481,USGS-14246900
USGS-13055250,-111.7577778,43.8875,0.47149011813402897,78026304,USGS-14246900
USGS-13055340,-111.7777778,43.835,0.272126093128262,78024468,USGS-14246900
USGS-13056500,-111.905,43.8258333,0.3616214399889765,78024048,USGS-14246900
USGS-13057000,-111.9791667,43.75277778,0.4031342017051914,78024045,USGS-14246900
USGS-13057155,-112.058611,43.6047222,0.7468287331108009,78024040,USGS-14246900
USGS-13057940,-111.7283333,43.44194444,0.043965738009636,78024090,USGS-14246900
USGS-13058000,-111.746111,43.5833333,0.1715250854350798,78024083,USGS-14246900
USGS-13060000,-112.135,43.41305556,0.5964798279022356,78024037,USGS-14246900
USGS-13062500,-112.3691667,43.1975,0.22489393024599205,78024033,USGS-14246900
USGS-13063000,-111.5066667,42.81527778,0.38627699194973675,78026978,USGS-14246900
USGS-13066000,-112.0477778,43.26277778,0.11965109574605327,78024156,USGS-14246900
USGS-13068300,-112.3347222,43.1683333,0.40135801935255727,78024060,USGS-14246900
USGS-13068500,-112.4766667,43.13055556,0.889975597171136,78024060,USGS-14246900
USGS-13069500,-112.5188889,43.12527778,0.04321836989406326,78026492,USGS-14246900
USGS-13071010,-111.934211,42.8697472,0.7290929446582315,78026784,USGS-14246900
USGS-13072400,-112.001636,42.7435361,0.99,78026747,USGS-14246900
USGS-13073000,-112.0880556,42.6247222,0.15597942618725671,78026724,USGS-14246900
USGS-13074400,-112.2520694,42.7918333,0.9375092192822273,78026708,USGS-14246900
USGS-13075000,-112.2255556,42.63,0.2371203900517722,78026918,USGS-14246900
USGS-13075500,-112.4680556,42.87166667,0.35651559862795595,78026697,USGS-14246900
USGS-13075910,-112.5444444,42.9447222,0.7821039084315916,78026697,USGS-14246900
USGS-13075983,-112.55,43.0425,0.62814315974815,78026841,USGS-14246900
USGS-13077000,-112.8794444,42.7675,0.45195401865799756,78026484,USGS-14246900
USGS-13081500,-113.5002778,42.67277778,0.22967082495981886,78026471,USGS-14246900
USGS-13082500,-113.9355556,42.1261111,0.1455621623633235,78026669,USGS-14246900
USGS-13090500,-114.4763889,42.6061111,0.1412634913486833,78026458,USGS-14246900
USGS-13092747,-114.4947222,42.5625,0.9440887262616015,78026965,USGS-14246900
USGS-13093383,-114.6287528,42.6518222,0.6912387184288888,78026456,USGS-14246900
USGS-13094000,-114.7122222,42.6658333,0.21305180295271414,78026454,USGS-14246900
USGS-13095500,-114.8102778,42.7075,0.11572022379894883,78026923,USGS-14246900
USGS-13105000,-114.688611,41.9447222,0.0531636545252926,78028163,USGS-14246900
USGS-13108150,-114.8552778,42.69638889,0.8479691748147493,78026566,USGS-14246900
USGS-13116500,-112.4102778,44.25916667,0.08726405842546947,78022310,USGS-13116500
USGS-13118700,-113.2452778,44.1386111,0.01,78022285,USGS-13119000
USGS-13119000,-113.0880556,43.87027778,0.3077577010758368,78024118,USGS-13119000
USGS-13120500,-114.021111,43.9983333,0.44197059916677084,78022044,USGS-13130300
USGS-13127000,-113.6483333,43.93916667,0.25683333980756734,78024248,USGS-13130300
USGS-13130300,-113.4666694,43.859375,0.664777692250131,78024238,USGS-13130300
USGS-13131000,-113.5147222,43.7336111,0.38203246863931173,78024854,USGS-13131000
USGS-13135500,-114.4250556,43.78626389,0.9651003264983465,78024970,USGS-14246900
USGS-13135520,-114.4191667,43.7861111,0.985248902570988,78026254,USGS-14246900
USGS-13136550,-114.4055167,43.6830972,0.8323157932789466,78025101,USGS-14246900
USGS-13137300,-114.3243806,43.72319444,0.25039762448394326,78024983,USGS-14246900
USGS-13137500,-114.362261,43.67421667,0.9298136728032116,78024983,USGS-14246900
USGS-13138000,-114.3302778,43.60305556,0.8612292420640686,78025022,USGS-14246900
USGS-13139510,-114.3216667,43.5172222,0.5968354712447899,78024573,USGS-14246900
USGS-13140335,-114.2677389,43.4679833,0.5246403535351866,78024565,USGS-14246900
USGS-13140800,-114.3191667,43.32916667,0.8746853349279394,78024521,USGS-14246900
USGS-13141500,-114.5419444,43.33277778,0.04867230384859957,78024493,USGS-14246900
USGS-13142500,-114.3566667,43.24805556,0.22499217627934368,78024471,USGS-14246900
USGS-13147900,-114.0572222,43.49305556,0.04788176732735815,78024822,USGS-14246900
USGS-13148500,-113.9997222,43.39,0.21536059367279523,78024724,USGS-14246900
USGS-13150430,-114.10835,43.3233611,0.3027313514662314,78024810,USGS-14246900
USGS-13152500,-114.8030556,42.88638889,0.762741259932974,78026520,USGS-14246900
USGS-13154500,-115.2025,43.0022222,0.3730241245711985,78026439,USGS-14246900
USGS-13161500,-115.6745268,41.9332368,0.6779039359547709,78028215,USGS-14246900
USGS-13168500,-115.7202778,42.7711111,0.1501058976308388,78026690,USGS-14246900
USGS-13172500,-116.3906389,43.25481389,0.7457150122509455,78024020,USGS-14246900
USGS-13174500,-115.8448067,41.68879428,0.9402744221513427,78028265,USGS-14246900
USGS-13175100,-115.9892597,41.8604583,0.25753417345091983,78028221,USGS-14246900
USGS-13176400,-116.8684417,42.26136944,0.4548461754227721,78026561,USGS-14246900
USGS-13181000,-117.6491667,42.86638889,0.1302483035501181,78026539,USGS-14246900
USGS-13183000,-117.2558333,43.65444444,0.3708300799137842,78024072,USGS-14246900
USGS-13185000,-115.7252778,43.66805556,0.40465478764447527,78024312,USGS-14246900
USGS-13186000,-115.3080556,43.4958333,0.6740643574880394,78024520,USGS-14246900
USGS-13190500,-115.4775,43.3436111,0.9505704804045556,78024476,USGS-14246900
USGS-13200000,-115.9897222,43.64805556,0.584339132366532,78024672,USGS-14246900
USGS-13206000,-116.2791667,43.66055556,0.42109179922359363,78024287,USGS-14246900
USGS-13206305,-116.353611,43.67527778,0.1756993370520314,78024286,USGS-14246900
USGS-13210045,-116.5587056,43.68175556,0.5107693670905911,78024284,USGS-14246900
USGS-13210831,-116.6181917,43.70210556,0.9199539205745595,78025047,USGS-14246900
USGS-13211205,-116.7011306,43.67735278,0.8547533669186759,78024274,USGS-14246900
USGS-13212890,-116.8893167,43.73071667,0.9630885754009081,78024474,USGS-14246900
USGS-13213000,-116.9727778,43.78166667,0.8517011585955587,78024271,USGS-14246900
USGS-13213100,-116.9825,43.8761111,0.20747131407207597,78024001,USGS-14246900
USGS-13215480,-118.1750583,43.5190833,0.10260103297331222,78024536,USGS-14246900
USGS-13233300,-117.2188889,43.9875,0.956697275742418,78024058,USGS-14246900
USGS-13235000,-115.6222222,44.08527778,0.9622422738924633,78021942,USGS-14246900
USGS-13236500,-115.6419444,44.29194444,0.3717743847807691,78022428,USGS-14246900
USGS-13237920,-115.9822222,44.1086111,0.4516477504105544,78022214,USGS-14246900
USGS-13239000,-116.1191667,44.9072222,0.2563475949931611,78022034,USGS-14246900
USGS-13240000,-115.9972222,44.9136111,0.140109979897001,78022737,USGS-14246900
USGS-13246000,-116.1072222,44.11416667,0.8591349144915059,78021930,USGS-14246900
USGS-13247500,-116.1966667,43.9433333,0.09694612708494658,78024254,USGS-14246900
USGS-13249500,-116.4427778,43.93055556,0.46477004574674297,78024239,USGS-14246900
USGS-13250000,-116.6277778,43.8961111,0.13748905375125173,78024227,USGS-14246900
USGS-13251000,-116.9252778,44.0422222,0.5546646438356666,78021830,USGS-14246900
USGS-13258500,-116.6433333,44.5794444,0.698595760552623,78021805,USGS-14246900
USGS-13265500,-116.7826306,44.2918111,0.9778034368728268,78022307,USGS-14246900
USGS-13266000,-116.7722222,44.27,0.2818651646111601,78021786,USGS-14246900
USGS-13269000,-116.9808333,44.24555556,0.2298432654235686,78021677,USGS-14246900
USGS-13295000,-114.931111,44.2225,0.9644996319564646,78022501,USGS-14246900
USGS-13296000,-114.7338889,44.27888889,0.9120532968721703,78022432,USGS-14246900
USGS-13296500,-114.7327778,44.2683333,0.035289755400829056,78021813,USGS-14246900
USGS-13297380,-114.3267583,44.26664167,0.9104993971013416,78021793,USGS-14246900
USGS-13302005,-114.0469444,44.69166667,0.9853520783293217,78022195,USGS-14246900
USGS-13302500,-113.8952778,45.1836111,0.7362261195955195,78019850,USGS-14246900
USGS-13304700,-113.5658778,44.80256667,0.5181085098353101,78022220,USGS-14246900
USGS-13305000,-113.6391667,44.94,0.9694454086515236,78022183,USGS-14246900
USGS-13305310,-113.7988889,45.13277778,0.7197356178114582,78019901,USGS-14246900
USGS-13306370,-114.2366667,45.0897222,0.41495411665967824,78019997,USGS-14246900
USGS-13307000,-114.44,45.3225,0.8158145849821931,78019825,USGS-14246900
USGS-13309220,-115.0143472,44.7215194,0.7852349514069115,78022130,USGS-14246900
USGS-13310199,-114.5963889,45.2936111,0.20131263916266173,78019888,USGS-14246900
USGS-13310700,-115.725,44.9869444,0.8464818308740235,78020032,USGS-14246900
USGS-13311250,-115.3366944,44.93477778,0.9785096740293776,78023907,USGS-14246900
USGS-13313000,-115.5,44.96166667,0.9762140846266543,78022315,USGS-14246900
USGS-13316500,-116.3252778,45.41305556,0.45085833898534333,78019884,USGS-14246900
USGS-13317000,-116.3238889,45.75027778,0.9548503791079496,78019782,USGS-14246900
USGS-13317660,-116.9169444,46.00305556,0.5323276297156124,78017466,USGS-14246900
USGS-13331500,-117.7265892,45.6198669,0.9618287773079193,78020203,USGS-14246900
USGS-13333000,-117.4510089,45.9457019,0.016007768026340248,78019945,USGS-14246900
USGS-13334300,-116.9776916,46.09706985,0.1773239089373601,78017465,USGS-14246900
USGS-13335050,-117.0560319,46.3406798,0.9281463977789121,78018074,USGS-14246900
USGS-13336500,-115.5138889,46.08666667,0.9839291063214424,78017697,USGS-14246900
USGS-13337000,-115.5872222,46.1508333,0.5712950854511393,78017893,USGS-14246900
USGS-13337095,-115.866161,46.0470361,0.26882594748070937,78017768,USGS-14246900
USGS-13338500,-115.9766667,46.08638889,0.1129692571179913,78017742,USGS-14246900
USGS-13338950,-116.0697972,46.2114194,0.07340980687408494,78018006,USGS-14246900
USGS-13340000,-116.2575,46.4783333,0.04758787433063731,78017670,USGS-14246900
USGS-13340600,-115.621111,46.84055556,0.99,78017906,USGS-14246900
USGS-13341050,-116.3925,46.50027778,0.6238445435771952,78017669,USGS-14246900
USGS-13341140,-116.4183028,46.4679333,0.08174440178519968,78018070,USGS-14246900
USGS-13342450,-116.806111,46.42638889,0.27067316874829883,78018093,USGS-14246900
USGS-13342500,-116.8275,46.4483333,0.08928988915795881,78017661,USGS-14246900
USGS-13344500,-118.0663393,46.5054217,0.13945446843731044,78017946,USGS-14246900
USGS-13345000,-116.951111,46.91527778,0.06068252795074817,78017726,USGS-14246900
USGS-13348000,-117.1810048,46.7323856,0.99,78018152,USGS-14246900
USGS-13351000,-118.1488494,46.7584831,0.9543189246207272,78017520,USGS-14246900
USGS-14013000,-118.1185586,46.00789299,0.7226471065622709,78017656,USGS-14246900
USGS-14013700,-118.2282912,46.0856932,0.24366898630037503,78017649,USGS-14246900
USGS-14015000,-118.2735722,46.0762483,0.37938334211843755,78017649,USGS-14246900
USGS-14015350,-118.4505028,46.05126667,0.9056461451208485,78017649,USGS-14246900
USGS-14018500,-118.7296888,46.02760945,0.7893522063709325,78017581,USGS-14246900
USGS-14020000,-118.3232913,45.71957668,0.20533901370126592,78020347,USGS-14246900
USGS-14020300,-118.3544472,45.689125,0.8991763979806133,78020302,USGS-14246900
USGS-14020850,-118.736649,45.67151937,0.9022788430621815,78020169,USGS-14246900
USGS-14033500,-119.3270833,45.9026944,0.8832263727199289,78020097,USGS-14246900
USGS-14036860,-118.5760531,44.35793778,0.16921811847103643,78022732,USGS-14246900
USGS-14038530,-118.9063419,44.41848897,0.48820617893208546,78022278,USGS-14246900
USGS-14043840,-118.7943083,44.692625,0.9810396435549339,78022313,USGS-14246900
USGS-14044000,-119.1413686,44.88876388,0.7921858128064053,78022152,USGS-14246900
USGS-14046000,-119.4316565,44.8137582,0.06603289475802798,78021707,USGS-14246900
USGS-14046500,-120.006677,44.7937468,0.6387427288603653,78021698,USGS-14246900
USGS-14048000,-120.4094919,45.5876278,0.5372292133265952,78019727,USGS-14246900
USGS-14076500,-121.3211558,44.4987293,0.09224633084517754,78021871,USGS-14246900
USGS-14087380,-121.2328728,44.4268972,0.23522049714915916,78021859,USGS-14246900
USGS-14087400,-121.298377,44.4923407,0.6850489335184992,78021859,USGS-14246900
USGS-14091500,-121.4839433,44.6262275,0.6489366957324556,78022273,USGS-14246900
USGS-14092500,-121.2469939,44.72595225,0.3607924299012015,78021849,USGS-14246900
USGS-14092750,-121.633397,44.75039516,0.16297250882581385,78023764,USGS-14246900
USGS-14093000,-121.2364393,44.7642856,0.7959365315009413,78022275,USGS-14246900
USGS-14096850,-121.3942286,44.9587272,0.01,78021828,USGS-14246900
USGS-14097100,-121.1497735,44.8565087,0.4004730261562028,78021817,USGS-14246900
USGS-14101500,-121.095022,45.2414782,0.623454892868356,78020161,USGS-14246900
USGS-14103000,-120.9056203,45.6220678,0.6353676275638953,78019827,USGS-14246900
USGS-14105700,-121.1899167,45.60827778,0.14788360463190398,78019674,USGS-14246900
USGS-14107000,-121.2450474,46.26480648,0.8719681265427197,78018182,USGS-14246900
USGS-14111400,-121.102295,45.962345,0.4824066254126492,78019879,USGS-14246900
USGS-14113000,-121.2100714,45.75651098,0.6914464041930294,78019869,USGS-14246900
USGS-14120000,-121.5488,45.6545,0.9295860414780792,78020272,USGS-14246900
USGS-14123500,-121.5270176,45.7520637,0.6066827166398779,78019961,USGS-14246900
USGS-14137000,-122.1373068,45.3995642,0.498245329944804,78020238,USGS-14246900
USGS-14138850,-122.0123049,45.4981743,0.4503806240122387,78020663,USGS-14246900
USGS-14139800,-122.1095292,45.444564,0.6880016400798692,78021143,USGS-14246900
USGS-14140000,-122.1796556,45.4373,0.6592782946239701,78020325,USGS-14246900
USGS-14141500,-122.1714746,45.41539777,0.7735748779732747,78021115,USGS-14246900
USGS-14142500,-122.2450885,45.4490094,0.0459098919071589,78020148,USGS-14246900
USGS-14144700,-122.6734306,45.62067265,0.4985603044538519,78019655,USGS-14246900
USGS-14145500,-122.4378256,43.72095655,0.8354692085241995,78024606,USGS-14246900
USGS-14148000,-122.5608879,43.80123517,0.29572312455945204,78024531,USGS-14246900
USGS-14150000,-122.8372967,43.9456815,0.9416783199406514,78024498,USGS-14246900
USGS-14150800,-122.6886762,43.9142924,0.5738837532738298,78025058,USGS-14246900
USGS-14151000,-122.774794,43.94429299,0.4563505320379107,78024327,USGS-14246900
USGS-14152000,-122.9059126,43.99818166,0.05015107000439357,78021764,USGS-14246900
USGS-14152500,-123.0859089,43.64151015,0.41362861017296365,78025000,USGS-14246900
USGS-14153500,-123.0497994,43.72067785,0.2562542412233102,78024815,USGS-14246900
USGS-14154500,-122.8744444,43.73527778,0.5614439037361295,78024741,USGS-14246900
USGS-14155500,-122.9914655,43.7929012,0.7077980027118274,78024645,USGS-14246900
USGS-14157500,-122.96647,43.98040324,0.11134498231026593,78022043,USGS-14246900
USGS-14158500,-121.9956172,44.3609545,0.5281123070995289,78022530,USGS-14246900
USGS-14158740,-122.0368056,44.28638889,0.8783881501092355,78022422,USGS-14246900
USGS-14158790,-122.0470074,44.3345666,0.16798273725683627,78023280,USGS-14246900
USGS-14158798,-122.0485833,44.28988889,0.8072744945012367,78023280,USGS-14246900
USGS-14158850,-122.0497826,44.2679001,0.19767537672956356,78022343,USGS-14246900
USGS-14159100,-122.154,44.16269444,0.825547916179418,78022458,USGS-14246900
USGS-14159200,-122.2178245,44.047067,0.150255029816037,78022027,USGS-14246900
USGS-14159500,-122.248391,44.13595817,0.47195761198578673,78022004,USGS-14246900
USGS-14161500,-122.256733,44.2095708,0.9291285563687274,78023116,USGS-14246900
USGS-14162200,-122.3331192,44.16234819,0.8559240181897232,78022648,USGS-14246900
USGS-14162500,-122.47062,44.1248487,0.25392407739136347,78021960,USGS-14246900
USGS-14163000,-122.5730333,44.1460861,0.9401981905430489,78022672,USGS-14246900
USGS-14163150,-122.6275715,44.123738,0.19372109569723392,78021947,USGS-14246900
USGS-14163900,-122.7711874,44.0698492,0.6459541765389216,78021947,USGS-14246900
USGS-14164550,-122.8846667,44.07066667,0.902393534788149,78022985,USGS-14246900
USGS-14164900,-122.9645273,44.0712365,0.8608741150907792,78021933,USGS-14246900
USGS-14165000,-122.9573052,44.09290317,0.7647826031423024,78022384,USGS-14246900
USGS-14165500,-123.0469722,44.11305556,0.6746926585949014,78021926,USGS-14246900
USGS-14166000,-123.1737036,44.27040126,0.7753756000535897,78021760,USGS-14246900
USGS-14166500,-123.4262097,44.04984478,0.07888636794264171,78022488,USGS-14246900
USGS-14169000,-123.3003056,44.1226111,0.19004648867379528,78021753,USGS-14246900
USGS-14170000,-123.296361,44.3128333,0.3521865227793038,78021751,USGS-14246900
USGS-14171000,-123.334,44.525,0.9033960155070706,78022276,USGS-14246900
USGS-14171600,-123.2568056,44.5663611,0.06761491944763631,78021747,USGS-14246900
USGS-14173500,-123.1284722,44.62002778,0.8147339437687305,78022132,USGS-14246900
USGS-14174000,-123.1067616,44.6387328,0.015533917794757797,78021743,USGS-14246900
USGS-14178000,-122.1011859,44.7067885,0.1099722600661806,78022292,USGS-14246900
USGS-14179000,-122.1289648,44.75262179,0.6260868299258289,78022438,USGS-14246900
USGS-14180300,-122.130908,44.65289999,0.40360745122808517,78023619,USGS-14246900
USGS-14181500,-122.2974444,44.75377778,0.36019977068409453,78022215,USGS-14246900
USGS-14182500,-122.5789738,44.7915108,0.8649307355316933,78022486,USGS-14246900
USGS-14183000,-122.6188056,44.78925,0.03545818316442772,78022131,USGS-14246900
USGS-14184100,-122.973111,44.7079444,0.7515351467207989,78022113,USGS-14246900
USGS-14184300,-122.278,44.40475,0.9689200053134999,78023323,USGS-14246900
USGS-14185000,-122.4975817,44.39179225,0.2537605793129858,78022389,USGS-14246900
USGS-14185865,-122.335,44.58105556,0.9237650895308038,78023595,USGS-14246900
USGS-14185900,-122.4359155,44.54012357,0.41110468998444283,78022457,USGS-14246900
USGS-14187000,-122.6231384,44.37234769,0.1030772445875126,78022543,USGS-14246900
USGS-14187200,-122.6886956,44.4123468,0.20677974872271485,78022209,USGS-14246900
USGS-14187500,-122.8234214,44.4984564,0.6586726324186514,78022154,USGS-14246900
USGS-14188800,-122.7700878,44.71206687,0.17658544476942992,78022344,USGS-14246900
USGS-14189000,-123.01425,44.7147222,0.26877191276203655,78022102,USGS-14246900
USGS-14190500,-123.2345435,44.78317527,0.3181687911887067,78022248,USGS-14246900
USGS-14190610,-123.1623,44.73008889,0.01,78022175,USGS-14246900
USGS-14191000,-123.0428742,44.9442863,0.012236758803382049,78019770,USGS-14246900
USGS-14194150,-123.1816667,45.2069444,0.702954189100749,78019864,USGS-14246900
USGS-14197900,-122.9614893,45.2845625,0.2305260657602528,78019760,USGS-14246900
USGS-14198500,-122.4809167,45.0097222,0.9404076172033053,78020035,USGS-14246900
USGS-14200000,-122.6874444,45.24391667,0.6729943384399529,78019952,USGS-14246900
USGS-14201340,-122.80426,45.15123137,0.6968326455972293,78019957,USGS-14246900
USGS-14201500,-122.7462019,45.1015099,0.786212336507579,78020043,USGS-14246900
USGS-14202000,-122.7509167,45.23327778,0.7883170843282613,78019939,USGS-14246900
USGS-14202650,-123.125,45.44064167,0.9678157182735236,78021121,USGS-14246900
USGS-14203500,-123.124274,45.4748365,0.3847641458287472,78020306,USGS-14246900
USGS-14205350,-123.0700194,45.69385556,0.279555382087993,78021430,USGS-14246900
USGS-14206241,-122.9912157,45.50011635,0.03290253493322566,78020187,USGS-14246900
USGS-14206950,-122.7548185,45.403452,0.8570045406990876,78021169,USGS-14246900
USGS-14208000,-121.9235278,45.0170833,0.30655906905603963,78020037,USGS-14246900
USGS-14208300,-122.0659722,44.9879444,0.019821256278525715,78020038,USGS-14246900
USGS-14208700,-121.8150775,45.11373009,0.8452819032882773,78020581,USGS-14246900
USGS-14209000,-121.9406345,45.0712319,0.14884519098449814,78020342,USGS-14246900
USGS-14209250,-122.0428583,45.07981389,0.9102037456204716,78020342,USGS-14246900
USGS-14209500,-122.0734137,45.1248432,0.5797002643695058,78019971,USGS-14246900
USGS-14210000,-122.3539746,45.29984346,0.5949694301642012,78019938,USGS-14246900
USGS-14211010,-122.5773134,45.3792874,0.8318459932180863,78019931,USGS-14246900
USGS-14211500,-122.5080194,45.47745556,0.7295582759293073,78021167,USGS-14246900
USGS-14211550,-122.6431496,45.452897,0.9153195200997084,78020423,USGS-14246900
USGS-14211720,-122.6691667,45.5175,0.3435321339878506,78019746,USGS-14246900
USGS-14216000,-121.9845094,46.060355,0.3847011565390891,78018073,USGS-14246900
USGS-14216500,-121.9986768,46.0756326,0.9367307913702836,78018257,USGS-14246900
USGS-14219000,-122.3170398,45.9398339,0.02197903039540424,78020391,USGS-14246900
USGS-14220500,-122.5639685,45.95173827,0.7261179413311458,78019905,USGS-14246900
USGS-14222500,-122.4662083,45.8367809,0.53293413051213,78020358,USGS-14246900
USGS-14226500,-121.6792344,46.61285685,0.7873672196733029,78018167,USGS-14246900
USGS-14231000,-121.9569444,46.5319444,0.6316403414825763,78018000,USGS-14246900
USGS-14231900,-121.8400689,46.4439666,0.9157117745958505,78018043,USGS-14246900
USGS-14233500,-122.1089856,46.4662217,0.3083053276857152,78017944,USGS-14246900
USGS-14236200,-122.4595564,46.5953843,0.5278417221342516,78018213,USGS-14246900
USGS-14238000,-122.616224,46.51038526,0.8275634468984515,78017902,USGS-14246900
USGS-14240525,-122.5789987,46.3717753,0.99,78018078,USGS-14246900
USGS-14242580,-122.8408333,46.335,0.6077314606042143,78017968,USGS-14246900
USGS-14243000,-122.9145587,46.2748332,0.8032512255849001,78017888,USGS-14246900
USGS-14246900,-123.1834539,46.18122136,0.17316750080645246,78017389,USGS-14246900
USGS-14299800,-123.2831722,45.80705586,0.017851918590299835,78020432,USGS-14301340
USGS-14301000,-123.755405,45.7039986,0.9746715662876818,78019756,USGS-14301340
USGS-14301340,-123.88975,45.7178333,0.8713978734007921,78019749,USGS-14301340
USGS-14301500,-123.7251209,45.47593996,0.9294814167100928,78020313,USGS-14301500
USGS-14302480,-123.7103974,45.4462181,0.3614890920530852,78020352,USGS-14302480
USGS-14303600,-123.847061,45.26649446,0.379724980554915,78020196,USGS-14303600
USGS-14305500,-123.8873348,44.7151172,0.17737809766999738,78022282,USGS-14305500
USGS-14305800,-123.9137972,44.7646,0.7658973057702281,78022282,USGS-14305500
USGS-14306500,-123.831778,44.3859538,0.5901417621393841,78022217,USGS-14306500
USGS-14307620,-123.8831659,44.06234317,0.6723227846254435,78021723,USGS-14307620
USGS-14308000,-122.9483872,42.9303985,0.9491309261390827,78026598,USGS-14321000
USGS-14308500,-122.9178303,42.89012159,0.9497268419784362,78027333,USGS-14321000
USGS-14308910,-123.2859167,42.94369444,0.9272525625156969,78026563,USGS-14321000
USGS-14308990,-123.1258922,42.82317665,0.39812384748605767,78027276,USGS-14321000
USGS-14309000,-123.1789492,42.82484286,0.7745391192340194,78027276,USGS-14321000
USGS-14309500,-123.6109071,42.80400356,0.9230849797992831,78027180,USGS-14321000
USGS-14310000,-123.428957,42.9234502,0.6634439210315841,78026872,USGS-14321000
USGS-14312000,-123.3984053,43.13317169,0.4508436987639869,78024167,USGS-14321000
USGS-14312330,-123.4477,43.2517611,0.9017439149986146,78024157,USGS-14321000
USGS-14313200,-122.1969797,43.32401306,0.2133294708092647,78024795,USGS-14321000
USGS-14313700,-122.2519822,43.35484515,0.025434074215358628,78024725,USGS-14321000
USGS-14314500,-122.2872596,43.2442903,0.22831387032154285,78025142,USGS-14321000
USGS-14314700,-122.3383725,43.25095636,0.011264848173610651,78024980,USGS-14321000
USGS-14315500,-122.4217087,43.26373317,0.013726413015236336,78024596,USGS-14321000
USGS-14315700,-122.4499722,43.27641667,0.6476580634463897,78024596,USGS-14321000
USGS-14315950,-122.4275415,43.21123347,0.29490837742049786,78025111,USGS-14321000
USGS-14316455,-122.4989339,43.30373229,0.5633119664414857,78024572,USGS-14321000
USGS-14316495,-122.5303237,43.3034543,0.9821250321874463,78025603,USGS-14321000
USGS-14316500,-122.5367127,43.29595427,0.5487039711487246,78024553,USGS-14321000
USGS-14316700,-122.7289415,43.349842,0.013474457129600713,78024750,USGS-14321000
USGS-14317600,-122.9925917,43.34666389,0.8555438237449501,78025122,USGS-14321000
USGS-14319500,-123.4115444,43.27096667,0.5894878543496791,78024458,USGS-14321000
USGS-14321000,-123.5553727,43.5859502,0.7215385992070713,78024139,USGS-14321000
USGS-14325000,-124.070652,42.89149904,0.09088270204869832,78026936,USGS-14326510
USGS-14326300,-124.04025,43.0347222,0.25695554468776455,78024247,USGS-14326510
USGS-14326510,-124.1470479,43.06566537,0.5252547168933445,78024241,USGS-14326510
USGS-14327000,-124.1078444,43.06817778,0.5173489302024834,78024605,USGS-14327000
USGS-14327150,-124.482536,42.81700556,0.5324296972023153,78027020,USGS-14327150
USGS-14330000,-122.516147,42.72957187,0.4154082678640878,78026741,USGS-14372300
USGS-14332000,-122.388611,42.70638889,0.03587154128274655,78027097,USGS-14372300
USGS-14335072,-122.6863889,42.6658333,0.9010714290087646,78026735,USGS-14372300
USGS-14337500,-122.6914288,42.6512372,0.8893784356054826,78026974,USGS-14372300
USGS-14337600,-122.7150408,42.6554035,0.3465763819842941,78026722,USGS-14372300
USGS-14338000,-122.7419867,42.6787364,0.5614252965194416,78027112,USGS-14372300
USGS-14339000,-122.8428203,42.5248471,0.09794494204962521,78026709,USGS-14372300
USGS-14354200,-122.7248056,42.2185,0.4877676432263822,78027071,USGS-14372300
USGS-14357500,-122.8667057,42.32401547,0.4625360499048349,78026991,USGS-14372300
USGS-14359000,-122.9872678,42.43734597,0.460917443935822,78026699,USGS-14372300
USGS-14361500,-123.3178365,42.43039607,0.5433360458293306,78026687,USGS-14372300
USGS-14362000,-123.1114358,42.0637361,0.3411966195496329,78026526,USGS-14372300
USGS-14366000,-123.1400485,42.2415113,0.7939855877167946,78026518,USGS-14372300
USGS-14369500,-123.4067276,42.3540058,0.647930262938339,78026512,USGS-14372300
USGS-14372300,-124.062,42.59277778,0.6607615104687083,78026497,USGS-14372300
USGS-14375100,-123.4789509,42.15956105,0.17100464297889012,78027177,USGS-14378200
USGS-14377100,-123.66368,42.23177936,0.2810847053736842,78026603,USGS-14378200
USGS-14378200,-124.0519139,42.54487778,0.7146881726329771,78026555,USGS-14378200
USGS-14400000,-124.1873107,42.12344278,0.8373095514262384,78026912,USGS-14400000
USGS-10254730,-115.5969252,33.19893706,0.17181368423343304,77027357,USGS-10254730
USGS-10254970,-115.503029,32.66589665,0.13461454760262867,77035793,USGS-10255550
USGS-10255550,-115.664426,33.10477248,0.7614302428347862,77027662,USGS-10255550
USGS-10257550,-116.6211254,33.89891179,0.07190368103333238,77028442,USGS-10259540
USGS-10259100,-116.4227854,33.74947257,0.7045308338609967,77028169,USGS-10259540
USGS-10259540,-116.0774964,33.52475856,0.16405017324186097,77027885,USGS-10259540
USGS-10260500,-117.2264316,34.34305858,0.9208763724079165,77028707,USGS-10262700
USGS-10261500,-117.3206018,34.57304916,0.6560528178587878,77028166,USGS-10262700
USGS-10262700,-116.8876583,34.8696611,0.9519544990679241,77027890,USGS-10262700
USGS-10265150,-118.8176148,37.66881076,0.4778272010025679,77015705,USGS-10265150
USGS-11023000,-117.1686285,32.76504955,0.41566256098656146,77032351,USGS-11023000
USGS-11042000,-117.3603045,33.21809135,0.5329328230774895,77027940,USGS-11042000
USGS-11044300,-117.2411367,33.41364246,0.9859400642425087,77028197,USGS-11044300
USGS-11051500,-117.1005911,34.10834489,0.809915781981546,77028684,USGS-11078000
USGS-11062000,-117.4578667,34.21184444,0.2978969971544675,77029229,USGS-11078000
USGS-11066460,-117.4482222,33.9684722,0.43210985923447826,77028038,USGS-11078000
USGS-11073495,-117.5994966,33.9827912,0.01,77028775,USGS-11078000
USGS-11074000,-117.6453296,33.88334875,0.4084310086279791,77027820,USGS-11078000
USGS-11078000,-117.9083906,33.75112815,0.2734233940631681,77027782,USGS-11078000
USGS-11085000,-117.9695092,34.11223019,0.6654536268111834,77028728,USGS-11087020
USGS-11087020,-118.0381225,34.03417767,0.0479129631940203,77028184,USGS-11087020
USGS-11092450,-118.466749,34.16167247,0.55326386528483,77028908,USGS-11092450
USGS-11097000,-118.38897,34.25361395,0.4545327393444139,77028401,USGS-11097000
USGS-11101250,-118.0717348,34.05834368,0.7456431385406059,77029021,USGS-11101250
USGS-11109000,-118.739241,34.403606,0.741883136676908,77028155,USGS-11109000
USGS-11109800,-118.7520198,34.46027116,0.12460752869572425,77028005,USGS-11109800
USGS-11113000,-118.9273019,34.4416592,0.49617626578359464,77028088,USGS-11113000
USGS-11118500,-119.3084218,34.35221417,0.16188596261402055,77028555,USGS-11118500
USGS-11128500,-120.1445568,34.58497968,0.9332485434443728,77027961,USGS-11128500
USGS-11143000,-121.7732293,36.24576038,0.4912609596885338,77023838,USGS-11143000
USGS-11143200,-121.7288889,36.4748611,0.45526688795310233,77022630,USGS-11143250
USGS-11143250,-121.880458,36.5390863,0.2643328779985403,77022446,USGS-11143250
USGS-11149400,-120.855458,35.76135678,0.6196549505588634,77021829,USGS-11152500
USGS-11150500,-120.8687915,35.9302434,0.7801812196480756,77021532,USGS-11152500
USGS-11151700,-121.319331,36.4110383,0.4324471857284907,77021438,USGS-11152500
USGS-11152000,-121.3227063,36.28052076,0.3609909713852231,77022198,USGS-11152500
USGS-11152300,-121.5493856,36.55357267,0.7606050523970033,77021431,USGS-11152500
USGS-11152500,-121.672446,36.631071,0.8791519535912696,77021429,USGS-11152500
USGS-11153000,-121.3802778,36.98,0.39528114261011693,77021031,USGS-11159500
USGS-11159000,-121.5976778,36.90019209,0.06500271001593236,77020995,USGS-11159500
USGS-11159500,-121.7518889,36.9056111,0.928116928575516,77020983,USGS-11159500
USGS-11160000,-121.9557933,36.9913389,0.24544008224976943,77021381,USGS-11160000
USGS-11160500,-122.072464,37.0443931,0.047631186108614346,77021366,USGS-11160500
USGS-11161000,-122.0319076,36.9907832,0.8409198557310124,77021366,USGS-11160500
USGS-11162500,-122.3288125,37.2607338,0.6070626495785545,77016716,USGS-11162500
USGS-11169025,-121.9330129,37.3738296,0.8805844867016284,77015213,USGS-11169025
USGS-11169860,-121.5526796,37.1229656,0.5666383339713967,77015381,USGS-11172175
USGS-11170000,-121.6496271,37.1682416,0.07596251262963599,77014772,USGS-11172175
USGS-11172175,-121.9274577,37.4221617,0.671259672017314,77014309,USGS-11172175
USGS-11173200,-121.769397,37.46160337,0.6623887703018921,77015575,USGS-11180700
USGS-11173575,-121.856345,37.5404908,0.5835531735835976,77014773,USGS-11180700
USGS-11176340,-121.9094167,37.66830556,0.6306019374823113,77014685,USGS-11180700
USGS-11176900,-121.8830126,37.62659915,0.47484653637797763,77014424,USGS-11180700
USGS-11179000,-121.960752,37.5871193,0.47239541412960845,77014346,USGS-11180700
USGS-11179100,-122.0016278,37.56660245,0.7361304789870036,77014346,USGS-11180700
USGS-11180700,-122.0482955,37.58576818,0.9312288014137144,77014214,USGS-11180700
USGS-11189500,-118.1736856,35.7374672,0.4587281069467909,77021670,USGS-11189500
USGS-11201095,-118.9643639,36.0036722,0.7454040826556954,77023047,USGS-11201095
USGS-11204100,-118.8134258,36.02411648,0.13528157087490722,77022863,USGS-11204100
USGS-11224000,-119.0863889,37.63194444,0.5051917431636266,77018084,USGS-11303500
USGS-11251000,-119.7243124,36.98439397,0.2113835366905432,77021301,USGS-11303500
USGS-11261100,-120.8521075,37.2476912,0.7454016536961748,77017020,USGS-11303500
USGS-11261500,-120.9309993,37.3099115,0.8408539029975137,77013487,USGS-11303500
USGS-11264500,-119.5590243,37.73130354,0.26112186075611665,77015222,USGS-11303500
USGS-11266500,-119.6656667,37.71627778,0.264713200973204,77014802,USGS-11303500
USGS-11273400,-120.9761399,37.34718815,0.8477190466557353,77013419,USGS-11303500
USGS-11274000,-120.9771121,37.35046585,0.030234459174770002,77013418,USGS-11303500
USGS-11274550,-121.0133444,37.43218889,0.5012267995648462,77013417,USGS-11303500
USGS-11274790,-119.6598627,37.91657698,0.4354511151680175,77014774,USGS-11303500
USGS-11276500,-119.7982,37.93740877,0.5451187008747406,77014498,USGS-11303500
USGS-11276600,-119.947092,37.87935307,0.7990887719435135,77014434,USGS-11303500
USGS-11276900,-119.9701483,37.88157506,0.961330993957449,77014434,USGS-11303500
USGS-11277300,-119.9174029,37.96769944,0.6529175170871918,77015232,USGS-11303500
USGS-11278000,-119.8820916,37.96907415,0.3551551168318655,77015560,USGS-11303500
USGS-11278300,-119.9626483,37.89435266,0.8322802485470258,77014784,USGS-11303500
USGS-11289651,-120.4421394,37.666321,0.22293417448512823,77014034,USGS-11303500
USGS-11290000,-120.9843777,37.627153,0.01,77013969,USGS-11303500
USGS-11303000,-121.110454,37.72962389,0.6105773746466938,77014027,USGS-11303500
USGS-11303500,-121.2662907,37.67601249,0.5755987732278397,77013404,USGS-11303500
USGS-11335000,-121.0451852,38.5001656,0.30567791419240753,77014263,USGS-11335000
USGS-11342000,-122.4172351,40.93959397,0.016357252585128216,77005549,USGS-11425500
USGS-11345500,-120.437154,41.2306851,0.20038382276001332,77001803,USGS-11425500
USGS-11348500,-120.9277458,41.40600116,0.527430803634842,77001078,USGS-11425500
USGS-11355010,-121.511927,40.9832178,0.6658049186874733,77005634,USGS-11425500
USGS-11355500,-121.4228056,40.6891111,0.7327222521470692,77007875,USGS-11425500
USGS-11370500,-122.4444553,40.6009835,0.14422365596367312,77005511,USGS-11425500
USGS-11372000,-122.5241795,40.51320587,0.44103785932146083,77007010,USGS-11425500
USGS-11374000,-122.2330577,40.50487467,0.6140644198484931,77006919,USGS-11425500
USGS-11376000,-122.2386119,40.38709797,0.6132540276971508,77006564,USGS-11425500
USGS-11376550,-122.1463869,40.39820996,0.3966182524675437,77006856,USGS-11425500
USGS-11377100,-122.1866312,40.2884596,0.3635697759169901,77005500,USGS-11425500
USGS-11379500,-122.5119462,40.02376507,0.11457417858045292,77007841,USGS-11425500
USGS-11381500,-122.0241541,40.0546022,0.8917609141007836,77012103,USGS-11425500
USGS-11383500,-121.9482872,40.0140214,0.7555729163003451,77007921,USGS-11425500
USGS-11389500,-122.0002208,39.21403369,0.8968325590527767,77005478,USGS-11425500
USGS-11390000,-121.7088643,39.72599524,0.057059659576559243,77006884,USGS-11425500
USGS-11390500,-121.8246576,39.00987205,0.24135018375425313,77013298,USGS-11425500
USGS-11401920,-120.9425,39.9458333,0.31546314792764873,77008793,USGS-11425500
USGS-11402000,-120.9543714,40.0029195,0.49376225381632927,77007812,USGS-11425500
USGS-11413000,-120.9379749,39.52487147,0.442869100799335,77007107,USGS-11425500
USGS-11418500,-121.2685349,39.22431786,0.6770187403626745,77007180,USGS-11425500
USGS-11421000,-121.5249647,39.1757251,0.5817847638234519,77006382,USGS-11425500
USGS-11424000,-121.4065908,39.0001537,0.5363207341678023,77013878,USGS-11425500
USGS-11425500,-121.5982593,38.77432258,0.09138656855418767,77013278,USGS-11425500
USGS-11427000,-121.023802,38.9359915,0.8460807538935027,77013879,USGS-11446500
USGS-11446500,-121.227692,38.6354394,0.08123535332401077,77013378,USGS-11446500
USGS-11449500,-122.8435719,38.9273642,0.8277258810416324,77020286,USGS-11451800
USGS-11451000,-122.5657869,38.92403349,0.20917053062993782,77013504,USGS-11451800
USGS-11451300,-122.5341216,39.07542006,0.5151763113760479,77007561,USGS-11451800
USGS-11451800,-122.2383082,38.8898988,0.5868064910524525,77013491,USGS-11451800
USGS-11453500,-122.51745,38.7787587,0.724058066909413,77015981,USGS-11454000
USGS-11454000,-122.0818793,38.5151562,0.5572637325301196,77014336,USGS-11454000
USGS-11456000,-122.4557779,38.51126405,0.7426259352196157,77019769,USGS-11458000
USGS-11458000,-122.3032719,38.36821248,0.9780015762370209,77015109,USGS-11458000
USGS-11458500,-122.4943873,38.32321159,0.3933859982961555,77016302,USGS-11458500
USGS-11460400,-122.7363337,38.0268261,0.68193710874087,77018505,USGS-11460600
USGS-11460600,-122.7844348,38.08019988,0.3195661211557209,77015456,USGS-11460600
USGS-11461500,-123.1302509,39.24652277,0.034189334057973184,77008189,USGS-11467000
USGS-11462080,-123.183028,39.1129134,0.9801010234532891,77007439,USGS-11467000
USGS-11462500,-123.1305253,39.0265265,0.060891205591503364,77013882,USGS-11467000
USGS-11463000,-123.0535767,38.87930758,0.05584086797599853,77013750,USGS-11467000
USGS-11463170,-122.8024578,38.79764466,0.11208132584211777,77020172,USGS-11467000
USGS-11463200,-122.9969077,38.8259757,0.15262322617962915,77015853,USGS-11467000
USGS-11463500,-122.8957923,38.7126453,0.6424662743517846,77013721,USGS-11467000
USGS-11463682,-122.8294009,38.65820245,0.9828970867622362,77013721,USGS-11467000
USGS-11463900,-122.7638434,38.6409811,0.47117016675106616,77016569,USGS-11467000
USGS-11463980,-122.8555123,38.63292489,0.5104150177668473,77013659,USGS-11467000
USGS-11464000,-122.8363448,38.6132032,0.7527560332371788,77013659,USGS-11467000
USGS-11465240,-122.927181,38.65320165,0.41281241921816714,77014832,USGS-11467000
USGS-11465350,-122.8621784,38.58737009,0.9802436707115596,77014832,USGS-11467000
USGS-11465390,-122.8646775,38.5157047,0.5810362159767194,77013637,USGS-11467000
USGS-11465750,-122.8291584,38.42546874,0.781180543993468,77015333,USGS-11467000
USGS-11466320,-122.8072129,38.44519026,0.6950540210241687,77019520,USGS-11467000
USGS-11466800,-122.853288,38.4940385,0.11842418251825867,77014724,USGS-11467000
USGS-11467000,-122.9277345,38.50848204,0.11388760786977853,77013615,USGS-11467000
USGS-11467200,-123.0696826,38.5065363,0.048830898464393424,77016029,USGS-11467200
USGS-11467510,-123.4266393,38.70902938,0.24442985883172844,77014781,USGS-11467510
USGS-11467553,-123.5094204,38.78986049,0.9193388938650706,77020287,USGS-11467553
USGS-11468000,-123.6680415,39.1704079,0.7195410203408474,77005961,USGS-11468000
USGS-11468500,-123.7377695,39.42818069,0.8819672453267013,77007373,USGS-11468500
USGS-11468900,-123.9913987,40.139278,0.6456472468764185,77007658,USGS-11469000
USGS-11469000,-124.2833536,40.31316145,0.9373674778123495,77006723,USGS-11469000
USGS-11473900,-123.3252632,39.7062356,0.6559522849944633,77006583,USGS-11477000
USGS-11475000,-123.6325017,40.21816919,0.6784787540280836,77006297,USGS-11477000
USGS-11475500,-123.652796,39.71904456,0.6727956850135217,77010465,USGS-11477000
USGS-11475800,-123.7205775,39.8745957,0.21146992502137066,77007049,USGS-11477000
USGS-11476500,-123.776116,40.18177947,0.342045730443946,77006475,USGS-11477000
USGS-11476600,-124.0050136,40.3514969,0.5109438639672728,77011847,USGS-11477000
USGS-11477000,-124.0997407,40.49149394,0.7410030368673938,77006259,USGS-11477000
USGS-11478500,-123.8908461,40.480385,0.8888521807219292,77006869,USGS-11478500
USGS-11480390,-123.3352727,40.28428216,0.2925271753040864,77008702,USGS-11481000
USGS-11481000,-124.06058,40.9098217,0.7687837604026332,77006366,USGS-11481000
USGS-11481200,-124.0814157,41.00982016,0.25281035771539667,77003000,USGS-11481200
USGS-11481500,-123.815335,40.90596479,0.744269626022307,77012762,USGS-11482500
USGS-11482500,-124.0511825,41.2992896,0.9486566454654591,77000949,USGS-11482500
USGS-11501000,-121.8483333,42.58430556,0.6255669166562269,77001071,USGS-11530500
USGS-11502500,-121.8797139,42.564375,0.07431364790639197,77000798,USGS-11530500
USGS-11504290,-121.9713889,42.58166667,0.9177998717921427,77002118,USGS-11530500
USGS-11507500,-121.7941708,42.22347795,0.8087665074857743,77000791,USGS-11530500
USGS-11509340,-121.8483222,42.08095278,0.7522565884522661,77001259,USGS-11530500
USGS-11509500,-121.9622313,42.13319946,0.6487941946630705,77000785,USGS-11530500
USGS-11510700,-122.0733453,42.0845877,0.5654642739540593,77000782,USGS-11530500
USGS-11516530,-122.4441653,41.92788026,0.1042201793967525,77000772,USGS-11530500
USGS-11517000,-122.538053,41.708993,0.17834202740320437,77001470,USGS-11530500
USGS-11517500,-122.5955565,41.82288,0.9202196087415293,77001369,USGS-11530500
USGS-11519500,-123.0150092,41.64065587,0.332850429055862,77001336,USGS-11530500
USGS-11520500,-123.2322733,41.8537379,0.4933565702786844,77000756,USGS-11530500
USGS-11521500,-123.383078,41.83509438,0.5929700284236596,77002410,USGS-11530500
USGS-11522500,-123.4769615,41.37648796,0.7762497308334508,77001322,USGS-11530500
USGS-11523000,-123.5344618,41.30343278,0.7429792918881265,77000744,USGS-11530500
USGS-11523200,-122.7055474,41.11122108,0.5428462882945644,77002057,USGS-11530500
USGS-11525500,-122.801111,40.7247222,0.6749369300068591,77005963,USGS-11530500
USGS-11525530,-122.834711,40.72455839,0.9452356457436849,77012838,USGS-11530500
USGS-11525655,-122.9205459,40.67261385,0.6357235407357523,77005927,USGS-11530500
USGS-11525854,-122.9566667,40.64527778,0.08236073009024626,77005907,USGS-11530500
USGS-11526250,-123.0619736,40.7284768,0.9478441160502223,77005902,USGS-11530500
USGS-11526400,-123.1144415,40.76649958,0.8779309051062191,77005890,USGS-11530500
USGS-11527000,-123.440006,40.78871835,0.6805278660144661,77005872,USGS-11530500
USGS-11528700,-123.4941718,40.64983089,0.7894360188162235,77006661,USGS-11530500
USGS-11530000,-123.6736278,41.0498236,0.9341348198509467,77000726,USGS-11530500
USGS-11530500,-123.9794772,41.51092575,0.7790531648834261,77000706,USGS-11530500
USGS-11532500,-124.0761515,41.7914769,0.7754999162664067,77001457,USGS-11532500
USGS-15008000,-130.06687,56.02599719,0.01,78002415,USGS-15008000
USGS-15015595,-130.8819864,56.2402062,0.36495403886383615,78002304,USGS-15015595
USGS-15024800,-132.1319708,56.7079243,0.3517979918545379,78002124,USGS-15024800
USGS-15041200,-133.7017432,58.53829828,0.4216419686812351,78000319,USGS-15041200
USGS-15052000,-134.4226873,58.3915312,0.8518326824649307,78000872,USGS-15052000
USGS-15052500,-134.5745592,58.4293972,0.1459793645233583,78000572,USGS-15052500
USGS-15055500,-134.7104997,58.85181328,0.2622285200515817,78001089,USGS-15055500
USGS-15056210,-135.3463924,59.5118166,0.7448640824576732,78000063,USGS-15056210
USGS-15056500,-135.9311295,59.41513928,0.5821518639086685,78000030,USGS-15056500
USGS-15056560,-135.9989096,59.412916,0.6467977705384285,78000049,USGS-15056560
USGS-15068040,-131.524399,55.5193045,0.3066366154090783,78003676,USGS-15068040
USGS-15072000,-131.1955833,55.3916038,0.017607662470692675,78003678,USGS-15072000
USGS-15081497,-133.1102972,55.8012313,0.670132254952196,78003394,USGS-15081497
USGS-15086225,-132.9308333,55.9086111,0.5207702559869669,78003832,USGS-15086225
USGS-15087585,-133.06978,56.9682723,0.99,78003007,USGS-15087585
USGS-15087700,-135.3162609,57.05316268,0.21870069532747144,78001602,USGS-15087700
USGS-15088000,-135.2295913,57.05121946,0.041849906193653315,78001605,USGS-15088000
USGS-15129120,-138.3339167,59.1928056,0.7162625539758722,81033947,USGS-15129120
USGS-15129500,-139.4941877,59.58636636,0.99,81035759,USGS-15129500
USGS-15200280,-145.5330154,62.5203918,0.07025947546537846,81023801,USGS-15214000
USGS-15209700,-142.9426307,61.433718,0.01,81025187,USGS-15214000
USGS-15214000,-144.7467135,60.6711432,0.7825773113162875,81029174,USGS-15214000
USGS-15226620,-145.906111,61.0670833,0.6364542755538433,81030468,USGS-15226620
USGS-15227090,-146.1715833,61.14888889,0.99,81029604,USGS-15227090
USGS-15238986,-150.955177,59.76173646,0.8318129841314156,81034851,USGS-15238986
USGS-15239001,-150.8526778,59.7577407,0.6312790353610881,81034807,USGS-15239070
USGS-15239060,-150.8654632,59.79774138,0.8551362887788804,81034875,USGS-15239070
USGS-15239070,-150.884922,59.80105909,0.7619002445708671,81034609,USGS-15239070
USGS-15243900,-149.3460349,60.2944267,0.17419756205339307,81030368,USGS-15266300
USGS-15258000,-149.8099463,60.49220087,0.5480661660813714,81030023,USGS-15266300
USGS-15261000,-149.8827247,60.4799772,0.9651990599445927,81032160,USGS-15266300
USGS-15266110,-150.6010714,60.4660763,0.8882908016608413,81029870,USGS-15266300
USGS-15266300,-151.0816675,60.4769289,0.3796698172943151,81029799,USGS-15266300
USGS-15271000,-149.4274606,60.8202692,0.6788816469066871,81030658,USGS-15271000
USGS-15272502,-149.1319194,60.9616194,0.45549212739757233,81031324,USGS-15272502
USGS-15274600,-149.9255484,61.1388788,0.20126477405848056,81031045,USGS-15274600
USGS-15276000,-149.6372152,61.22499648,0.8806880990520495,81030565,USGS-15276000
USGS-15281000,-149.0327778,61.50445678,0.4083926021387977,81024206,USGS-15281000
USGS-15283700,-149.0524167,61.68438889,0.922696157572922,81027717,USGS-15284000
USGS-15284000,-149.0730639,61.60862507,0.3750688341770639,81024513,USGS-15284000
USGS-15290000,-149.2319635,61.7097358,0.10860548112089224,81026095,USGS-15290000
USGS-15292000,-149.6934424,62.7672526,0.030621765713305712,81018761,USGS-15292000
USGS-15292700,-150.01925,62.3464039,0.2243205815669501,81023944,USGS-15292700
USGS-15294005,-149.8867047,61.78028219,0.15589837540160403,81025041,USGS-15294005
USGS-15295700,-153.1637244,57.69404358,0.10025907556711479,81036524,USGS-15295700
USGS-15297610,-162.6895463,55.17691508,0.2707618404059609,81037273,USGS-15297610
USGS-15300300,-153.8468866,59.7579499,0.3950637431038727,81034542,USGS-15300500
USGS-15300500,-155.9013672,59.32818978,0.47845233521182645,81034049,USGS-15300500
USGS-15302000,-158.1900527,59.93482769,0.8139853883923414,81034016,USGS-15302000
USGS-15304000,-158.1138048,61.868755,0.9853539775375224,81023684,USGS-15304000
USGS-15304010,-158.1568626,61.88931026,0.4271144693186635,81025098,USGS-15304010
USGS-15348000,-141.404467,64.3088137,0.06779089408329425,81014351,USGS-15565447
USGS-15356000,-141.2000892,64.789168,0.01,81014329,USGS-15565447
USGS-15446000,-144.3357853,65.7107523,0.30805963351363136,81010728,USGS-15565447
USGS-15453500,-149.720388,65.8751125,0.23189093375012837,81010275,USGS-15565447
USGS-15457790,-148.3878556,65.574,0.2614731817719335,81013033,USGS-15565447
USGS-15477740,-144.9445773,64.450151,0.25121709678331716,81015122,USGS-15565447
USGS-15484000,-146.9280556,64.47152778,0.25339922487320893,81014662,USGS-15565447
USGS-15485500,-147.8413488,64.7923355,0.8929089788673267,81014467,USGS-15565447
USGS-15493000,-146.3613333,64.9019722,0.20963406152422118,81014576,USGS-15565447
USGS-15493400,-146.8057732,64.8595767,0.18870944748202265,81014565,USGS-15565447
USGS-15493700,-147.230223,64.80040137,0.9103539884056273,81014557,USGS-15565447
USGS-15511000,-147.2496758,64.88568119,0.06863184718976485,81014754,USGS-15565447
USGS-15514000,-147.7035724,64.8453948,0.6563745554508682,81014545,USGS-15565447
USGS-15515500,-149.094,64.5649444,0.7393490542513804,81014422,USGS-15565447
USGS-15519100,-148.6311143,65.4648407,0.75043613827535,81011135,USGS-15565447
USGS-15564900,-154.2610644,66.046983,0.561775402929654,81010405,USGS-15565447
USGS-15565447,-162.8830405,61.9336715,0.7424770776459754,81023601,USGS-15565447
USGS-15565700,-160.3076258,63.9343184,0.6453342632045566,81014712,USGS-15565700
USGS-15580095,-163.67,64.8919444,0.9611317230511501,81014371,USGS-15580095
USGS-15744500,-160.1337797,66.9730146,0.107897012953777,81006772,USGS-15744500
USGS-15747000,-163.677559,67.87547519,0.012997158490622456,81003724,USGS-15747000
USGS-15905100,-149.3733333,68.4522222,0.015365274927986857,81003939,USGS-15908000
USGS-15908000,-148.8177778,69.0158333,0.3995558294133242,81001319,USGS-15908000
USGS-50011200,-66.9273999,18.39828094,0.27169387873173373,76003702,USGS-50011200
USGS-50014800,-66.8176066,18.39443982,0.700244099856629,76003927,USGS-50014800
USGS-50021700,-66.7219104,18.24220775,0.3247744257358492,76003676,USGS-50027600
USGS-50024950,-66.703716,18.3000995,0.36828653715672977,76003624,USGS-50027600
USGS-50026025,-66.6367066,18.2294279,0.4683085598644908,76003838,USGS-50027600
USGS-50027000,-66.6206455,18.32410113,0.24259051104803653,76003694,USGS-50027600
USGS-50027600,-66.6911773,18.3968229,0.6850553796445883,76003524,USGS-50027600
USGS-50028000,-66.7826336,18.29873289,0.2499921057744253,76003870,USGS-50028000
USGS-50028400,-66.7143277,18.4121002,0.9187852307504981,76003870,USGS-50028000
USGS-50031000,-66.40961487,18.29745293,0.415664109754934,76003627,USGS-50037000
USGS-50034000,-66.45444347,18.23396665,0.39539144450610125,76003831,USGS-50037000
USGS-50035000,-66.4595683,18.32243776,0.5056310167678059,76003537,USGS-50037000
USGS-50037000,-66.49656039,18.39744848,0.47339552986654576,76003516,USGS-50037000
USGS-50039500,-66.3739892,18.4453298,0.854003138562859,76003573,USGS-50039500
USGS-50043000,-66.22850099,18.15801429,0.8756219559408597,76003761,USGS-50046000
USGS-50043800,-66.2242317,18.22017012,0.5158908223618315,76003513,USGS-50046000
USGS-50045010,-66.23842638,18.344012,0.873892654215145,76003473,USGS-50046000
USGS-50046000,-66.26057109,18.40959249,0.3956120482101955,76003473,USGS-50046000
USGS-50047850,-66.1390891,18.33228474,0.7705472324515508,76003830,USGS-50047850
USGS-50049100,-66.06894369,18.4075533,0.4376015775571155,76004008,USGS-50049100
USGS-50051310,-65.9563133,18.15187883,0.06764041225613808,76003795,USGS-50059050
USGS-50051800,-65.9610553,18.1837189,0.16672241309152502,76003685,USGS-50059050
USGS-50055000,-66.00919819,18.24070482,0.4884182029784617,76003600,USGS-50059050
USGS-50055225,-66.027243,18.24671282,0.7023575429359056,76003855,USGS-50059050
USGS-50055750,-65.8849385,18.23216426,0.4966322800468887,76003846,USGS-50059050
USGS-50056400,-65.9257775,18.21408426,0.5182123506779184,76003819,USGS-50059050
USGS-50057000,-65.9676837,18.25649864,0.5214420533120746,76003665,USGS-50059050
USGS-50059050,-66.00558468,18.3402753,0.6430624482856212,76003539,USGS-50059050
USGS-50070900,-65.7006729,18.2808247,0.9491444070190217,76003885,USGS-50071000
USGS-50071000,-65.693434,18.29696026,0.7647073019344846,76003885,USGS-50071000
USGS-50075500,-65.78460718,18.23884539,0.9893406476210607,76003861,USGS-50075500
USGS-50083500,-65.90071797,18.05690857,0.2870192714056067,76003753,USGS-50083500
USGS-50092000,-66.0321088,18.03218668,0.7252310084386693,76004304,USGS-50093120
USGS-50093120,-66.0232196,18.01440962,0.4428533453880001,76004304,USGS-50093120
USGS-50110650,-66.5042693,18.11460505,0.43974173452742943,76003787,USGS-50111500
USGS-50111500,-66.51064169,18.05231572,0.643762361727911,76004287,USGS-50111500
USGS-50129254,-66.8763204,18.0071818,0.4538509988740119,76004273,USGS-50129254
USGS-50136400,-67.085388,18.15809875,0.44333598584826883,76003816,USGS-50138000
USGS-50138000,-67.14837407,18.1406935,0.7268319936897606,76003550,USGS-50138000
USGS-50144000,-67.0505845,18.28217419,0.6334078628379985,76003571,USGS-50144000
USGS-50147800,-67.0921687,18.35974259,0.7559379508413725,76003698,USGS-50147800
USGS-01010000,-69.7155556,46.70055556,0.03014963921754717,72040098,ECCC-01AF002
USGS-01010070,-69.7516667,46.89388889,0.2048368639203735,72041316,ECCC-01AF002
USGS-01010500,-69.0880556,47.11305556,0.089902809145924,72040057,ECCC-01AF002
USGS-01011000,-69.0794444,47.0697222,0.40125298257706543,72040788,ECCC-01AF002
USGS-01013500,-68.58277778,47.2375,0.9654749375750556,72040863,ECCC-01AF002
USGS-01014000,-68.58527778,47.2833333,0.9368564898762577,72040039,ECCC-01AF002
USGS-01015800,-68.3716667,46.52305556,0.37816910109246415,72040358,ECCC-01AG003
USGS-01017000,-68.1572222,46.7772222,0.018315663292371245,72040306,ECCC-01AG003
USGS-01017290,-67.945,46.8886111,0.18065703260940497,72041257,ECCC-01AG003
USGS-01017960,-67.88138889,46.105,0.92300088067364,72047863,ECCC-01AJ003
USGS-01018035,-67.80388889,46.1811111,0.7598954742509801,72047548,ECCC-01AJ003
USGS-01018500,-67.4283333,45.5683333,0.20964666293916887,73000454,USGS-01021000
USGS-01019000,-67.76888889,45.1725,0.5601942123659478,73000706,USGS-01021000
USGS-01021000,-67.3180556,45.1369444,0.8783354659613584,73000446,USGS-01021000
USGS-01021480,-67.7361111,44.9369444,0.9141770422567789,73001405,USGS-01021480
USGS-01022500,-67.93527778,44.60805556,0.835597954110522,73000670,USGS-01022500
USGS-01027200,-69.9936111,45.93527778,0.7535790158530166,73000125,USGS-01034500
USGS-01027240,-69.9950083,45.8739222,0.4196615221391213,73000106,USGS-01034500
USGS-01029200,-68.6336111,46.14305556,0.06743825931719521,73000123,USGS-01034500
USGS-01029500,-68.5894444,45.73027778,0.5390487035956973,73000064,USGS-01034500
USGS-01030350,-68.1580556,45.7086111,0.42601386850759376,73000182,USGS-01034500
USGS-01030500,-68.3058333,45.5011111,0.9306033624117623,73000453,USGS-01034500
USGS-01031300,-69.58388889,45.2672222,0.09991486879227085,73000771,USGS-01034500
USGS-01031450,-69.4522222,45.1844444,0.8543972468862873,73000795,USGS-01034500
USGS-01031500,-69.3147222,45.175,0.6842811597757223,73000663,USGS-01034500
USGS-01031510,-69.23638889,45.15027778,0.3707131220513497,73001455,USGS-01034500
USGS-01033000,-69.1122222,45.27,0.15555402236601726,73000495,USGS-01034500
USGS-01034000,-68.8686111,45.26055556,0.4677746703622308,73000492,USGS-01034500
USGS-01034500,-68.65138889,45.2361111,0.0754238171137554,73000437,USGS-01034500
USGS-01037000,-68.8316667,44.8611111,0.5539895807468437,73000715,USGS-01037000
USGS-01038000,-69.59388889,44.22277778,0.045942494099902045,73000737,USGS-01038000
USGS-01042500,-69.9619444,45.3397222,0.7626805768517093,73000479,USGS-01049265
USGS-01043500,-70.20112778,45.22905,0.8888367569964969,73000612,USGS-01049265
USGS-01044550,-70.2416667,45.3136111,0.18448396867338643,73000722,USGS-01049265
USGS-01046000,-69.8805556,45.0644444,0.752882059548718,73000791,USGS-01049265
USGS-01046500,-69.8855556,45.0519444,0.06377436795821706,73000473,USGS-01049265
USGS-01047000,-69.955,44.86916667,0.28210212916332533,73000656,USGS-01049265
USGS-01047150,-69.8869444,44.77888889,0.885098351352466,73000469,USGS-01049265
USGS-01047200,-70.48527778,44.85777778,0.38749771860552185,73001343,USGS-01049265
USGS-01048000,-69.9375,44.70805556,0.9237789068783195,73000613,USGS-01049265
USGS-01048220,-69.6569444,44.9475,0.7787285122962402,73001426,USGS-01049265
USGS-01049265,-69.68388889,44.4722222,0.4957405826199623,73000462,USGS-01049265
USGS-01049500,-69.7780556,44.22916667,0.9162359204840917,73000681,USGS-01049500
USGS-01052500,-71.0575,44.8775,0.581506946068343,73000749,USGS-01059000
USGS-01053500,-71.1286111,44.7825,0.878292023898402,73000610,USGS-01059000
USGS-01053600,-71.18138889,44.6661111,0.08077370372623315,73000591,USGS-01059000
USGS-01054000,-71.19027778,44.4358333,0.4994116495975776,73000578,USGS-01059000
USGS-01054114,-71.1706556,44.38131944,0.9119533261074126,73000994,USGS-01059000
USGS-01054200,-70.9797222,44.39055556,0.8950732907035873,73000852,USGS-01059000
USGS-01054300,-70.7330556,44.5933333,0.15616255210422444,73000807,USGS-01059000
USGS-01054500,-70.5441667,44.5519444,0.9761996998750145,73000559,USGS-01059000
USGS-01055000,-70.58888889,44.64277778,0.5685137962180355,73000920,USGS-01059000
USGS-01055500,-70.2297222,44.26944444,0.5844848308898576,73000755,USGS-01059000
USGS-01057000,-70.5397222,44.30388889,0.08981728080304931,73000864,USGS-01059000
USGS-01059000,-70.2080556,44.0722222,0.12570772126913263,73000484,USGS-01059000
USGS-01060000,-70.1782694,43.79915,0.2400418472731152,73001710,USGS-01060000
USGS-01064140,-70.3029333,43.7245972,0.6818558510816972,73001769,USGS-01064140
USGS-010642505,-71.2855556,44.08388889,0.4161990042118615,73000882,USGS-01066000
USGS-01064500,-71.0905556,43.9908333,0.3970486233648707,73001631,USGS-01066000
USGS-01064801,-71.2878488,43.83007396,0.5988672725906631,73002213,USGS-01066000
USGS-01066000,-70.7816667,43.80805556,0.053139216348181036,73001624,USGS-01066000
USGS-01067950,-70.5533333,43.4322222,0.594369684796547,73002759,USGS-01067950
USGS-01068910,-70.7380556,43.4183333,0.765319532269093,73002783,USGS-01069500
USGS-01069500,-70.6583333,43.4183333,0.8836596520059818,73002035,USGS-01069500
USGS-01072800,-70.9736739,43.26841527,0.2653744655684239,73002056,USGS-01072800
USGS-01072870,-70.9564507,43.23480487,0.9581357600243932,73002184,USGS-01072870
USGS-01073319,-71.2016667,43.04138889,0.8464128443291488,73002207,USGS-01073500
USGS-01073500,-70.952559,43.10258558,0.6730476163122852,73001947,USGS-01073500
USGS-01073587,-71.038392,42.9845316,0.6335794086764492,73002135,USGS-01073587
USGS-01074520,-71.6598029,44.0475669,0.6808356943455599,73000818,USGS-01100000
USGS-01075000,-71.6795244,43.9761792,0.918479755964291,73001827,USGS-01100000
USGS-01076000,-71.8453594,43.79562647,0.9247095703946788,73002096,USGS-01100000
USGS-01076500,-71.6856337,43.7592388,0.0771369712687047,73001790,USGS-01100000
USGS-01077400,-71.8333333,43.70388889,0.29019798904908056,73002842,USGS-01100000
USGS-01078000,-71.747857,43.56646307,0.9080526288863462,73002246,USGS-01100000
USGS-01081000,-71.5875752,43.44174376,0.38602939872358666,73001894,USGS-01100000
USGS-01081500,-71.6528543,43.42285456,0.12737956575268503,73001762,USGS-01100000
USGS-01082000,-71.95924609,42.8625837,0.49352195384195224,73002252,USGS-01100000
USGS-01085000,-71.85730149,43.1520237,0.2437272883458965,73001907,USGS-01100000
USGS-01085500,-71.7472995,43.1928569,0.5213748715220844,73001890,USGS-01100000
USGS-01086000,-71.7322996,43.25091159,0.6046065774458078,73002030,USGS-01100000
USGS-01087000,-71.6945212,43.2970225,0.7190748216837275,73002106,USGS-01100000
USGS-01089500,-71.36951248,43.25674759,0.21766978904659337,73002006,USGS-01100000
USGS-01089925,-71.4059011,43.15980438,0.1836103706912423,73001948,USGS-01100000
USGS-01091000,-71.64146129,43.01480519,0.5328176253242826,73002052,USGS-01100000
USGS-01091500,-71.5506252,43.01675,0.5662937081135774,73002025,USGS-01100000
USGS-01092000,-71.4634002,42.9481405,0.6297239189042395,73001746,USGS-01100000
USGS-01093852,-71.7067399,42.8425858,0.6481095006310172,73002088,USGS-01100000
USGS-01094000,-71.5061785,42.8575865,0.882031989860057,73001989,USGS-01100000
USGS-01094400,-71.7881285,42.57620079,0.6857486805795796,73002178,USGS-01100000
USGS-01094500,-71.7219333,42.49506389,0.8387334966375085,73003280,USGS-01100000
USGS-01095220,-71.7911516,42.41080875,0.6888199580722791,73005046,USGS-01100000
USGS-01095375,-71.8281279,42.37286967,0.373883174023724,73003909,USGS-01100000
USGS-01095503,-71.6661111,42.41944444,0.7344038179517732,73003726,USGS-01100000
USGS-01096000,-71.6578479,42.63425619,0.6277049949035279,73002284,USGS-01100000
USGS-01096500,-71.57506809,42.66758945,0.9718738087864393,73001716,USGS-01100000
USGS-010965852,-71.35367448,42.78286636,0.7314019464982865,73002494,USGS-01100000
USGS-01097000,-71.4497848,42.432038,0.2949371829640905,73003541,USGS-01100000
USGS-01097480,-71.4564509,42.26009564,0.7358053085219994,73004912,USGS-01100000
USGS-01098530,-71.3975605,42.3253732,0.021572947372791206,73003584,USGS-01100000
USGS-01099500,-71.3020047,42.6367581,0.1512043619261744,73001714,USGS-01100000
USGS-01100000,-71.2983937,42.64592464,0.032485499737176037,73001690,USGS-01100000
USGS-01100561,-71.208393,42.7431456,0.99,73002206,USGS-01100561
USGS-01100600,-71.2147792,42.5681488,0.33429194588218764,73001821,USGS-01100600
USGS-01100627,-71.1492239,42.6714806,0.8318865805833913,73001821,USGS-01100600
USGS-01101000,-70.9456096,42.75286948,0.2859176852782909,73002408,USGS-01101000
USGS-01101500,-71.0269974,42.56953869,0.45334466724239914,73002255,USGS-01102000
USGS-01102000,-70.8936622,42.6598157,0.6768066058591411,73002039,USGS-01102000
USGS-01103280,-71.3895032,42.1398197,0.9208583637701916,73003704,USGS-01104500
USGS-01103500,-71.2600558,42.256209,0.22892790557396886,73003441,USGS-01104500
USGS-01104200,-71.227833,42.3164861,0.7110368860350115,73003441,USGS-01104500
USGS-01104460,-71.2706123,42.368985,0.45864993439078505,73004992,USGS-01104500
USGS-01104500,-71.2336668,42.37231857,0.8301073997433766,73003374,USGS-01104500
USGS-01105000,-71.2008863,42.1775987,0.6868209554815063,73004810,USGS-011055566
USGS-01105500,-71.1458842,42.15454356,0.01,73003984,USGS-011055566
USGS-01105554,-71.1458851,42.2092655,0.99,73003770,USGS-011055566
USGS-011055566,-71.0683514,42.2708065,0.28199799142356335,73003687,USGS-011055566
USGS-01105583,-70.9780711,42.2208065,0.39814861696114945,73003957,USGS-01105583
USGS-01105730,-70.8225115,42.100529,0.8798747044976059,73004796,USGS-01105730
USGS-01105917,-70.8383696,41.66260446,0.26127090555163646,73004474,USGS-01105917
USGS-01105933,-70.9903171,41.58538185,0.43685914342888665,73004442,USGS-01105933
USGS-01108000,-70.9564307,41.9339903,0.06759295784289093,73003492,USGS-01108000
USGS-01108410,-71.0894663,41.89969865,0.9154750574413498,73003777,USGS-01108410
USGS-01109000,-71.1767155,41.94760015,0.6339755135719465,73003780,USGS-01109060
USGS-01109060,-71.12282369,41.8662122,0.825687233717329,73003643,USGS-01109060
USGS-01109403,-71.3503315,41.83093377,0.7667320934331796,73003765,USGS-01109403
USGS-01109730,-71.7650702,42.1889835,0.47933252179941166,73003830,USGS-01113895
USGS-01110000,-71.7109023,42.230372,0.5841025416568253,73004939,USGS-01113895
USGS-01111212,-71.6164542,42.05481959,0.11120214415024321,73003475,USGS-01113895
USGS-01111500,-71.56200758,41.99648716,0.7188638964568972,73003717,USGS-01113895
USGS-01112500,-71.5025613,42.0064871,0.011135954822299928,73003415,USGS-01113895
USGS-01113895,-71.38144467,41.8884331,0.20507817187513383,73003378,USGS-01113895
USGS-01114000,-71.41061208,41.833989,0.7676729704014208,73004602,USGS-01114000
USGS-01114500,-71.4872823,41.8589884,0.4969151705936206,73004625,USGS-01114500
USGS-01115500,-71.5497842,41.73287798,0.6140896638908951,73003742,USGS-01116500
USGS-01116000,-71.5658958,41.69010026,0.32559174568057975,73003836,USGS-01116500
USGS-01116500,-71.4450575,41.75093399,0.8600142226270593,73003545,USGS-01116500
USGS-01116905,-71.47888889,41.63,0.8995932301280921,73004415,USGS-01117000
USGS-01117000,-71.4445016,41.6412122,0.36429896136115564,73004415,USGS-01117000
USGS-01117370,-71.568673,41.53898957,0.12976173275894887,73004355,USGS-01118500
USGS-01117420,-71.60476418,41.4766493,0.7316477867616616,73004355,USGS-01118500
USGS-01117430,-71.6211538,41.4460941,0.46004861345644854,73003709,USGS-01118500
USGS-01117500,-71.68087799,41.44498329,0.5946184013682644,73003672,USGS-01118500
USGS-01117800,-71.72062318,41.5739884,0.0354840641931299,73003873,USGS-01118500
USGS-01118000,-71.7164561,41.49815516,0.08755958035213701,73003658,USGS-01118500
USGS-01118500,-71.83255,41.3852623,0.70585576315249,73003432,USGS-01118500
USGS-01119382,-72.3128472,41.8240111,0.4170516298121092,73003748,USGS-011230695
USGS-01119500,-72.26561677,41.75053857,0.8573651699935162,73003748,USGS-011230695
USGS-01120790,-72.1061694,41.81616944,0.3364310057106265,73003808,USGS-011230695
USGS-01121000,-72.1689462,41.84359288,0.3514390644336747,73004623,USGS-011230695
USGS-01121330,-72.2427806,41.83319444,0.42304680216606694,73004630,USGS-011230695
USGS-01122000,-72.195575,41.7201,0.8426387685344405,73003562,USGS-011230695
USGS-01122500,-72.1820223,41.70037644,0.17345772576235388,73003458,USGS-011230695
USGS-01123000,-72.05229807,41.6717651,0.5545003664057476,73004536,USGS-011230695
USGS-011230695,-72.0462444,41.57000278,0.6700913733350243,73003397,USGS-011230695
USGS-01123360,-72.1261306,42.108375,0.24914486950405487,73003878,USGS-01127000
USGS-01123600,-72.0583806,42.08261944,0.8181124048375179,73003878,USGS-01127000
USGS-01124000,-71.9556289,42.0223189,0.37208734356022416,73003543,USGS-01127000
USGS-01124151,-71.8995972,41.94356667,0.99,73003543,USGS-01127000
USGS-01125100,-71.90051389,41.97846389,0.3996274767522439,73003595,USGS-01127000
USGS-01125490,-71.9300083,41.92784444,0.8042532518857535,73004714,USGS-01127000
USGS-01125500,-71.91386389,41.909475,0.017015613619528087,73003427,USGS-01127000
USGS-01127000,-71.9840944,41.59749167,0.12219235677315254,73003344,USGS-01127000
USGS-01127500,-72.1214469,41.55859526,0.1981927189493212,73003702,USGS-01127500
USGS-01129200,-71.4439704,45.04032368,0.04208594915095949,73000695,USGS-01184000
USGS-01129500,-71.63120018,44.74977166,0.061671213177681775,73000604,USGS-01184000
USGS-01130000,-71.4689721,44.62505316,0.04592561691773804,73000700,USGS-01184000
USGS-01131500,-71.7206438,44.4100591,0.5319133888640806,73000573,USGS-01184000
USGS-01133000,-71.8975942,44.63394195,0.20168969008668217,73000962,USGS-01184000
USGS-01134500,-71.8373143,44.5117231,0.1234939033653788,73000849,USGS-01184000
USGS-01135300,-72.03842899,44.4353353,0.4458895222305231,73000977,USGS-01184000
USGS-01135500,-72.0392613,44.3656147,0.8744966206176021,73000692,USGS-01184000
USGS-01137500,-71.6303617,44.2686741,0.1787963246958986,73000783,USGS-01184000
USGS-01138500,-72.0417577,44.15339689,0.6796227589829592,73000563,USGS-01184000
USGS-01139000,-72.0650915,44.1503413,0.8763662124408462,73000925,USGS-01184000
USGS-01141500,-72.2549322,43.79008627,0.23067898874088036,73002081,USGS-01184000
USGS-01142500,-72.6578821,43.93450969,0.9058809539399795,73001843,USGS-01184000
USGS-01144000,-72.418149,43.71423614,0.10103080953986374,73001771,USGS-01184000
USGS-01144500,-72.3123134,43.64618187,0.15679519106319179,73001697,USGS-01184000
USGS-01150900,-72.7589899,43.62229069,0.34606639460705135,73002832,USGS-01184000
USGS-01151500,-72.35425819,43.60257077,0.8999032878645418,73001980,USGS-01184000
USGS-01152010,-72.0911969,43.3864634,0.2771558971680143,73002243,USGS-01184000
USGS-01152500,-72.36203409,43.38757327,0.857584495497742,73002047,USGS-01184000
USGS-01153000,-72.51481258,43.33340716,0.9189311860443298,73001951,USGS-01184000
USGS-01153550,-72.48508889,43.1917433,0.7691587431541475,73002124,USGS-01184000
USGS-01154500,-72.4367549,43.12618905,0.03031358026222773,73001671,USGS-01184000
USGS-01154950,-72.3616667,43.14944444,0.183934517240709,73002071,USGS-01184000
USGS-01155500,-72.775374,43.1089665,0.9368793978836172,73002065,USGS-01184000
USGS-01155910,-72.7000939,43.0511901,0.5919140774311412,73001979,USGS-01184000
USGS-01157000,-72.2700858,43.03924586,0.2529822767252153,73002100,USGS-01184000
USGS-01158000,-72.31119719,42.9948023,0.6886289844316313,73002100,USGS-01184000
USGS-01158110,-72.279252,42.9192478,0.99,73002100,USGS-01184000
USGS-01160350,-72.3281415,42.87147076,0.3048391824512936,73001926,USGS-01184000
USGS-01161000,-72.4861996,42.78591586,0.7066322081341179,73001880,USGS-01184000
USGS-01161280,-72.4719444,42.6833333,0.30278453593173454,73001646,USGS-01184000
USGS-01162000,-72.08341388,42.6842527,0.06842056988036516,73002069,USGS-01184000
USGS-01162500,-72.1150812,42.6825859,0.4385381465772125,73002241,USGS-01184000
USGS-01163200,-72.04091198,42.58842124,0.5657917658011801,73002305,USGS-01184000
USGS-01165150,-72.23925,42.59258697,0.1682685012670667,73001945,USGS-01184000
USGS-01166500,-72.43786449,42.5975862,0.47560017054277004,73001908,USGS-01184000
USGS-01168500,-72.8541944,42.626,0.1645839756089272,73001886,USGS-01184000
USGS-01169000,-72.7250922,42.63841775,0.6746840319270353,73002067,USGS-01184000
USGS-01169900,-72.6936802,42.5419228,0.7126885348932492,73002294,USGS-01184000
USGS-01170000,-72.65342328,42.53591957,0.056591727824124416,73001863,USGS-01184000
USGS-01170100,-72.67064738,42.70341695,0.5526724254510631,73002442,USGS-01184000
USGS-01170500,-72.5745,42.5802222,0.03962984822008716,73001642,USGS-01184000
USGS-01171500,-72.6650907,42.31897839,0.6560024815254502,73005011,USGS-01184000
USGS-01172010,-72.6093111,42.19146944,0.6756298361091992,73003006,USGS-01184000
USGS-01172500,-72.0245212,42.42509025,0.2551200232070236,73003758,USGS-01184000
USGS-01173000,-72.0650774,42.39120167,0.5553936712872926,73003701,USGS-01184000
USGS-01173180,-72.1142451,42.38009065,0.18777903783233849,73003599,USGS-01184000
USGS-01173500,-72.27258047,42.2362038,0.519992993230801,73003449,USGS-01184000
USGS-01174500,-72.2384148,42.3934237,0.6013978688344189,73005058,USGS-01184000
USGS-01176000,-72.263691,42.18231566,0.7466632876454727,73003594,USGS-01184000
USGS-01177000,-72.5139756,42.16064906,0.8331315290486131,73003185,USGS-01184000
USGS-01179500,-72.8642636,42.28786655,0.4648182818307268,73003201,USGS-01184000
USGS-01181000,-72.895654,42.23731169,0.7970198464583353,73003733,USGS-01184000
USGS-01183500,-72.698981,42.1067602,0.08010343861283224,73003163,USGS-01184000
USGS-01184000,-72.6053669,41.9873186,0.1869395014647605,73002999,USGS-01184000
USGS-01185500,-73.0728833,42.0788611,0.05725259554245996,73003677,USGS-01189995
USGS-01186000,-73.017606,41.9628729,0.9573471134534718,73003600,USGS-01189995
USGS-01186500,-73.0334444,41.9679222,0.2326196826511607,73003753,USGS-01189995
USGS-01187300,-72.93932778,42.0375,0.24802507825132702,73004772,USGS-01189995
USGS-01187800,-72.9701041,41.8206529,0.5676592234615949,73004593,USGS-01189995
USGS-01188090,-72.8870417,41.7555472,0.503785244836055,73003423,USGS-01189995
USGS-01189000,-72.90065738,41.673154,0.06906508782895922,73003787,USGS-01189995
USGS-01189995,-72.75935278,41.9082833,0.05726374056749259,73003349,USGS-01189995
USGS-01191000,-72.7080556,41.78443889,0.5316820262292563,73003972,USGS-01191000
USGS-01192500,-72.5873114,41.7831548,0.2571982406856568,73003588,USGS-01192500
USGS-01192883,-72.7065306,41.5202333,0.44453648062563106,73004293,USGS-01192883
USGS-01193500,-72.44925287,41.55232124,0.14151594517759003,73003729,USGS-01193500
USGS-01194000,-72.33267778,41.44166944,0.825836720621896,73004312,USGS-01194000
USGS-01194500,-72.33477778,41.42751667,0.9539121137312709,73004299,USGS-01194500
USGS-01196500,-72.841275,41.45026389,0.47423264978607094,73003644,USGS-01196500
USGS-01196620,-72.9026583,41.42041389,0.29992030396633157,73004297,USGS-01196620
USGS-01197000,-73.1973333,42.4695833,0.3895794848026616,73003821,USGS-01205500
USGS-01197500,-73.3546667,42.23191667,0.9102063571755972,73003192,USGS-01205500
USGS-01198000,-73.3912306,42.1929083,0.1127717095013176,73003706,USGS-01205500
USGS-01198125,-73.333427,42.07470689,0.5069196337383869,73003164,USGS-01205500
USGS-01199000,-73.36928577,41.95731548,0.4973945029738111,73003155,USGS-01205500
USGS-01199050,-73.3909298,41.9422082,0.5185522541661028,73003993,USGS-01205500
USGS-01200000,-73.5286833,41.65876389,0.7756269954052644,73003504,USGS-01205500
USGS-01200500,-73.4898462,41.6531496,0.19791383822924816,73003140,USGS-01205500
USGS-01201487,-73.40320278,41.4658222,0.5511004783812394,73003806,USGS-01205500
USGS-01202501,-73.29260278,41.719575,0.29144754865209993,73003868,USGS-01205500
USGS-01203510,-73.2821,41.41925,0.6782325642850466,73004220,USGS-01205500
USGS-01203805,-73.21535278,41.5577083,0.8428134214706525,73003919,USGS-01205500
USGS-01204000,-73.2245722,41.48193889,0.5468782415178628,73003842,USGS-01205500
USGS-01205500,-73.16663889,41.38380278,0.8865437527659383,73003122,USGS-01205500
USGS-01206900,-73.0695527,41.6737084,0.43596097021424457,73003590,USGS-01208500
USGS-01208171,-73.05427449,41.5570413,0.34300712643590237,73003482,USGS-01208500
USGS-01208500,-73.0622833,41.4423,0.39721214646728337,73003429,USGS-01208500
USGS-01208925,-73.2700083,41.165475,0.5868510723195343,73003778,USGS-01208925
USGS-01208990,-73.39512029,41.29454,0.2670298581107889,73004179,USGS-01209500
USGS-01209005,-73.3492361,41.24551389,0.6115365597901156,73004179,USGS-01209500
USGS-01209500,-73.3648167,41.17073056,0.9839798918836515,73003632,USGS-01209500
USGS-01209700,-73.4195444,41.16376667,0.7858570768289014,73004142,USGS-01209700
USGS-01209901,-73.5492722,41.0661111,0.18314381283004924,73004086,USGS-01209901
USGS-01302020,-73.87438889,40.86230556,0.1848854378111821,73005265,USGS-01302020
USGS-01304500,-72.6869444,40.91369444,0.29696785408912946,73005808,USGS-01304500
USGS-01306500,-73.15038889,40.7475833,0.2567798777517026,73006525,USGS-01306500
USGS-01312000,-74.13138889,43.96602778,0.0882664150739125,73001807,USGS-01358000
USGS-01315000,-74.2670556,43.7565,0.8890071006096846,73002031,USGS-01358000
USGS-01315500,-73.9831944,43.7008611,0.9810196114756023,73001774,USGS-01358000
USGS-01318500,-73.8443056,43.31905556,0.01,73001752,USGS-01358000
USGS-01321000,-74.2684722,43.3534722,0.15382881475984492,73001939,USGS-01358000
USGS-01325000,-73.8672222,43.3113611,0.8328942123373965,73001864,USGS-01358000
USGS-01327750,-73.5958333,43.26938889,0.9605083458992453,73001748,USGS-01358000
USGS-01329490,-73.4224167,43.10866667,0.2641046921983011,73001906,USGS-01358000
USGS-01330000,-73.9275833,43.03080556,0.8128689484972359,73002566,USGS-01358000
USGS-01331095,-73.6516667,42.93555556,0.8884416562985324,73001737,USGS-01358000
USGS-01331500,-73.12397168,42.61109077,0.023262446285587234,73002191,USGS-01358000
USGS-01332000,-73.09315878,42.7023041,0.8137008091082945,73002424,USGS-01358000
USGS-01332500,-73.1589722,42.70025695,0.606401739022874,73002068,USGS-01358000
USGS-01333000,-73.1967511,42.70886815,0.87669160123247,73002274,USGS-01358000
USGS-01334000,-73.2564981,42.91285604,0.08321659480289698,73002115,USGS-01358000
USGS-01334500,-73.3769444,42.9385833,0.4733612643667718,73001900,USGS-01358000
USGS-01335754,-73.6661111,42.82916667,0.34876040091504185,73001734,USGS-01358000
USGS-01336000,-75.43638889,43.26444444,0.6090016884645371,73002079,USGS-01358000
USGS-01337005,-75.3057222,43.2078611,0.776571320646431,73002649,USGS-01358000
USGS-01338000,-75.3378056,43.14277778,0.5212258098555386,73002028,USGS-01358000
USGS-01339060,-75.294,43.11144444,0.26274831235222723,73002127,USGS-01358000
USGS-01342602,-75.1579167,43.09369444,0.99,73001889,USGS-01358000
USGS-01342682,-75.1043056,43.02694444,0.3043752220273718,73002552,USGS-01358000
USGS-01342730,-75.0416667,43.0065833,0.6911783014438688,73002529,USGS-01358000
USGS-01343060,-74.95777778,43.3661111,0.3120281440742109,73001962,USGS-01358000
USGS-01343403,-74.9591944,43.28277778,0.43363003265219235,73002120,USGS-01358000
USGS-01344795,-75.18425,43.27038889,0.10425819097683063,73002196,USGS-01358000
USGS-01346000,-74.98827778,43.06852778,0.17222401239650728,73001862,USGS-01358000
USGS-01347000,-74.7794444,43.0147222,0.5980832315012232,73001859,USGS-01358000
USGS-01348000,-74.7408333,43.01666667,0.7980935665810903,73001969,USGS-01358000
USGS-01349000,-74.63288889,42.92925,0.7337693422577541,73002164,USGS-01358000
USGS-01349150,-74.6028611,42.87627778,0.5171588883118161,73002167,USGS-01358000
USGS-01349527,-74.371,42.95044444,0.15916654895002083,73001847,USGS-01358000
USGS-01349700,-74.30277778,42.24916667,0.8971231867164183,73004888,USGS-01358000
USGS-01349705,-74.34027778,42.23694444,0.41032550233007964,73003616,USGS-01358000
USGS-01349810,-74.3930556,42.23027778,0.8069054410263355,73004859,USGS-01358000
USGS-01349950,-74.39,42.3083333,0.8920796571784346,73004923,USGS-01358000
USGS-01350000,-74.4366667,42.31944444,0.461294425157626,73003490,USGS-01358000
USGS-01350035,-74.4516667,42.33805556,0.9274188088646714,73005001,USGS-01358000
USGS-01350080,-74.4130556,42.37694444,0.5985763412914582,73003913,USGS-01358000
USGS-01350180,-74.4622222,42.4658333,0.9097107686714354,73003419,USGS-01358000
USGS-01350212,-74.44113889,42.47263889,0.2022659731047505,73001727,USGS-01358000
USGS-01350355,-74.41025,42.53763889,0.8094825771828759,73001724,USGS-01358000
USGS-01350500,-74.3363611,42.5995,0.17043720994650638,73001715,USGS-01358000
USGS-01351200,-74.25388889,42.67305556,0.2083315773371826,73002066,USGS-01358000
USGS-01351298,-74.4819167,42.67255556,0.5236726545881677,73002054,USGS-01358000
USGS-01351500,-74.26277778,42.80002778,0.19574320622984603,73001702,USGS-01358000
USGS-01354083,-74.1918611,42.934,0.03498047622706848,73001681,USGS-01358000
USGS-01354500,-73.93075,42.83052778,0.6452444898051227,73001673,USGS-01358000
USGS-01357500,-73.70777778,42.78538889,0.7675812026530314,73001663,USGS-01358000
USGS-01358000,-73.68888889,42.7522222,0.5056967363403724,73001658,USGS-01358000
USGS-01359528,-73.80427778,42.63363889,0.7222324617163297,73001972,USGS-01359528
USGS-01361000,-73.7444444,42.33105556,0.9049098262082986,73002975,USGS-01361000
USGS-0136219503,-74.4490833,42.09788889,0.8881222946553764,73004750,USGS-01364500
USGS-01362200,-74.38027778,42.11694444,0.22196020090793633,73003774,USGS-01364500
USGS-0136230002,-74.3345833,42.0797222,0.9333490589879164,73004738,USGS-01364500
USGS-01362370,-74.31088889,42.10202778,0.683638997177255,73004809,USGS-01364500
USGS-01362487,-74.2768136,42.046758,0.980726222672859,73004762,USGS-01364500
USGS-01362497,-74.26638889,42.01944444,0.9037614338198477,73004728,USGS-01364500
USGS-01362500,-74.2701944,42.0144722,0.0578967763389443,73003531,USGS-01364500
USGS-01363382,-74.2930556,41.96555556,0.2051236474290762,73004687,USGS-01364500
USGS-01363556,-74.1453611,41.8793333,0.36622171366740913,73003467,USGS-01364500
USGS-01364500,-73.9719444,42.03777778,0.26702679232438264,73003363,USGS-01364500
USGS-01365000,-74.4872222,41.86638889,0.7735313562818945,73004654,USGS-01367500
USGS-01365500,-74.5394444,41.845,0.37313843954988996,73004605,USGS-01367500
USGS-01367500,-74.0861111,41.8430833,0.3516308110149993,73003381,USGS-01367500
USGS-01368050,-74.5343333,41.2878333,0.612264638944912,73003647,USGS-01371500
USGS-01370520,-74.3659444,41.43838889,0.0888626446660332,73003430,USGS-01371500
USGS-01371500,-74.16527778,41.68613889,0.02863675309616098,73003348,USGS-01371500
USGS-01372500,-73.8725833,41.65313889,0.5322081528241298,73003579,USGS-01372500
USGS-0137449480,-73.5560833,41.44725,0.21182174973552256,73003918,USGS-01375000
USGS-01374505,-73.6074722,41.3945833,0.6715071454461603,73003918,USGS-01375000
USGS-01374531,-73.6395833,41.37338889,0.8364081044883128,73003918,USGS-01375000
USGS-01374581,-73.7361111,41.44994444,0.4766541862255066,73004298,USGS-01375000
USGS-0137462010,-73.69375,41.41180556,0.2482878670434072,73003882,USGS-01375000
USGS-01374701,-73.6679722,41.358,0.488903984838579,73003744,USGS-01375000
USGS-01374821,-73.65563889,41.3271111,0.9538496727067299,73004186,USGS-01375000
USGS-01374901,-73.6660833,41.26605556,0.8530228011004221,73004146,USGS-01375000
USGS-01375000,-73.85888889,41.22502778,0.20219775208293297,73003424,USGS-01375000
USGS-01376800,-73.96388889,41.09555556,0.37394411375152653,73005205,USGS-01378500
USGS-01377000,-73.9891667,40.99916667,0.926399428245,73005205,USGS-01378500
USGS-01377500,-74.0211111,40.99277778,0.7139293005848898,73005203,USGS-01378500
USGS-01378500,-74.0266667,40.9483333,0.3230556618823363,73005190,USGS-01378500
USGS-01379000,-74.52888889,40.68,0.4672100785365592,73005692,USGS-01389890
USGS-01379500,-74.3897222,40.7261111,0.7568387685045762,73005602,USGS-01389890
USGS-01379845,-74.56,40.8861111,0.32014188353992984,73005230,USGS-01389890
USGS-01380450,-74.4191667,40.9075,0.19156484119026507,73005222,USGS-01389890
USGS-01381000,-74.3947222,40.89694444,0.4316763483600285,73005222,USGS-01389890
USGS-01381500,-74.4569444,40.8072222,0.40945048688537045,73006496,USGS-01389890
USGS-01381800,-74.3472222,40.845,0.6917945501180007,73005561,USGS-01389890
USGS-01381900,-74.3216667,40.8625,0.15119905107865403,73005214,USGS-01389890
USGS-01382210,-74.5016667,41.0397222,0.5812350053763831,73004040,USGS-01389890
USGS-01382385,-74.4083333,41.0247222,0.333738913333446,73005202,USGS-01389890
USGS-01382500,-74.4011111,41.0183333,0.37996174717012104,73005202,USGS-01389890
USGS-01382800,-74.2980556,40.9986111,0.9444286547706254,73005202,USGS-01389890
USGS-01383500,-74.3336111,41.16027778,0.9543372117535508,73003942,USGS-01389890
USGS-01387000,-74.2930556,41.04416667,0.2977133833623713,73005257,USGS-01389890
USGS-01387400,-74.1686111,41.14027778,0.46289221359279387,73003669,USGS-01389890
USGS-01387420,-74.16027778,41.1183333,0.8156012396772503,73003669,USGS-01389890
USGS-01387500,-74.16277778,41.09805556,0.044773409233655026,73005255,USGS-01389890
USGS-01387905,-74.25,41.0275,0.6798432224673473,73005255,USGS-01389890
USGS-01388000,-74.28,40.99194444,0.9398197279951535,73005255,USGS-01389890
USGS-01388500,-74.2819444,40.9697222,0.207279047379537,73005192,USGS-01389890
USGS-01389010,-74.2661111,40.89444444,0.8935515414877832,73005184,USGS-01389890
USGS-01389500,-74.2261111,40.8847222,0.7944100202649843,73005183,USGS-01389890
USGS-01389890,-74.1283333,40.8858333,0.8341173462648142,73005182,USGS-01389890
USGS-01391000,-74.1119444,40.99777778,0.5139084116082918,73005271,USGS-01391102
USGS-01391102,-74.0997222,40.95527778,0.01,73005236,USGS-01391102
USGS-01391500,-74.0805556,40.89027778,0.6195247629641233,73005236,USGS-01391102
USGS-01395000,-74.2833333,40.61888889,0.9367800456644227,73006430,USGS-01395000
USGS-01396500,-74.8791667,40.67777778,0.7749891508780477,73005792,USGS-01403060
USGS-01396800,-74.9155556,40.64,0.7317540486254659,73005744,USGS-01403060
USGS-01397000,-74.8680556,40.5722222,0.906160627372225,73005461,USGS-01403060
USGS-01398000,-74.82777778,40.4733333,0.43226293902853175,73005810,USGS-01403060
USGS-01398500,-74.6361111,40.7083333,0.739915640274757,73006467,USGS-01403060
USGS-01399500,-74.73027778,40.7275,0.7363403577859239,73006590,USGS-01403060
USGS-01400000,-74.6791667,40.57055556,0.5530600149148015,73005379,USGS-01403060
USGS-01400500,-74.58277778,40.55555556,0.4869098673304167,73005342,USGS-01403060
USGS-01402000,-74.5758333,40.475,0.06674171110114621,73005448,USGS-01403060
USGS-01403060,-74.5483333,40.5511111,0.5714285714287878,73005331,USGS-01403060
USGS-01403900,-74.50777778,40.585,0.17194827497813875,73005718,USGS-01403900
USGS-01405030,-74.41277778,40.48305556,0.8934162073799502,73006264,USGS-01405030
USGS-01405400,-74.3905556,40.38944444,0.9393336469302666,73006196,USGS-01405400
USGS-01407500,-74.1155556,40.3197222,0.12782262022851115,73005748,USGS-01407500
USGS-01408000,-74.1547222,40.16138889,0.9653755802836891,73006171,USGS-01408029
USGS-01408029,-74.1222222,40.14666667,0.7723019171414547,73005637,USGS-01408029
USGS-01408120,-74.1525,40.09166667,0.5732232383510335,73005656,USGS-01408120
USGS-01408500,-74.2233333,39.98638889,0.29979102753368675,73005558,USGS-01408500
USGS-01408900,-74.1905556,39.87916667,0.2359805759871728,73006003,USGS-01408900
USGS-01409400,-74.665,39.67444444,0.9031462637496634,73005950,USGS-01409400
USGS-01409810,-74.5480556,39.68805556,0.7192667820147656,73005921,USGS-01409810
USGS-01410000,-74.5234444,39.66394444,0.9187978736298062,73005605,USGS-01410000
USGS-01410820,-74.9133333,39.66916667,0.5385669635079462,73005924,USGS-01410820
USGS-01411300,-74.8205556,39.30694444,0.36705247219889003,73007753,USGS-01411300
USGS-01411500,-75.0769444,39.49555556,0.19327918612899467,73006715,USGS-01411500
USGS-01412800,-75.2555556,39.4725,0.38005198582921007,73006723,USGS-01412800
USGS-01413398,-74.60138889,42.1508333,0.9385588601122173,73004862,USGS-01463500
USGS-01413408,-74.6233333,42.14666667,0.6554530073840302,73003705,USGS-01463500
USGS-01413500,-74.6536111,42.1447222,0.3835127055138849,73003667,USGS-01463500
USGS-01414000,-74.6955556,42.13305556,0.9110460271700055,73004873,USGS-01463500
USGS-01414500,-74.7305556,42.1061111,0.8896024422814192,73004768,USGS-01463500
USGS-01417000,-74.97627778,42.07502778,0.7895807433134593,73003431,USGS-01463500
USGS-01417500,-75.11927778,42.0245833,0.08896534839977127,73003373,USGS-01463500
USGS-01419500,-74.81277778,41.9033333,0.6570070209669863,73003703,USGS-01463500
USGS-01420500,-74.9796667,41.94641667,0.8366555635293429,73003496,USGS-01463500
USGS-01421000,-75.1747222,41.97327778,0.5420125140615649,73003356,USGS-01463500
USGS-01421900,-74.9072222,42.28027778,0.4937516467023125,73003533,USGS-01463500
USGS-01422500,-74.9010556,42.25238889,0.857721214249623,73004914,USGS-01463500
USGS-01422747,-75.1219167,42.17266667,0.9215872382463746,73004887,USGS-01463500
USGS-01422779,-75.1289167,42.17738889,0.797522791891658,73004885,USGS-01463500
USGS-01423000,-75.14002778,42.1661111,0.99,73003401,USGS-01463500
USGS-0142400103,-75.2794444,42.1735833,0.7510384033536305,73004867,USGS-01463500
USGS-01425000,-75.3958056,42.07491667,0.937639947594503,73003347,USGS-01463500
USGS-01425805,-75.4851944,42.04869444,0.09166110079981665,73003749,USGS-01463500
USGS-01426500,-75.38352778,42.00302778,0.09004422096456934,73003334,USGS-01463500
USGS-01427195,-75.2383333,41.84027778,0.4174237101565862,73003786,USGS-01463500
USGS-01427207,-75.21375,41.86727778,0.09833738564381395,73003325,USGS-01463500
USGS-01427500,-75.04838889,41.76055556,0.530532916325019,73003611,USGS-01463500
USGS-01427510,-75.0574167,41.75675,0.06785085405542514,73003321,USGS-01463500
USGS-01428000,-75.01438889,41.56377778,0.3248424884155861,73003769,USGS-01463500
USGS-01428500,-74.9860556,41.50875,0.7267518926674819,73003317,USGS-01463500
USGS-01428750,-75.37601299,41.67452998,0.03258088297902509,73003858,USGS-01463500
USGS-01429000,-75.326829,41.5872185,0.9582813453081358,73003858,USGS-01463500
USGS-01429301,-75.28205278,41.65308889,0.2540092477224551,73003800,USGS-01463500
USGS-01429500,-75.26710469,41.6072181,0.4876483490812677,73003736,USGS-01463500
USGS-01430000,-75.2479377,41.5619407,0.8973787366580532,73003572,USGS-01463500
USGS-01431500,-75.1721186,41.4762002,0.8216208104512008,73003471,USGS-01463500
USGS-01432055,-75.1089444,41.46941667,0.6168503438321159,73003462,USGS-01463500
USGS-01432110,-75.036281,41.4759228,0.484956918467066,73003416,USGS-01463500
USGS-01432160,-74.91325,41.4748333,0.981238494017014,73003315,USGS-01463500
USGS-01432495,-74.9216667,41.45,0.7047063769610777,73003608,USGS-01463500
USGS-01432900,-74.7805556,41.66805556,0.23457868734959467,73003724,USGS-01463500
USGS-01433005,-74.78327778,41.56727778,0.9482044015630435,73003623,USGS-01463500
USGS-01433500,-74.75877778,41.4612222,0.6491010967026988,73003535,USGS-01463500
USGS-01434000,-74.69713889,41.3705833,0.17756805092507003,73003309,USGS-01463500
USGS-01434017,-74.54027778,41.92527778,0.715963260223701,73004685,USGS-01463500
USGS-01434498,-74.57438889,41.92041667,0.9833983949818432,73004704,USGS-01463500
USGS-01435000,-74.5898056,41.88994444,0.09640211721034597,73003743,USGS-01463500
USGS-01436000,-74.6355556,41.82,0.455483716864171,73003743,USGS-01463500
USGS-01436655,-74.62302778,41.66780556,0.14077054950645526,73003928,USGS-01463500
USGS-01436690,-74.61688889,41.63805556,0.09354831303647564,73003426,USGS-01463500
USGS-01437349,-74.5522222,41.49963889,0.9189320992362542,73004401,USGS-01463500
USGS-01437500,-74.60188889,41.4413611,0.09210884913299022,73003376,USGS-01463500
USGS-01438500,-74.79527778,41.30916667,0.2219518439395076,73003307,USGS-01463500
USGS-01439500,-75.03767469,41.08815078,0.025580757970876965,73003502,USGS-01463500
USGS-01440000,-74.9525,41.1061111,0.8930012400262631,73003791,USGS-01463500
USGS-01440400,-75.2146251,41.0848148,0.8706610704689687,73004092,USGS-01463500
USGS-01442500,-75.1426788,40.998706,0.9635894096786856,73005204,USGS-01463500
USGS-01443500,-74.9533333,40.9808333,0.45661825069355194,73005256,USGS-01463500
USGS-01445000,-74.77638889,40.9808333,0.10554454850615783,73005243,USGS-01463500
USGS-01445500,-74.97777778,40.83055556,0.7038409866655068,73005231,USGS-01463500
USGS-01446000,-75.04638889,40.8433333,0.9693745384337449,73005819,USGS-01463500
USGS-01446500,-75.0825,40.82638889,0.03833657144864878,73005181,USGS-01463500
USGS-01446775,-75.2651783,40.7489862,0.910230866025614,73005802,USGS-01463500
USGS-01447500,-75.62545259,41.1302794,0.6573740989602408,73003661,USGS-01463500
USGS-01447680,-75.52138889,41.06527778,0.15123313317268164,73004021,USGS-01463500
USGS-01447720,-75.6054522,41.08472426,0.14040545390030962,73003566,USGS-01463500
USGS-01447800,-75.73212288,41.10472447,0.1454725598021636,73003454,USGS-01463500
USGS-01449000,-75.70518938,40.8292587,0.9584479422693436,73005225,USGS-01463500
USGS-01449360,-75.5024077,40.8975919,0.08912752058833769,73005651,USGS-01463500
USGS-01449800,-75.6457437,40.84564756,0.30436489880806167,73005518,USGS-01463500
USGS-01450500,-75.5979643,40.8062047,0.7802178138093568,73005598,USGS-01463500
USGS-01451000,-75.60296388,40.7570395,0.873899164792205,73005217,USGS-01463500
USGS-01451500,-75.48296088,40.5823197,0.9124741775362035,73005682,USGS-01463500
USGS-01451650,-75.4740717,40.59648637,0.5285954792090832,73005542,USGS-01463500
USGS-01451800,-75.626854,40.66176219,0.1318781203755215,73005689,USGS-01463500
USGS-01452000,-75.48239529,40.623062,0.869812480104668,73005689,USGS-01463500
USGS-01452500,-75.37934709,40.6412091,0.7614788122977493,73005801,USGS-01463500
USGS-01453000,-75.3787914,40.6153761,0.04275277353655043,73005208,USGS-01463500
USGS-01454700,-75.23628808,40.6692656,0.752249598325257,73005207,USGS-01463500
USGS-01455290,-75.16863889,40.6354722,0.9192549866534809,73006481,USGS-01463500
USGS-01457000,-75.0608333,40.6722222,0.7462131372779771,73005764,USGS-01463500
USGS-01457500,-75.1897222,40.5947222,0.9061104209481659,73005166,USGS-01463500
USGS-01459500,-75.1165609,40.4337151,0.22776473806202352,73005519,USGS-01463500
USGS-01460440,-74.685,40.30444444,0.8605361217255051,73006262,USGS-01464000
USGS-01463500,-74.7780556,40.22166667,0.5247257011840332,73005147,USGS-01463500
USGS-01463620,-74.6719444,40.2697222,0.8126678737170198,73006173,USGS-01464000
USGS-01464000,-74.7491667,40.22416667,0.33397195734435264,73005497,USGS-01464000
USGS-01464500,-74.6,40.1372222,0.44310944048305034,73005674,USGS-01464500
USGS-01464645,-75.2065626,40.31232805,0.6064451089711338,73006240,USGS-01465500
USGS-01464720,-75.20378458,40.28816188,0.07295384294298192,73005746,USGS-01465500
USGS-01464750,-75.0348915,40.26038549,0.9801631801103979,73005737,USGS-01465500
USGS-01464907,-75.119616,40.22927456,0.24123928586341684,73005809,USGS-01465500
USGS-01464984,-75.0537809,40.2406635,0.751343200372329,73005809,USGS-01465500
USGS-01465200,-75.0087083,40.25184167,0.08604834417462538,73005481,USGS-01465500
USGS-01465500,-74.9568342,40.1739982,0.027344458607695885,73005399,USGS-01465500
USGS-01465850,-74.7630556,39.94,0.7699789391994162,73005690,USGS-01465850
USGS-01466900,-74.62777778,39.9561111,0.8260525082480036,73005616,USGS-01467000
USGS-01467000,-74.6844444,39.97,0.2197777432536988,73005578,USGS-01467000
USGS-01467042,-75.0690517,40.0897334,0.4255359528757175,73006145,USGS-01467042
USGS-01467048,-75.0326619,40.0500115,0.7735950872144343,73006145,USGS-01467042
USGS-01467087,-75.0968411,40.0159454,0.6700829353836744,73006096,USGS-01467087
USGS-01468500,-76.1246622,40.6292577,0.99,73005600,USGS-01474500
USGS-01469500,-75.97185458,40.8069505,0.7521682205933885,73005775,USGS-01474500
USGS-01470500,-75.99826819,40.5225932,0.9541153690004704,73005425,USGS-01474500
USGS-01470755,-75.8749251,40.52537159,0.01,73005521,USGS-01474500
USGS-01470761,-75.9396944,40.42852778,0.9442954823110425,73005501,USGS-01474500
USGS-01470779,-76.1715854,40.4133443,0.948560903506024,73005649,USGS-01474500
USGS-01470960,-76.025192,40.37056658,0.7167152992694511,73005452,USGS-01474500
USGS-01471000,-75.9791015,40.36898166,0.26906822830399685,73005421,USGS-01474500
USGS-01471510,-75.9368333,40.3353611,0.7557263804124034,73005340,USGS-01474500
USGS-01471875,-75.7421359,40.339538,0.2733605404303019,73005791,USGS-01474500
USGS-01472000,-75.6515752,40.2417631,0.071093590037785,73005310,USGS-01474500
USGS-01472157,-75.601305,40.15149064,0.4979271545178141,73005727,USGS-01474500
USGS-01472198,-75.5154532,40.393898,0.4913996443025772,73005805,USGS-01474500
USGS-01472199,-75.5224034,40.3739879,0.8791668486068109,73006281,USGS-01474500
USGS-01472810,-75.4287873,40.2587137,0.8952010638883031,73006266,USGS-01474500
USGS-01473000,-75.451567,40.22954725,0.17120350953821944,73005475,USGS-01474500
USGS-01473500,-75.3561111,40.11555556,0.8155345977212356,73005298,USGS-01474500
USGS-01473900,-75.2198992,40.1239987,0.047046159817743884,73005734,USGS-01474500
USGS-01474000,-75.2068343,40.0152903,0.9863780942973857,73005734,USGS-01474500
USGS-01474500,-75.1885007,39.9677908,0.32126841510692433,73005295,USGS-01474500
USGS-01476480,-75.40323,39.9161255,0.40497593999248105,73006057,USGS-01476480
USGS-01477000,-75.4082494,39.8690009,0.6061765624700145,73005646,USGS-01477000
USGS-01477120,-75.2591667,39.74055556,0.6749731859876624,73005905,USGS-01477120
USGS-01478245,-75.7708333,39.7475,0.011795269244173132,73005667,USGS-01478245
USGS-01478650,-75.74875,39.6892222,0.4385127640103824,73005667,USGS-01478245
USGS-01479000,-75.67502778,39.6992222,0.8623770438938526,73005667,USGS-01478245
USGS-01479820,-75.6916008,39.81677739,0.01,73005768,USGS-01479820
USGS-01480000,-75.6365,39.76280556,0.6387098931529183,73005768,USGS-01479820
USGS-01480015,-75.6399444,39.71575,0.9562918102850011,73005768,USGS-01479820
USGS-01480500,-75.8274467,39.98566144,0.6526013965292558,73006099,USGS-01481000
USGS-01480617,-75.8013341,39.9617734,0.8228460319483318,73006099,USGS-01481000
USGS-01480700,-75.708517,40.03473617,0.4633990140585044,73005647,USGS-01481000
USGS-01480870,-75.6732715,39.9687191,0.896827750715718,73005590,USGS-01481000
USGS-01481000,-75.5932623,39.8698328,0.2660911140454806,73005442,USGS-01481000
USGS-01481500,-75.5766944,39.7695,0.7499757630983761,73005442,USGS-01481000
USGS-01483700,-75.5190833,39.1637222,0.5805279200540416,73007150,USGS-01483700
USGS-01484525,-75.29102778,38.59455556,0.22390238123790623,73007040,USGS-01484525
USGS-01485000,-75.3244444,38.38888889,0.7208681182678258,73007068,USGS-01485000
USGS-01485500,-75.4714444,38.22891667,0.9707149370207844,73007281,USGS-01485500
USGS-01487000,-75.5618611,38.7283333,0.04591324336650607,73007053,USGS-01487000
USGS-01488500,-75.6731111,38.84969444,0.21999883700319442,73007113,USGS-01488500
USGS-01491000,-75.7858056,38.99719444,0.9852049562082748,73007017,USGS-01491000
USGS-01491500,-75.9430556,38.96680556,0.99,73007016,USGS-01491500
USGS-01495000,-75.8255833,39.6675833,0.6107071382966386,73005765,USGS-01495000
USGS-01500000,-75.2343056,42.33313889,0.40284580477018167,73003625,USGS-01578310
USGS-01500500,-75.31638889,42.3215,0.5746415506891056,73003174,USGS-01578310
USGS-01502500,-75.4061111,42.37777778,0.5002440345009802,73003227,USGS-01578310
USGS-01502632,-75.47677778,42.2918333,0.3351676897580821,73003157,USGS-01578310
USGS-01502731,-75.6369444,42.07405556,0.1424798677487213,73003142,USGS-01578310
USGS-01503000,-75.80227778,42.03555556,0.14889916084756383,73003126,USGS-01578310
USGS-01505000,-75.5105556,42.6786111,0.09576857226085862,73001991,USGS-01578310
USGS-01505810,-75.59638889,42.44166667,0.29555770176795365,73003241,USGS-01578310
USGS-01507000,-75.77125,42.32444444,0.5658350656720456,73003204,USGS-01578310
USGS-01509000,-76.15938889,42.60266667,0.09532639853750302,73001957,USGS-01578310
USGS-01510000,-75.8997222,42.5411111,0.8223072044456925,73002001,USGS-01578310
USGS-01512500,-75.84813889,42.21805556,0.4086110177596782,73003183,USGS-01578310
USGS-01513500,-76.05652778,42.09166667,0.8752198516531599,73003119,USGS-01578310
USGS-01513831,-76.2656944,42.09613889,0.8266016617993859,73003113,USGS-01578310
USGS-01514000,-76.2705556,42.12916667,0.8416684883987117,73003510,USGS-01578310
USGS-01514850,-76.3322222,41.97416667,0.4958182308997704,73003887,USGS-01578310
USGS-01515000,-76.50125,41.98494444,0.888396725677677,73003109,USGS-01578310
USGS-01516350,-77.0802457,41.7970183,0.5385984786516187,73003538,USGS-01578310
USGS-01518000,-77.1293867,41.90833256,0.739657272148242,73003466,USGS-01578310
USGS-01518420,-77.27328068,41.8425002,0.05057907717903094,73003735,USGS-01578310
USGS-01518700,-77.1152486,41.95257385,0.48925846928539407,73003439,USGS-01578310
USGS-01518862,-77.5319,41.9230558,0.05341330692369711,73003691,USGS-01578310
USGS-01519200,-77.30216978,41.98749908,0.40035767491209107,73003499,USGS-01578310
USGS-01520000,-77.1399724,41.99674048,0.8102541147556176,73003440,USGS-01578310
USGS-01520500,-77.1321944,42.0287222,0.5649390667961182,73003405,USGS-01578310
USGS-01521500,-77.71138889,42.3958333,0.8880166302412237,73004982,USGS-01578310
USGS-01523500,-77.6826667,42.3348611,0.7120354523654026,73003908,USGS-01578310
USGS-01524500,-77.6510833,42.3134722,0.8269829164365124,73003605,USGS-01578310
USGS-01525500,-77.41752778,42.2224722,0.5350947382372148,73003509,USGS-01578310
USGS-01525981,-77.29888889,42.0722222,0.99,73003615,USGS-01578310
USGS-01526500,-77.1291667,42.1211111,0.34944100286786023,73003354,USGS-01578310
USGS-01527500,-77.4263611,42.41105556,0.43151831747658226,73003236,USGS-01578310
USGS-01529500,-77.2166667,42.2525,0.799315657992008,73003191,USGS-01578310
USGS-01529950,-77.0575,42.14641667,0.5521757695265511,73003171,USGS-01578310
USGS-01530332,-76.8011111,42.08638889,0.8948519281816157,73003158,USGS-01578310
USGS-01531000,-76.6347222,42.0022222,0.6399255687165819,73003145,USGS-01578310
USGS-01531325,-76.675,41.76055556,0.5353940483726928,73003775,USGS-01578310
USGS-01531500,-76.4407743,41.76535278,0.6675286194193147,73003104,USGS-01578310
USGS-01531908,-76.5786111,41.69777778,0.33917846709068955,73003567,USGS-01578310
USGS-01532000,-76.4849432,41.70757505,0.5823513882436165,73003481,USGS-01578310
USGS-01533400,-76.0502031,41.60729826,0.11762883385444416,73003095,USGS-01578310
USGS-01534000,-75.89464168,41.55841008,0.4580779377244447,73003453,USGS-01578310
USGS-01534300,-75.4718332,41.67971819,0.17611739528801235,73003804,USGS-01578310
USGS-01534500,-75.5421143,41.5044422,0.3627500789587344,73003568,USGS-01578310
USGS-01534860,-75.64211799,41.4411098,0.05722479840774201,73003444,USGS-01578310
USGS-01536000,-75.744359,41.35924619,0.051031762126328074,73003399,USGS-01578310
USGS-01536500,-75.8807518,41.2509149,0.3027623636437006,73003085,USGS-01578310
USGS-01538000,-76.0938016,41.0594483,0.7944388258790137,73004062,USGS-01578310
USGS-01538700,-76.4399451,40.9939757,0.8433036802603129,73005129,USGS-01578310
USGS-01539000,-76.4313125,41.07806029,0.14834216431793443,73003470,USGS-01578310
USGS-01540500,-76.6191222,40.95814218,0.8631280199879394,73005126,USGS-01578310
USGS-01541000,-78.6769425,40.89695718,0.8383838409143987,73005411,USGS-01578310
USGS-01541200,-78.5191906,40.9614471,0.892690769064058,73005384,USGS-01578310
USGS-01541248,-78.5307778,40.97544444,0.6214212021253639,73005237,USGS-01578310
USGS-01541303,-78.4566886,41.00450158,0.05732062265389074,73003074,USGS-01578310
USGS-01541500,-78.4058533,40.97172406,0.01268745600706832,73003264,USGS-01578310
USGS-01542500,-78.108896,41.11755906,0.01,73003060,USGS-01578310
USGS-01543000,-78.1969244,41.41333985,0.99,73003495,USGS-01578310
USGS-01543500,-78.1030596,41.31728467,0.6517908616755843,73003403,USGS-01578310
USGS-01543693,-77.9802778,41.54138889,0.7561731178602613,73004408,USGS-01578310
USGS-01543700,-78.0274739,41.518894,0.39297665950547006,73003597,USGS-01578310
USGS-01544000,-78.024141,41.4016728,0.5818336769379083,73003559,USGS-01578310
USGS-01544500,-77.82580078,41.47583829,0.1338984436018434,73003580,USGS-01578310
USGS-01545000,-77.8738587,41.31945098,0.7476342711471184,73003473,USGS-01578310
USGS-01545500,-77.7499869,41.32367797,0.5661847537884026,73003051,USGS-01578310
USGS-01545600,-77.6907967,41.3894498,0.825914448011715,73003988,USGS-01578310
USGS-01545800,-77.44190088,41.13806266,0.5230922375015504,73003043,USGS-01578310
USGS-01546400,-77.82750108,40.8336726,0.553129655026507,73005720,USGS-01578310
USGS-01546500,-77.794168,40.88978334,0.823412958454729,73005663,USGS-01578310
USGS-01547100,-77.7855242,40.93167677,0.7122040453929438,73005529,USGS-01578310
USGS-01547200,-77.78639109,40.943116,0.029384738051687842,73005469,USGS-01578310
USGS-01547500,-77.6044379,41.05173127,0.84315893793107,73003252,USGS-01578310
USGS-01547700,-77.6057955,41.05945278,0.9335584713108804,73003910,USGS-01578310
USGS-01547950,-77.7022159,41.1117307,0.1862594027931327,73003520,USGS-01578310
USGS-01548005,-77.54943419,41.0808995,0.20170084546432293,73003230,USGS-01578310
USGS-01548500,-77.4474547,41.52167017,0.06519165995064322,73003377,USGS-01578310
USGS-01549500,-77.2307812,41.4736144,0.9402156545039022,73004337,USGS-01578310
USGS-01549700,-77.3241186,41.27361657,0.32017737942060714,73003336,USGS-01578310
USGS-01549760,-77.251061,41.20222816,0.3095637016174252,73003038,USGS-01578310
USGS-01550000,-77.0329971,41.4180588,0.12696713247459357,73003587,USGS-01578310
USGS-01551500,-76.996608,41.23611599,0.41909165411529187,73003034,USGS-01578310
USGS-01552000,-76.9124381,41.32500378,0.31175811807630405,73003371,USGS-01578310
USGS-01552500,-76.5346477,41.35694679,0.7869012750597312,73004221,USGS-01578310
USGS-01553025,-76.89,41.10805556,0.13566036386910874,73003028,USGS-01578310
USGS-01553500,-76.8763277,40.96750719,0.046697955873397264,73005193,USGS-01578310
USGS-01553700,-76.6802096,41.0616723,0.27226706853480875,73003922,USGS-01578310
USGS-01553850,-76.8,40.97444444,0.24895097418552814,73005244,USGS-01578310
USGS-01554000,-76.8266349,40.8345293,0.20066421332839843,73005123,USGS-01578310
USGS-01555000,-77.0483088,40.86674917,0.33134723291405954,73005372,USGS-01578310
USGS-01555500,-76.9119198,40.61119589,0.7735128695182438,73005419,USGS-01578310
USGS-01556000,-78.199732,40.4631283,0.4550501226659098,73005428,USGS-01578310
USGS-01557500,-78.23362439,40.6836733,0.7496049500183362,73005799,USGS-01578310
USGS-01558000,-78.1405373,40.61251438,0.8451983199226683,73005473,USGS-01578310
USGS-01559000,-78.0188672,40.48473768,0.9792294536137668,73005343,USGS-01578310
USGS-01560000,-78.4924955,40.071688,0.45383279671024673,73005506,USGS-01578310
USGS-01562000,-78.2652901,40.21591249,0.8228526833323929,73005315,USGS-01578310
USGS-01563200,-77.9911135,40.42896398,0.762908825133894,73005301,USGS-01578310
USGS-01563500,-77.93499988,40.39229876,0.05988648214602184,73005292,USGS-01578310
USGS-01564500,-77.9252764,40.21258144,0.01,73005403,USGS-01578310
USGS-01564512,-77.890553,40.2820244,0.4783089257259789,73005373,USGS-01578310
USGS-01564895,-77.5824931,40.59451734,0.9566464002194754,73005287,USGS-01578310
USGS-01565000,-77.5830189,40.65473468,0.15382423649981639,73005562,USGS-01578310
USGS-01566000,-77.41915568,40.5153564,0.784642294723622,73005418,USGS-01578310
USGS-01567000,-77.1291484,40.47841677,0.8363225530907189,73005278,USGS-01578310
USGS-01568000,-77.1688404,40.3233483,0.8708139069910315,73005424,USGS-01578310
USGS-01570000,-77.0211111,40.2522222,0.15156761698723786,73005309,USGS-01578310
USGS-01570500,-76.8860538,40.25473717,0.41135937548913737,73005105,USGS-01578310
USGS-01571500,-76.8980293,40.22481237,0.19340154596271059,73005350,USGS-01578310
USGS-01572025,-76.4021793,40.53258999,0.18442057845170864,73005678,USGS-01578310
USGS-01572190,-76.530797,40.4792558,0.4693354573396525,73005583,USGS-01578310
USGS-01573000,-76.5771541,40.40251235,0.020929882402351316,73005388,USGS-01578310
USGS-01573160,-76.56188889,40.3426111,0.2355620797969321,73005650,USGS-01578310
USGS-01573208,-76.6293944,40.32223889,0.34502323087988335,73005366,USGS-01578310
USGS-01573560,-76.6677469,40.29842358,0.2750293771958248,73005349,USGS-01578310
USGS-01573710,-76.68775,40.14930556,0.7445725595350466,73006175,USGS-01578310
USGS-01573825,-76.99,39.9412222,0.8813124478948897,73005467,USGS-01578310
USGS-01574000,-76.71805199,40.08082205,0.22062633058223802,73005317,USGS-01578310
USGS-01574500,-76.8533073,39.8787104,0.23626629274676572,73005671,USGS-01578310
USGS-01575500,-76.7552459,39.94620975,0.32058881205797796,73005492,USGS-01578310
USGS-01575598,-76.6544444,40.0522222,0.8628224554967521,73005446,USGS-01578310
USGS-01575900,-76.5155214,40.0628745,0.08427717805842395,73005470,USGS-01578310
USGS-01576000,-76.5307992,40.0545413,0.99,73005097,USGS-01578310
USGS-01576500,-76.2771798,40.05009748,0.46212701909498355,73005410,USGS-01578310
USGS-01576754,-76.3677388,39.9464886,0.08937086125503169,73005336,USGS-01578310
USGS-01576767,-76.1622222,40.00916667,0.3035438862575524,73005612,USGS-01578310
USGS-01576787,-76.32829298,39.90593409,0.7240956294890998,73005441,USGS-01578310
USGS-01577500,-76.3157919,39.77260378,0.45179866757122594,73005526,USGS-01578310
USGS-01578310,-76.1744444,39.65788889,0.6684091375529759,73005085,USGS-01578310
USGS-01578475,-76.1152286,39.7067746,0.9739093043049754,73005543,USGS-01578475
USGS-01580000,-76.4033056,39.6299722,0.15873824778156576,73005516,USGS-01580000
USGS-01580520,-76.1918611,39.61744444,0.8863311219745436,73005516,USGS-01580000
USGS-01581700,-76.3729722,39.51994444,0.6279059207954836,73006719,USGS-01581750
USGS-01581750,-76.3688333,39.51552778,0.6027141005539353,73006719,USGS-01581750
USGS-01581920,-76.6903611,39.61905556,0.3656600500421463,73005610,USGS-01582500
USGS-01582000,-76.62052778,39.60425,0.9429028157767515,73005789,USGS-01582500
USGS-01582500,-76.6361111,39.54969444,0.9280205309671349,73005488,USGS-01582500
USGS-01583500,-76.6765,39.51077778,0.5296161201923701,73006645,USGS-01583500
USGS-01584500,-76.43177778,39.5053611,0.47795179121047376,73006716,USGS-01584500
USGS-01585219,-76.55513889,39.3179722,0.5913705954264646,73007747,USGS-01585219
USGS-01586000,-76.88438889,39.503,0.4848933161037236,73006717,USGS-01589000
USGS-01589000,-76.7924167,39.31030556,0.4128542563413711,73006686,USGS-01589000
USGS-01589025,-76.76377778,39.25125,0.729235612896122,73006686,USGS-01589000
USGS-01589035,-76.723,39.2273333,0.8971857215115155,73006686,USGS-01589000
USGS-01589300,-76.7331944,39.34588889,0.6118377515719232,73007774,USGS-01589352
USGS-01589352,-76.6500833,39.27205556,0.09977486018393088,73007774,USGS-01589352
USGS-01591000,-77.0557222,39.23825,0.9293187746061418,73007727,USGS-01594440
USGS-01591610,-77.00438889,39.19219444,0.7195453998189212,73007024,USGS-01594440
USGS-01592500,-76.87375,39.1157222,0.4176383461276895,73006954,USGS-01594440
USGS-01593500,-76.85125,39.16775,0.7356766557097625,73007713,USGS-01594440
USGS-01594000,-76.8161667,39.13441667,0.26984358335414543,73006925,USGS-01594440
USGS-01594440,-76.6936944,38.95591667,0.1658221977046366,73006797,USGS-01594440
USGS-01594526,-76.7487222,38.8142222,0.12684772471949035,73007009,USGS-01594526
USGS-01595000,-79.30688889,39.30188889,0.610964559626612,73007067,USGS-01646500
USGS-01595300,-79.17892449,39.36676569,0.8479302737945815,73007709,USGS-01646500
USGS-01595500,-79.1816944,39.39388889,0.13554141835197558,73006850,USGS-01646500
USGS-01595800,-79.1108056,39.4451111,0.6635315750110229,73006850,USGS-01646500
USGS-01596500,-79.1019444,39.57005556,0.7572873277410365,73005874,USGS-01646500
USGS-01597500,-79.1239722,39.50275,0.1885282607414695,73006655,USGS-01646500
USGS-01598500,-79.0637778,39.4789722,0.10534186416450138,73006654,USGS-01646500
USGS-01599000,-79.0446944,39.49391667,0.9462044886732772,73006714,USGS-01646500
USGS-01601000,-78.7164072,39.81202897,0.1145734330892441,73005533,USGS-01646500
USGS-01601500,-78.7880278,39.6696111,0.07323344420888486,73005422,USGS-01646500
USGS-01603000,-78.7734167,39.62180556,0.4605589874952199,73005179,USGS-01646500
USGS-01604500,-78.8219649,39.44314946,0.1706393692350077,73006821,USGS-01646500
USGS-01605500,-79.3378199,38.63567247,0.4849654665377139,73006896,USGS-01646500
USGS-01606000,-79.2336508,38.9845546,0.41413533354534343,73006794,USGS-01646500
USGS-01606500,-79.17587059,38.99122107,0.18819251874342371,73006784,USGS-01646500
USGS-01607500,-79.2436497,38.63150665,0.39589132184635323,73006993,USGS-01646500
USGS-01608000,-78.9561387,39.0123313,0.8071821610745498,73006825,USGS-01646500
USGS-01608500,-78.6541817,39.44703879,0.5964484879073154,73005246,USGS-01646500
USGS-01609000,-78.555,39.5532222,0.6663968010998145,73005412,USGS-01646500
USGS-01610000,-78.4556111,39.5388611,0.13252467084723152,73005081,USGS-01646500
USGS-01610155,-78.34413889,39.64952778,0.8930200773693846,73005523,USGS-01646500
USGS-01611500,-78.3097312,39.5823158,0.8430979874042874,73005199,USGS-01646500
USGS-01613000,-78.17788889,39.69755556,0.4124976819750243,73005077,USGS-01646500
USGS-01613095,-78.15275,39.7063611,0.7521314277236245,73005509,USGS-01646500
USGS-01613525,-78.0425278,39.67627778,0.5213545128860407,73005376,USGS-01646500
USGS-01614000,-78.0372224,39.51204187,0.5052470795692204,73005248,USGS-01646500
USGS-01614500,-77.8247778,39.71638889,0.8423590634595116,73005344,USGS-01646500
USGS-01615000,-78.0783333,39.1747222,0.9654035077815544,73007650,USGS-01646500
USGS-01616500,-77.9386084,39.42371047,0.767170866279597,73006807,USGS-01646500
USGS-01618000,-77.80138889,39.4347222,0.7289968123541211,73006639,USGS-01646500
USGS-01619000,-77.60663889,39.71625,0.11983047863097225,73005639,USGS-01646500
USGS-01619500,-77.7301944,39.44977778,0.4410327618928924,73006708,USGS-01646500
USGS-01622000,-78.9136385,38.3404051,0.430749569282217,73006833,USGS-01646500
USGS-01625000,-78.8619703,38.26179616,0.9072445197634519,73006800,USGS-01646500
USGS-01626000,-78.90807949,38.0576362,0.2569836914927147,73006707,USGS-01646500
USGS-01626850,-78.8769683,38.08874648,0.7627285645307937,73006707,USGS-01646500
USGS-01627500,-78.8366915,38.21874208,0.6148781402341147,73006690,USGS-01646500
USGS-01628500,-78.7547457,38.32262796,0.46981091669413044,73006679,USGS-01646500
USGS-01629500,-78.5347329,38.6462305,0.34454992433943993,73006669,USGS-01646500
USGS-01631000,-78.21083388,38.91400059,0.8242654955790049,73006664,USGS-01646500
USGS-01632000,-78.852803,38.63706254,0.28260718356140324,73006881,USGS-01646500
USGS-01632082,-78.803357,38.60678588,0.877209533754177,73007387,USGS-01646500
USGS-01632900,-78.6427935,38.69345016,0.7701895645127707,73007002,USGS-01646500
USGS-01633000,-78.6389042,38.74567048,0.023758308056336594,73006792,USGS-01646500
USGS-01634000,-78.3361152,38.9767759,0.6423503012647853,73006736,USGS-01646500
USGS-01634500,-78.3294486,39.0812176,0.24258348178996947,73006923,USGS-01646500
USGS-01635500,-78.2666685,38.95816564,0.9564869131238503,73007484,USGS-01646500
USGS-01636500,-77.7891606,39.28204576,0.44348300145754377,73006656,USGS-01646500
USGS-01637500,-77.5561667,39.42725,0.49156340752255634,73006648,USGS-01646500
USGS-01638350,-77.6154444,39.1911111,0.833370580261015,73007666,USGS-01646500
USGS-01638480,-77.5763778,39.25510206,0.734513775734661,73006989,USGS-01646500
USGS-01638500,-77.5431111,39.2735833,0.11089546205398504,73006629,USGS-01646500
USGS-01639000,-77.23452778,39.67905556,0.5120736704637882,73005485,USGS-01646500
USGS-01639500,-77.2374444,39.6123611,0.7120083610303167,73005546,USGS-01646500
USGS-01642190,-77.38227778,39.4435833,0.4435464240940487,73006699,USGS-01646500
USGS-01642600,-77.36025,39.4095,0.9474907999673277,73007003,USGS-01646500
USGS-01643000,-77.3660833,39.4028333,0.08498363123084336,73006691,USGS-01646500
USGS-01643500,-77.4070833,39.29413889,0.6474469176743881,73007041,USGS-01646500
USGS-01643580,-77.4357417,39.2633972,0.4252213135944905,73006681,USGS-01646500
USGS-01643700,-77.7966614,38.98649818,0.7006775588715055,73006931,USGS-01646500
USGS-01643805,-77.6839444,39.07230556,0.14523024482658717,73007054,USGS-01646500
USGS-01643880,-77.72225,39.0377222,0.31496562280748724,73007062,USGS-01646500
USGS-01644000,-77.5774918,39.01955309,0.16934752459399496,73006818,USGS-01646500
USGS-01644280,-77.43238889,39.04641667,0.24357542502527726,73006992,USGS-01646500
USGS-01645000,-77.33577778,39.1280833,0.052977002950233755,73006937,USGS-01646500
USGS-01646000,-77.24581439,38.97594346,0.9135230523203831,73007551,USGS-01646500
USGS-01646500,-77.12763889,38.94977778,0.5828345996366153,73006616,USGS-01646500
USGS-01648000,-77.04,38.9725,0.6693435770613843,73007142,USGS-01648000
USGS-01648010,-77.0420556,38.96016667,0.7272876687695669,73007142,USGS-01648000
USGS-01649500,-76.9259722,38.96025,0.5816961707393166,73007044,USGS-01649500
USGS-01651003,-76.9562222,38.9489722,0.6359958840060432,73006966,USGS-01651003
USGS-01653000,-77.10558989,38.8044466,0.10479788205268795,73007105,USGS-01653000
USGS-01653600,-76.9661944,38.70577778,0.9680310269202819,73007490,USGS-01653600
USGS-01656000,-77.6249897,38.63678689,0.14687552503316526,73006942,USGS-01656000
USGS-01658000,-77.05602778,38.59613889,0.3788335132443041,73007451,USGS-01658000
USGS-01660920,-76.9270833,38.4905833,0.43182095367722995,73006979,USGS-01660920
USGS-01663500,-77.9649962,38.59178867,0.6085424982947057,73006853,USGS-01668000
USGS-01664000,-77.8135912,38.5305957,0.9030958976682678,73006802,USGS-01668000
USGS-01665500,-78.340007,38.28068606,0.0552048513479266,73006948,USGS-01668000
USGS-01666500,-78.0955557,38.32513047,0.7946164771072523,73006869,USGS-01668000
USGS-01667500,-77.9749972,38.35040774,0.9327265675939594,73006805,USGS-01668000
USGS-01668000,-77.52915268,38.30846178,0.10133116520994286,73006743,USGS-01668000
USGS-01669520,-76.6963468,37.6337529,0.3487341312815384,73008346,USGS-01669520
USGS-01670400,-77.7011007,38.01291599,0.7302581435108936,73006847,USGS-01673000
USGS-01671020,-77.42775949,37.85014024,0.9408013165169945,73008037,USGS-01673000
USGS-01671100,-77.5130392,37.8726401,0.4821623642798834,73008254,USGS-01673000
USGS-01672500,-77.5488744,37.796809,0.5328180743842879,73007889,USGS-01673000
USGS-01673000,-77.3322018,37.76764189,0.9777576827146015,73007885,USGS-01673000
USGS-01673800,-77.5947095,38.1715215,0.3525488372731977,73006976,USGS-01674500
USGS-01674000,-77.3858142,38.061801,0.525380082778701,73006826,USGS-01674500
USGS-01674182,-77.3434444,37.9603333,0.9516515175015915,73008439,USGS-01674500
USGS-01674500,-77.16527778,37.88388889,0.19301277412081433,73007906,USGS-01674500
USGS-02011400,-79.8814439,38.04234707,0.3615127382632007,73006835,USGS-02037500
USGS-02011460,-79.76866328,38.24540129,0.2809392626940903,73007045,USGS-02037500
USGS-02011470,-79.81172,38.19040156,0.5403472837375048,73007045,USGS-02037500
USGS-02011500,-79.8970003,38.0695688,0.3353482852156566,73006868,USGS-02037500
USGS-02011800,-79.94922369,37.94845825,0.14520727259730848,73007996,USGS-02037500
USGS-02013000,-80.0470043,37.8029022,0.30837679768177917,73008234,USGS-02037500
USGS-02013100,-80.00061319,37.7887362,0.8953205712364307,73007966,USGS-02037500
USGS-02014000,-80.0422802,37.72901408,0.0953120775290399,73008178,USGS-02037500
USGS-02015700,-79.57032338,38.19540308,0.9550984181790085,73007072,USGS-02037500
USGS-02016000,-79.7594917,37.79179587,0.6021457432460467,73007866,USGS-02037500
USGS-02016500,-79.7844925,37.77374009,0.0846535593028968,73007865,USGS-02037500
USGS-02017500,-80.106715,37.5062397,0.9868104145010486,73008391,USGS-02037500
USGS-02018000,-79.9114388,37.66596174,0.7360386918788588,73008176,USGS-02037500
USGS-02019500,-79.6789281,37.53068995,0.7972272800402791,73007860,USGS-02037500
USGS-02020500,-79.49365288,37.98790619,0.99,73008038,USGS-02037500
USGS-02021500,-79.42198289,37.90735266,0.8007009747044506,73007910,USGS-02037500
USGS-02022500,-79.4430938,37.82568687,0.900323511428094,73009041,USGS-02037500
USGS-02024000,-79.3914251,37.76263275,0.05976641502676694,73007894,USGS-02037500
USGS-02024752,-79.3672547,37.55541524,0.99,73007855,USGS-02037500
USGS-02024915,-79.2783333,37.6975,0.44391531664923684,73009001,USGS-02037500
USGS-02025500,-79.2625287,37.5012508,0.1079448894267333,73007852,USGS-02037500
USGS-02026000,-78.8294611,37.5362539,0.07519260169059441,73007841,USGS-02037500
USGS-02027000,-78.981691,37.71541868,0.41816745085507745,73008290,USGS-02037500
USGS-02027500,-79.0275254,37.7023625,0.6658399095567838,73009008,USGS-02037500
USGS-02028500,-78.8233543,37.86958499,0.5382354786442886,73008381,USGS-02037500
USGS-02029000,-78.491398,37.7973651,0.1253457254174844,73007833,USGS-02037500
USGS-02030000,-78.4552862,37.81264259,0.5322290400311603,73008329,USGS-02037500
USGS-02030500,-78.37750429,37.70292198,0.501376757875887,73008196,USGS-02037500
USGS-02031000,-78.5927935,38.10263608,0.381299344969233,73006982,USGS-02037500
USGS-02032250,-78.5558478,38.1406902,0.794683867894889,73006961,USGS-02037500
USGS-02032515,-78.4605666,38.10180306,0.42540409361605624,73006862,USGS-02037500
USGS-02032640,-78.4247323,38.1634674,0.46456811890106026,73006984,USGS-02037500
USGS-02034000,-78.2658373,37.8579192,0.9559889813793646,73007871,USGS-02037500
USGS-02035000,-78.0858328,37.67097957,0.6399179082295998,73007826,USGS-02037500
USGS-02037000,-77.5741546,37.5645912,0.99,73008371,USGS-02037500
USGS-02037500,-77.5469314,37.5632022,0.44167473567467463,73007817,USGS-02037500
USGS-02039000,-78.4863841,37.25709664,0.6158318768889561,73008332,USGS-02041650
USGS-02039500,-78.388607,37.3070965,0.17226482061413118,73008173,USGS-02041650
USGS-02040000,-77.8588876,37.42153845,0.9495329431968647,73008100,USGS-02041650
USGS-02040892,-77.8016667,37.31805556,0.8380877689768782,73008093,USGS-02041650
USGS-02041000,-77.869722,37.28320595,0.8551728052416555,73008284,USGS-02041650
USGS-02041650,-77.475263,37.2251505,0.5072979769172359,73008074,USGS-02041650
USGS-02042426,-77.424149,37.6132007,0.8070321157371158,73008425,USGS-02042500
USGS-02042500,-77.0608027,37.43625765,0.8033902024313958,73008159,USGS-02042500
USGS-02044500,-77.7997188,36.9834822,0.9663011421939771,73008183,USGS-02047000
USGS-02045320,-77.6736111,36.9011111,0.01180887488893821,73008146,USGS-02047000
USGS-02045500,-77.3996996,36.90014978,0.5891890931378154,73008114,USGS-02047000
USGS-02046000,-77.602489,37.0670942,0.10179950636505232,73008265,USGS-02047000
USGS-02047000,-77.1660778,36.7704276,0.5836917355801412,73008085,USGS-02047000
USGS-02047500,-76.8746824,37.0251499,0.24396930925953092,73008164,USGS-02049500
USGS-02047783,-76.81995939,36.90653868,0.19837838176529302,73008138,USGS-02049500
USGS-02049500,-76.89829369,36.7626499,0.9648581206794297,73008112,USGS-02049500
USGS-02051000,-78.3497182,36.9973738,0.35294283464600706,73008396,USGS-02052000
USGS-02051190,-78.1175,36.78694444,0.5489149423017222,73008185,USGS-02052000
USGS-02051500,-77.8316582,36.71681395,0.9360709051850894,73008131,USGS-02052000
USGS-02052000,-77.5405364,36.69014954,0.3206593116077239,73008106,USGS-02052000
USGS-02052090,-77.36138889,36.57,0.9491092480029016,73008106,USGS-02052000
USGS-02053200,-77.0255556,36.3708333,0.19005067816893365,73009565,USGS-02053200
USGS-02053500,-76.9994444,36.28027778,0.581119394245008,73009809,USGS-02053500
USGS-02053800,-80.2664328,37.1401323,0.1159229298933915,73008331,USGS-02080500
USGS-02054500,-80.2092089,37.23652179,0.017233920424083282,73008222,USGS-02080500
USGS-02054530,-80.1394858,37.26791157,0.4897633580128934,73008222,USGS-02080500
USGS-02055000,-79.9386485,37.25847085,0.6877617690167145,73008160,USGS-02080500
USGS-0205551614,-79.9093611,37.27788889,0.9575386076763942,73008299,USGS-02080500
USGS-02056000,-79.87142539,37.2551384,0.4266997586744405,73008141,USGS-02080500
USGS-02056650,-79.8680915,37.22763879,0.9147005915781252,73008769,USGS-02080500
USGS-02056900,-79.8441993,37.0451406,0.78902342279608,73008239,USGS-02080500
USGS-02058400,-79.5247508,36.9459767,0.38412464750923314,73008126,USGS-02080500
USGS-02059500,-79.5203076,37.1731995,0.29545573112451284,73008213,USGS-02080500
USGS-02060500,-79.28563889,37.10569444,0.890397045447933,73008081,USGS-02080500
USGS-02061500,-79.3036357,37.20847738,0.49127417181912386,73008201,USGS-02080500
USGS-02062500,-78.9457222,37.03944444,0.5121789420677471,73008065,USGS-02080500
USGS-02064000,-78.9597374,37.12680956,0.25901997275438676,73008271,USGS-02080500
USGS-02065500,-78.7636178,37.0793112,0.8605811237472637,73008382,USGS-02080500
USGS-02066000,-78.7408384,36.91514189,0.22107057064385024,73008054,USGS-02080500
USGS-02068500,-80.3030556,36.515,0.7158426722791499,73009254,USGS-02080500
USGS-02069000,-80.0500424,36.31930349,0.6366626918806958,73009221,USGS-02080500
USGS-02069700,-80.1294928,36.570971,0.3230394241456157,73008283,USGS-02080500
USGS-02070000,-79.98726539,36.56819358,0.46583009958146576,73008269,USGS-02080500
USGS-02070500,-79.99138889,36.53388889,0.37621262381154624,73008203,USGS-02080500
USGS-02071000,-79.8261111,36.4125,0.5437534640070381,73009212,USGS-02080500
USGS-02071530,-80.24921848,36.778468,0.8016556225685032,73008565,USGS-02080500
USGS-02072000,-80.0247647,36.7806925,0.474607761303102,73008205,USGS-02080500
USGS-02072500,-80.00087509,36.77013709,0.57791658241316,73008181,USGS-02080500
USGS-02073000,-79.8805946,36.6612486,0.4279265526552508,73008147,USGS-02080500
USGS-02074000,-79.7655556,36.52555556,0.7646051413608493,73009253,USGS-02080500
USGS-02074500,-79.5041932,36.6195825,0.3729875290676742,73008309,USGS-02080500
USGS-02075045,-79.369744,36.56263889,0.05637463892420307,73007950,USGS-02080500
USGS-02075500,-79.089459,36.64236056,0.901381199461297,73007942,USGS-02080500
USGS-02076000,-78.9004167,36.6932222,0.15975837952154948,73007938,USGS-02080500
USGS-02077000,-78.9158438,36.7765267,0.10096180795773123,73008125,USGS-02080500
USGS-02077200,-79.1966667,36.39777778,0.5992833614902165,73009992,USGS-02080500
USGS-02077303,-78.9970556,36.5227222,0.7496061337997078,73008005,USGS-02080500
USGS-02077670,-78.8719444,36.5408333,0.5673540175769421,73008019,USGS-02080500
USGS-02079640,-78.326664,36.67958589,0.7533296277937696,73008364,USGS-02080500
USGS-02080500,-77.6336111,36.46,0.6862915010153363,73009115,USGS-02080500
USGS-0208111310,-76.9841667,36.04777778,0.49899292504353127,73009687,USGS-0208111310
USGS-02081500,-78.5830556,36.19416667,0.650103769618684,73009612,USGS-02083500
USGS-02081747,-78.2961111,36.09305556,0.9024499169645623,73009485,USGS-02083500
USGS-02081942,-78.08953889,35.8820861,0.2781598684039849,73009395,USGS-02083500
USGS-0208250410,-77.88414888,35.89987728,0.15537424709290598,73009358,USGS-02083500
USGS-02082585,-77.7872222,35.9547222,0.4425679401015629,73009351,USGS-02083500
USGS-02082950,-77.8761111,36.1833333,0.6844808778452293,73009636,USGS-02083500
USGS-02083000,-77.6930556,36.15055556,0.46197687288123584,73009451,USGS-02083500
USGS-02083500,-77.5330556,35.89444444,0.6408609988865906,73009324,USGS-02083500
USGS-02085000,-79.0955556,36.0711111,0.10195255880736945,73009886,USGS-02091814
USGS-02085070,-78.9077778,36.0722222,0.7793693050031518,73009886,USGS-02091814
USGS-0208521324,-78.9191667,36.14166667,0.19052944144773543,73009758,USGS-02091814
USGS-0208524975,-78.8597222,36.1133333,0.6438563606547233,73009758,USGS-02091814
USGS-02085500,-78.87888889,36.18277778,0.2712916537397459,73009720,USGS-02091814
USGS-02086500,-78.82888889,36.1486111,0.6186612995349181,73009720,USGS-02091814
USGS-02086624,-78.7983389,36.12792215,0.7118672895843751,73010828,USGS-02091814
USGS-02086849,-78.8325065,36.05931106,0.5136166616176016,73010709,USGS-02091814
USGS-02087183,-78.5808333,35.94,0.6355868723837846,73009439,USGS-02091814
USGS-0208726005,-78.7244444,35.84527778,0.01,73009816,USGS-02091814
USGS-02087275,-78.6741667,35.83805556,0.868682510116501,73009816,USGS-02091814
USGS-02087324,-78.6108333,35.8111111,0.3928142649214771,73009722,USGS-02091814
USGS-02087359,-78.5830556,35.7583333,0.8379082490681796,73010554,USGS-02091814
USGS-02087500,-78.4052778,35.6472222,0.23522599694410218,73009364,USGS-02091814
USGS-0208758850,-78.6922222,35.6936111,0.6872099843778063,73010529,USGS-02091814
USGS-0208773375,-78.4986111,35.575,0.3595720088576596,73009616,USGS-02091814
USGS-02088000,-78.5905556,35.5708333,0.0845200294293987,73009684,USGS-02091814
USGS-02088383,-78.3522222,35.82194444,0.4152401059103386,73010675,USGS-02091814
USGS-02088500,-78.1602778,35.51138889,0.9113448587320697,73009524,USGS-02091814
USGS-02089000,-77.9975,35.3375,0.9082624172588596,73009315,USGS-02091814
USGS-02089500,-77.5855556,35.25777778,0.4037990091159884,73009288,USGS-02091814
USGS-02090380,-78.1097222,35.6911111,0.1819484148246096,73009632,USGS-02091814
USGS-02090504,-77.90887268,35.66849178,0.7298834014565673,73009537,USGS-02091814
USGS-02091000,-77.8061111,35.48888889,0.3827700074070005,73009707,USGS-02091814
USGS-02091500,-77.5825,35.42888889,0.9007056631253934,73009377,USGS-02091814
USGS-02091814,-77.30277778,35.31388889,0.5340714827485517,73009274,USGS-02091814
USGS-02092500,-77.46138889,35.06416667,0.42719428399634213,73009170,USGS-02092500
USGS-02093000,-77.5194444,34.84916667,0.18301441253713435,73012274,USGS-02093000
USGS-02094500,-79.6141667,36.17305556,0.9504349598790007,73009785,USGS-02105769
USGS-02095000,-79.7258333,36.06,0.5379001303742459,73010724,USGS-02105769
USGS-02095500,-79.7080556,36.12055556,0.6644804131449346,73010749,USGS-02105769
USGS-0209553650,-79.6616667,36.12805556,0.01,73009708,USGS-02105769
USGS-02096500,-79.3661111,36.0872222,0.5214445841319056,73009477,USGS-02105769
USGS-02096960,-79.1358333,35.76527778,0.7838625787113215,73009382,USGS-02105769
USGS-02097314,-78.9652778,35.885,0.4541484111670267,73009701,USGS-02105769
USGS-02097517,-79.0197222,35.8933333,0.46057063470984916,73010018,USGS-02105769
USGS-02098206,-79.06,35.6322222,0.44320282851100024,73009365,USGS-02105769
USGS-02100500,-79.6555556,35.72638889,0.5083177101267378,73009519,USGS-02105769
USGS-02101726,-79.4230754,35.73514055,0.8272087009650444,73009979,USGS-02105769
USGS-02102000,-79.1161111,35.62694444,0.34032076281054935,73009347,USGS-02105769
USGS-02102192,-78.9736111,35.5597222,0.39831412656237525,73009813,USGS-02105769
USGS-02102500,-78.8133333,35.4061111,0.23386848272816546,73009325,USGS-02105769
USGS-02102907,-79.1839556,35.1924083,0.6432833764992761,73009628,USGS-02105769
USGS-02103000,-78.9855556,35.1933333,0.08985691708776346,73009511,USGS-02105769
USGS-02104220,-79.2147222,34.9997222,0.1257200366946407,73011451,USGS-02105769
USGS-02105500,-78.8236111,34.83555556,0.11834918892873572,73011203,USGS-02105769
USGS-02105769,-78.2936111,34.40444444,0.45647672723100985,73011192,USGS-02105769
USGS-02106500,-78.2886111,34.755,0.01,73011346,USGS-02106500
USGS-02108000,-77.8322222,34.82888889,0.2507484326656543,73011373,USGS-02108000
USGS-02109500,-78.5483333,34.095,0.5262506606375791,73011706,USGS-02110704
USGS-02110500,-78.7150175,33.9126719,0.02576109291391662,73011586,USGS-02110704
USGS-02110550,-78.8972222,33.8508333,0.48589489354171655,73011544,USGS-02110704
USGS-02110704,-79.0437222,33.8326111,0.05315074209037388,73011523,USGS-02110704
USGS-02111000,-81.5583333,35.9908333,0.6939366039280044,73010751,USGS-02135200
USGS-02111180,-81.4030556,36.07138889,0.9609254043474303,73010813,USGS-02135200
USGS-0211139110,-81.2233333,36.1361111,0.5094862298918006,73009540,USGS-02135200
USGS-02111500,-81.16888889,36.175,0.8265732644328572,73009869,USGS-02135200
USGS-02112000,-81.1455556,36.1525,0.3198504473632855,73009496,USGS-02135200
USGS-02112250,-80.8491,36.24103889,0.02915412448528152,73009402,USGS-02135200
USGS-02113850,-80.5616944,36.40438889,0.7974832952586496,73009233,USGS-02135200
USGS-02114450,-80.4147222,36.29916667,0.2688621417462273,73009973,USGS-02135200
USGS-02115360,-80.445275,36.1328861,0.15289576976875044,73009211,USGS-02135200
USGS-02116500,-80.3869444,35.85666667,0.4566470924800491,73009201,USGS-02135200
USGS-02118000,-80.65888889,35.845,0.5482355615692024,73009502,USGS-02135200
USGS-02118500,-80.7455556,36.00055556,0.11255917461708487,73009604,USGS-02135200
USGS-02120780,-80.596075,35.7176083,0.14855745177080829,73009730,USGS-02135200
USGS-02121500,-80.2347222,35.80694444,0.4270851285441909,73009646,USGS-02135200
USGS-02123500,-80.01663889,35.43147778,0.9093323025104543,73009526,USGS-02135200
USGS-0212378405,-80.0618056,35.20066667,0.01,73009182,USGS-02135200
USGS-0212414900,-80.7158333,35.33277778,0.5147188328366282,73010236,USGS-02135200
USGS-0212433550,-80.5408333,35.32166667,0.806415489131012,73009576,USGS-02135200
USGS-02126000,-80.1657722,35.1569972,0.5990187269356533,73009132,USGS-02135200
USGS-02128000,-79.83138889,35.3872222,0.08790695014564191,73009620,USGS-02135200
USGS-02129000,-79.8697222,34.9458333,0.5779064786238751,73011170,USGS-02135200
USGS-02130000,-79.8761747,34.70848979,0.99,73011152,USGS-02135200
USGS-02130561,-79.7883963,34.60626798,0.8705883381186366,73011142,USGS-02135200
USGS-02130840,-80.2116667,34.6633333,0.07622698143118546,73012238,USGS-02135200
USGS-02130900,-80.1831244,34.51404244,0.30336087295655717,73011945,USGS-02135200
USGS-02130910,-80.149791,34.39737618,0.6850182107908109,73011822,USGS-02135200
USGS-02130980,-79.7447833,34.24376518,0.030932554639259622,73011595,USGS-02135200
USGS-02131000,-79.5483896,34.20432518,0.10547134075202177,73011112,USGS-02135200
USGS-02131010,-79.5533904,34.15738145,0.5747335707045877,73011112,USGS-02135200
USGS-02131500,-80.2136816,34.2501545,0.1743397357244554,73011646,USGS-02135200
USGS-02132000,-79.7539545,34.05154846,0.3647863573509414,73011532,USGS-02135200
USGS-02132320,-79.3866667,34.75055556,0.15721138017152472,73012246,USGS-02135200
USGS-02133500,-79.49388889,35.0611111,0.37889447466933285,73009615,USGS-02135200
USGS-02133624,-79.3319444,34.77277778,0.6455313240387593,73011405,USGS-02135200
USGS-02134170,-79.0111111,34.62027778,0.2698135623842628,73011327,USGS-02135200
USGS-02134480,-78.83638889,34.71027778,0.4645424973340655,73011908,USGS-02135200
USGS-02134500,-78.9602778,34.4425,0.21887960957549735,73011300,USGS-02135200
USGS-02134900,-79.1342051,34.22599744,0.8740808491138169,73011272,USGS-02135200
USGS-02135000,-79.2477222,34.05675,0.795513724341854,73011257,USGS-02135200
USGS-02135200,-79.1544874,33.6610024,0.30298776127913757,73011076,USGS-02135200
USGS-02136000,-79.83613889,33.66225,0.3609936088814658,73011566,USGS-02136000
USGS-02137727,-82.0602778,35.6858333,0.9412323240275001,73009787,USGS-02148000
USGS-02138500,-81.8911111,35.79555556,0.8174947781604078,73010741,USGS-02148000
USGS-02140991,-81.7119444,35.8336111,0.43056214279629296,73009623,USGS-02148000
USGS-0214183365,-81.3613778,35.842025,0.6507218229977214,73010636,USGS-02148000
USGS-0214192500,-81.2794972,35.8447361,0.4890927835494271,73009840,USGS-02148000
USGS-0214196125,-81.1903833,35.8218972,0.6507612875671428,73009367,USGS-02148000
USGS-02142000,-81.2369444,35.94555556,0.9447710831888764,73009993,USGS-02148000
USGS-0214244102,-81.08915,35.75719444,0.5129505743792377,73009357,USGS-02148000
USGS-0214291555,-80.9727778,35.30055556,0.6817097896407978,73010246,USGS-02148000
USGS-02143000,-81.4033333,35.68444444,0.4700619098381352,73009716,USGS-02148000
USGS-02143040,-81.5669444,35.59055556,0.20284426124289207,73010425,USGS-02148000
USGS-02143500,-81.2652778,35.42055556,0.9347500277601682,73010363,USGS-02148000
USGS-02145000,-81.1011111,35.28527778,0.3317234633166519,73009393,USGS-02148000
USGS-02145910,-81.00156389,35.01641944,0.6261243755859105,73011441,USGS-02148000
USGS-02146000,-80.9739658,34.98486935,0.3232045293795665,73011426,USGS-02148000
USGS-02146300,-80.9044444,35.19777778,0.3526665889893266,73009996,USGS-02148000
USGS-02146381,-80.8994444,35.0908333,0.6635022709905845,73009764,USGS-02148000
USGS-02146507,-80.8577778,35.14805556,0.10663498671554524,73009903,USGS-02148000
USGS-02146530,-80.8822222,35.08527778,0.6496962321202288,73009903,USGS-02148000
USGS-02146600,-80.7675,35.13777778,0.22886034417714612,73010017,USGS-02148000
USGS-02146750,-80.86985,35.0664972,0.012344488263281229,73009749,USGS-02148000
USGS-0214676115,-80.8916667,35.0408333,0.8678519817949297,73009749,USGS-02148000
USGS-02146800,-80.90195,35.00566944,0.18090491077779444,73011446,USGS-02148000
USGS-02147020,-80.879518,34.83625705,0.26698862517819366,73011369,USGS-02148000
USGS-02147403,-80.9273011,34.6368105,0.5496342253175427,73011344,USGS-02148000
USGS-02147500,-80.9198025,34.5654221,0.3586633744854227,73011965,USGS-02148000
USGS-02148000,-80.6539697,34.24459385,0.049912450103496334,73011283,USGS-02148000
USGS-02149000,-82.1116667,35.4233333,0.8271131317496929,73009781,USGS-02169750
USGS-02150495,-81.8725,35.40444444,0.4757659220708558,73009729,USGS-02169750
USGS-02151500,-81.6975,35.2108333,0.9155569725415709,73009407,USGS-02169750
USGS-02152100,-81.6822778,35.4929722,0.5662356834396794,73009768,USGS-02169750
USGS-02152474,-81.5616667,35.41527778,0.1650879027281061,73009554,USGS-02169750
USGS-02153200,-81.58787199,35.12401728,0.38559575989236766,73009371,USGS-02169750
USGS-0215329875,-81.45595,35.2753611,0.9130131760127593,73009924,USGS-02169750
USGS-02153551,-81.492591,35.0312419,0.9570620860492901,73009366,USGS-02169750
USGS-02154500,-81.9859403,35.12095166,0.820885808851235,73009640,USGS-02169750
USGS-02154790,-82.1295549,35.1065051,0.037744019411368776,73009837,USGS-02169750
USGS-02155500,-81.9595507,35.10984144,0.04158475964209386,73009555,USGS-02169750
USGS-021556525,-81.8556592,35.0476231,0.7922588346128864,73009527,USGS-02169750
USGS-02155800,-81.8334444,34.99366667,0.08719989631974047,73011219,USGS-02169750
USGS-02156300,-81.8687141,34.9481803,0.6758162664000176,73011051,USGS-02169750
USGS-02156370,-81.5316667,34.8733333,0.5389025210001368,73011048,USGS-02169750
USGS-021564493,-81.4472222,34.66305556,0.04414569605655178,73011042,USGS-02169750
USGS-02156500,-81.4212089,34.5951393,0.7730807638771006,73011042,USGS-02169750
USGS-02157000,-82.0442725,34.92928718,0.32136387638337865,73012459,USGS-02169750
USGS-02157470,-82.2186111,35.03888889,0.5746352270293211,73011454,USGS-02169750
USGS-02157510,-82.1234421,34.9401187,0.3427087319247275,73011409,USGS-02169750
USGS-02157530,-82.0837778,34.9128611,0.5640729029006484,73011409,USGS-02169750
USGS-02158408,-82.130109,34.92095239,0.21305734481467645,73011385,USGS-02169750
USGS-02160105,-81.548158,34.5354163,0.012248827791991709,73011290,USGS-02169750
USGS-02160326,-82.22581389,34.856575,0.2189669674849062,73012075,USGS-02169750
USGS-02160390,-82.0398229,34.68345815,0.10765166269828193,73011746,USGS-02169750
USGS-02160700,-81.5981594,34.5093039,0.9216528343712475,73011639,USGS-02169750
USGS-02161000,-81.319541,34.24320335,0.2226360839695661,73011032,USGS-02169750
USGS-02162035,-81.0733333,34.0483333,0.943699945686866,73011028,USGS-02169750
USGS-02162290,-82.650128,35.06345088,0.9837223217016025,73010057,USGS-02169750
USGS-02162350,-82.537623,35.1201172,0.01,73010022,USGS-02169750
USGS-021623975,-82.46,35.08388889,0.4024211987585755,73011448,USGS-02169750
USGS-021624101,-82.5251111,34.9390833,0.14143918094427826,73011166,USGS-02169750
USGS-02162500,-82.4806814,34.84233977,0.7910869874816951,73011163,USGS-02169750
USGS-02162550,-82.4586667,34.7793611,0.36548916155965294,73011155,USGS-02169750
USGS-02163001,-82.44401468,34.6148366,0.7324277122272214,73011143,USGS-02169750
USGS-02163500,-82.22345068,34.39178518,0.5670434502031876,73011129,USGS-02169750
USGS-02164000,-82.3651213,34.8001183,0.9653577870476446,73014206,USGS-02169750
USGS-02164110,-82.2976186,34.65289568,0.805599514133438,73012152,USGS-02169750
USGS-021650905,-82.1394444,34.39138889,0.027657247525567537,73011657,USGS-02169750
USGS-02166501,-81.9078923,34.16763036,0.9792618454834072,73011113,USGS-02169750
USGS-02167000,-81.864002,34.17457619,0.3100556765631852,73011107,USGS-02169750
USGS-02167450,-81.7631659,34.20957949,0.5428956963489902,73011850,USGS-02169750
USGS-02167582,-81.61038399,34.1687501,0.21731734489031718,73011929,USGS-02169750
USGS-02168504,-81.2095418,34.0509822,0.7496506498598634,73011078,USGS-02169750
USGS-02168810,-81.2278056,33.97677778,0.5455469702024203,73013143,USGS-02169750
USGS-02169000,-81.0878717,34.0140416,0.7223457251397958,73011073,USGS-02169750
USGS-02169500,-81.049815,33.99320985,0.14720797687278156,73011026,USGS-02169750
USGS-02169570,-80.9742573,33.98960016,0.3146438488524788,73012508,USGS-02169750
USGS-02169750,-80.6449766,33.7530732,0.3571030631436123,73011016,USGS-02169750
USGS-02172002,-79.9749167,33.21491667,0.7794482116927454,73015656,USGS-02172002
USGS-02172558,-81.4102778,33.52027778,0.23112154164264995,73011781,USGS-02175025
USGS-02173000,-81.1331559,33.39320916,0.39417911852398474,73014652,USGS-02175025
USGS-02173030,-81.0595425,33.3590442,0.026242288078008165,73014646,USGS-02175025
USGS-02173051,-81.018708,33.33710079,0.8374642768362385,73014646,USGS-02175025
USGS-02173299,-81.1356111,33.60702778,0.774607228074971,73011821,USGS-02175025
USGS-02173500,-80.8747286,33.47792207,0.17103374636069518,73014600,USGS-02175025
USGS-02174000,-80.8012085,33.1765502,0.3922074912281495,73014589,USGS-02175025
USGS-02175000,-80.3914876,33.02794645,0.642549177045589,73014501,USGS-02175025
USGS-02175500,-81.0529655,32.9897925,0.23810758782282587,73015029,USGS-02175500
USGS-02176500,-81.1317718,32.8362777,0.29287628862600124,73015393,USGS-02176500
USGS-02176930,-83.1161667,34.97452778,0.4544619328790021,73011460,USGS-02198500
USGS-02177000,-83.3063611,34.81377778,0.8078348087787067,73011365,USGS-02198500
USGS-02178400,-83.53063889,34.8899722,0.01,73012339,USGS-02198500
USGS-02180400,-83.4155833,34.78613889,0.8073941546109819,73014105,USGS-02198500
USGS-02181350,-83.405,34.75027778,0.4843034986086662,73011818,USGS-02198500
USGS-02181580,-83.3754167,34.73191667,0.8036426237495883,73011818,USGS-02198500
USGS-02185010,-82.8278333,34.99613889,0.4125627457484076,73011467,USGS-02198500
USGS-02186000,-82.7484771,34.8015056,0.3158632014411957,73012162,USGS-02198500
USGS-02186645,-82.9915382,34.64926575,0.17992782781125247,73012268,USGS-02198500
USGS-02186702,-82.8005556,34.645,0.6790325352417244,73014077,USGS-02198500
USGS-02187910,-82.577352,34.38316394,0.9060055557459583,73012107,USGS-02198500
USGS-02188600,-82.8966111,34.1686111,0.01,73012061,USGS-02198500
USGS-02191227,-83.4680833,34.26894444,0.28048456796531046,73012178,USGS-02198500
USGS-02191300,-83.0039444,34.0742222,0.4824388917551104,73011628,USGS-02198500
USGS-02192000,-82.7708611,33.97263889,0.3024672503503651,73011562,USGS-02198500
USGS-02192500,-82.5009167,34.07244444,0.6365585637472393,73011840,USGS-02198500
USGS-02193500,-82.7425,33.61277778,0.21193506628213363,73011858,USGS-02198500
USGS-02195320,-82.2326111,33.6011111,0.38869306588942265,73011394,USGS-02198500
USGS-02195470,-82.18338889,33.5673611,0.3035170962905379,73011403,USGS-02198500
USGS-02196000,-82.1817873,33.72929717,0.5368735796096441,73011798,USGS-02198500
USGS-02197000,-81.9420833,33.37252778,0.9740158452479243,73014555,USGS-02198500
USGS-021973269,-81.7540833,33.1503611,0.7080963234739034,73014547,USGS-02198500
USGS-02197500,-81.5025278,32.93644444,0.04277727404252837,73014540,USGS-02198500
USGS-02197830,-81.9636111,33.11830556,0.9264844273621677,73015011,USGS-02198500
USGS-02198000,-81.6506667,32.93333333,0.6498763618728662,73014978,USGS-02198500
USGS-02198500,-81.2683333,32.52855556,0.9470731651293954,73014532,USGS-02198500
USGS-02198690,-81.2970833,32.36577778,0.08773561961574011,73015178,USGS-02198690
USGS-02200120,-82.6036667,33.04458333,0.370577597365188,73014807,USGS-02202680
USGS-02201000,-82.6098056,32.97566667,0.15199343433682452,73015410,USGS-02202680
USGS-02201230,-82.235,32.81469444,0.15554980177389366,73014760,USGS-02202680
USGS-02202040,-81.8407778,32.64927778,0.14368240910066982,73014724,USGS-02202680
USGS-02202190,-81.5555,32.49480556,0.6347166139738064,73014701,USGS-02202680
USGS-02202500,-81.4158611,32.1901111,0.026710048103224752,73014680,USGS-02202680
USGS-02202600,-81.48775,32.16755556,0.6742132517285144,73015227,USGS-02202680
USGS-02202680,-81.38475,32.0795,0.5044622271276918,73014679,USGS-02202680
USGS-02203000,-81.8892222,32.1843611,0.17805488545608533,73015010,USGS-02203518
USGS-02203518,-81.4586944,31.969,0.9404563182985635,73017826,USGS-02203518
USGS-02203655,-84.35813889,33.67891667,0.5589618696239266,73012834,USGS-02226000
USGS-02203800,-84.3079444,33.6796111,0.26299139028847923,73012481,USGS-02226000
USGS-02203900,-84.224,33.66577778,0.46519148710162245,73012213,USGS-02226000
USGS-02203960,-84.1986111,33.69666667,0.7362986543384333,73012923,USGS-02226000
USGS-02204070,-84.1284722,33.6301111,0.14528641274018342,73011979,USGS-02226000
USGS-02204130,-84.06425,33.57975,0.762624276492178,73012773,USGS-02226000
USGS-02204520,-83.9579722,33.4845833,0.9119206419617782,73014671,USGS-02226000
USGS-02205865,-84.1077778,33.9411111,0.5297155847074896,73013168,USGS-02226000
USGS-02206500,-84.0783333,33.85305556,0.33557891029696946,73012231,USGS-02226000
USGS-02207120,-84.0581944,33.7725,0.9766543453323735,73012231,USGS-02226000
USGS-02207160,-84.0771667,33.77327778,0.8461936465504308,73012987,USGS-02226000
USGS-02207220,-84.0615556,33.7335833,0.1491627165745463,73011882,USGS-02226000
USGS-02207335,-83.9380556,33.66694444,0.9111087078360034,73011882,USGS-02226000
USGS-02207418,-83.9363056,33.72938889,0.7688178139886704,73012504,USGS-02226000
USGS-02207435,-83.9144444,33.7111111,0.8723971103989779,73012951,USGS-02226000
USGS-02207448,-83.9280833,33.66163889,0.8176836486844277,73012175,USGS-02226000
USGS-02208000,-83.8841667,33.4998611,0.22457048478947508,73014904,USGS-02226000
USGS-02208150,-83.8880556,33.91694444,0.9703510096864878,73013193,USGS-02226000
USGS-02208450,-83.7784167,33.63938889,0.3959661041306874,73011809,USGS-02226000
USGS-02209000,-83.82438889,33.50725,0.6375309511124242,73014905,USGS-02226000
USGS-02210500,-83.8373611,33.3126111,0.9777848344982738,73014651,USGS-02226000
USGS-02211800,-83.8702222,33.115,0.4308322461148566,73015071,USGS-02226000
USGS-02212600,-83.7231667,33.10030556,0.05113029953122823,73015664,USGS-02226000
USGS-02212735,-83.7271944,33.0168611,0.4096433588605391,73014636,USGS-02226000
USGS-02213000,-83.6205556,32.8386111,0.880260396452629,73014631,USGS-02226000
USGS-02213500,-83.7583333,32.80888889,0.4707934933276522,73015190,USGS-02226000
USGS-02214075,-83.7009722,32.69187778,0.30151997705690664,73015067,USGS-02226000
USGS-02214590,-83.6443056,32.42669444,0.7519064848454446,73015291,USGS-02226000
USGS-02215000,-83.4623056,32.283,0.24171783576775238,73014614,USGS-02226000
USGS-02215100,-83.5018333,32.2401111,0.9185424832104355,73015359,USGS-02226000
USGS-02215260,-83.2790278,31.99666667,0.12604542547214476,73017643,USGS-02226000
USGS-02215500,-82.6740556,31.91991667,0.7783161022485594,73017603,USGS-02226000
USGS-02215900,-82.8156111,32.0523611,0.99,73014991,USGS-02226000
USGS-02216180,-82.9219444,31.99138889,0.47430304887708197,73017922,USGS-02226000
USGS-02217297,-83.7113611,34.0459722,0.6742334988284949,73012201,USGS-02226000
USGS-02217475,-83.5630833,34.03180556,0.08426113954243078,73011835,USGS-02226000
USGS-02217500,-83.4227778,33.94666667,0.6111208966245213,73011747,USGS-02226000
USGS-02217615,-83.5158333,34.20027778,0.6074236332110526,73012013,USGS-02226000
USGS-02217770,-83.3775833,33.9697222,0.44378715587858536,73011680,USGS-02226000
USGS-02218300,-83.2956111,33.72069444,0.09208675564568715,73011588,USGS-02226000
USGS-02218900,-83.55828889,33.84063889,0.49674028750292787,73011909,USGS-02226000
USGS-02219000,-83.47425,33.7878611,0.2838863671498506,73011766,USGS-02226000
USGS-02220900,-83.4371111,33.31413889,0.07378686705239494,73014838,USGS-02226000
USGS-02221525,-83.4826111,33.25275,0.27005076363292824,73015204,USGS-02226000
USGS-02223000,-83.2147778,33.09016667,0.5275493260025628,73014797,USGS-02226000
USGS-02223056,-83.0669722,32.93933333,0.27684337011608945,73015297,USGS-02226000
USGS-02223110,-82.9615278,32.89166667,0.4919500729126125,73015132,USGS-02226000
USGS-02223190,-83.1930556,32.84994444,0.08274810237675748,73015217,USGS-02226000
USGS-02223248,-82.9569167,32.7877222,0.497021199771043,73014762,USGS-02226000
USGS-02223360,-83.1672778,32.76652778,0.050586459325689635,73015177,USGS-02226000
USGS-02223500,-82.8929722,32.54394444,0.03309173742403186,73014737,USGS-02226000
USGS-02224500,-82.6310278,32.19091667,0.13180136267906806,73014698,USGS-02226000
USGS-02224940,-82.5170278,31.9578611,0.17401012775435382,73017588,USGS-02226000
USGS-02225000,-82.35338889,31.9395,0.8214311737197167,73017582,USGS-02226000
USGS-02225270,-82.38188889,32.4406111,0.4786169622396292,73015009,USGS-02226000
USGS-02225500,-82.1765,32.07713889,0.267126386034278,73014960,USGS-02226000
USGS-02226000,-81.8275,31.65466667,0.5496109541986437,73017551,USGS-02226000
USGS-02226362,-82.5611111,31.30275,0.01,73018027,USGS-02228000
USGS-02226500,-82.3228333,31.23844444,0.07146080672302349,73017988,USGS-02228000
USGS-02227270,-82.28863889,31.37558333,0.8796297766069842,73018119,USGS-02228000
USGS-02227500,-82.0543333,31.45213889,0.08060246492193839,73018100,USGS-02228000
USGS-02228000,-81.8664444,31.21958333,0.3597101700989125,73017959,USGS-02228000
USGS-02228500,-82.2303954,30.51773125,0.3247410963799836,73020513,USGS-02231000
USGS-02231000,-82.0815013,30.35884726,0.4005031949630009,73020465,USGS-02231000
USGS-02231291,-81.5898179,30.5507931,0.7853368224789558,73017848,USGS-02231291
USGS-02231342,-80.7961709,27.5686473,0.3910336494905353,73021833,USGS-02246500
USGS-02231396,-80.80505949,27.72808533,0.5515336138066509,73021716,USGS-02246500
USGS-02231600,-80.8881155,28.074462,0.2527784355994619,73021683,USGS-02246500
USGS-02232000,-80.752001,28.08473879,0.5350562136101941,73021516,USGS-02246500
USGS-02232400,-80.8725578,28.36972837,0.16868622808584138,73021505,USGS-02246500
USGS-02232415,-80.9283928,28.3525071,0.23070303299772563,73021781,USGS-02246500
USGS-02232500,-80.943392,28.54305529,0.21859742952416328,73021498,USGS-02246500
USGS-02233475,-81.20784299,28.6199987,0.5711453996301299,73021776,USGS-02246500
USGS-02233484,-81.169786,28.65555285,0.01,73021658,USGS-02246500
USGS-02233500,-81.1141667,28.67777778,0.42193501414879075,73021658,USGS-02246500
USGS-02234000,-81.0353374,28.7141611,0.09542928590181775,73021493,USGS-02246500
USGS-02234344,-81.2475656,28.68999664,0.3248491797144834,73021750,USGS-02246500
USGS-02234435,-81.18117379,28.78415969,0.99,73021700,USGS-02246500
USGS-02234500,-81.3242323,28.83804694,0.3977416877373844,73021488,USGS-02246500
USGS-02234990,-81.3970138,28.6872192,0.2450140001566841,73021760,USGS-02246500
USGS-02235000,-81.4193056,28.81426389,0.47304899390204275,73021681,USGS-02246500
USGS-02236000,-81.3825651,29.00831827,0.7129763060959112,73020311,USGS-02246500
USGS-02236125,-81.52206109,29.16693056,0.4122437713094082,73020308,USGS-02246500
USGS-02236900,-81.8222998,28.59277586,0.48739090918555245,73021757,USGS-02246500
USGS-02237293,-81.8725798,28.7444364,0.7716669483870671,73021626,USGS-02246500
USGS-02237700,-81.6847976,28.72249444,0.5579803807387188,73021699,USGS-02246500
USGS-02238000,-81.7836894,28.87082178,0.49408026568341523,73021604,USGS-02246500
USGS-02238500,-81.8808333,29.0811111,0.5456449144016685,73020499,USGS-02246500
USGS-02239000,-81.9923091,29.18331078,0.7931741130931348,73020428,USGS-02246500
USGS-02239501,-82.0412,29.2149764,0.8976870859457086,73020608,USGS-02246500
USGS-02240000,-81.9859203,29.21469888,0.09240807397559499,73020423,USGS-02246500
USGS-02240500,-81.9019444,29.37166667,0.5623506206309714,73020419,USGS-02246500
USGS-02243960,-81.8041667,29.50833333,0.23484046452620905,73020414,USGS-02246500
USGS-02244040,-81.6831761,29.596362,0.7407583042292925,73020299,USGS-02246500
USGS-02244440,-81.626191,29.57774783,0.8302007950288112,73020557,USGS-02246500
USGS-02245260,-81.4843667,29.72338056,0.634008933286074,73020793,USGS-02246500
USGS-02245500,-81.8520426,29.9794075,0.10830069860132288,73020736,USGS-02246500
USGS-02246000,-81.9064915,30.1132953,0.26091847259591383,73020695,USGS-02246500
USGS-02246160,-81.5559,30.14333056,0.13180142686696145,73021275,USGS-02246500
USGS-022462002,-81.54638889,30.11916667,0.5647130709046969,73021239,USGS-02246500
USGS-02246318,-81.7684315,30.19635087,0.8652318019258989,73021358,USGS-02246500
USGS-02246459,-81.7403761,30.28218375,0.3901171554352297,73021354,USGS-02246500
USGS-02246500,-81.6653735,30.3224616,0.4457315419643376,73020282,USGS-02246500
USGS-02246518,-81.57,30.28696944,0.21135793364274874,73021339,USGS-02246518
USGS-02246621,-81.69648758,30.41746058,0.8043436518133044,73021421,USGS-02246621
USGS-02247222,-81.2595108,29.66941676,0.3442524456184923,73020815,USGS-02247222
USGS-02251000,-80.5058868,27.76947258,0.01,73021802,USGS-02251000
USGS-02251500,-80.52422,27.85613569,0.7791461455238561,73021945,USGS-02251500
USGS-02253000,-80.405607,27.64780983,0.5375271919309546,73021832,USGS-02253000
USGS-02255600,-81.4614637,27.20921499,0.5953296723198067,73022490,USGS-02256500
USGS-02256500,-81.3147949,26.9325585,0.48766691616440233,73022364,USGS-02256500
USGS-02262900,-81.3106247,28.37139699,0.06360877891305146,73021738,USGS-02262900
USGS-02263800,-81.450905,28.3041775,0.3740142162737876,73021682,USGS-02264495
USGS-02264141,-81.5245174,28.30806625,0.9467838131921138,73022119,USGS-02264495
USGS-02264495,-81.4478495,28.26723444,0.04251250748186198,73021635,USGS-02264495
USGS-02266300,-81.579796,28.33278738,0.6359987781031792,73021733,USGS-02264495
USGS-02266496,-81.54368439,28.27584517,0.048246452804972424,73021663,USGS-02264495
USGS-02266500,-81.536462,28.2636234,0.99,73021668,USGS-02264495
USGS-02268390,-81.4442861,27.81215,0.7318040017651288,73021789,USGS-02268390
USGS-02269520,-81.4464626,27.708641,0.2012699878449747,73021697,USGS-02270500
USGS-02270500,-81.2970278,27.44238889,0.38676285915472536,73022310,USGS-02270500
USGS-02271500,-81.3934062,27.3742078,0.12139093080386971,73022488,USGS-02271500
USGS-02273230,-81.201458,27.21393588,0.6751021871222846,73022517,USGS-02273230
USGS-02290878,-81.0769444,25.50138889,0.01752312537417539,73023155,USGS-02290878
USGS-02290888,-81.2497222,25.70916667,0.806292621471129,73023171,USGS-02290888
USGS-02290918,-81.1647222,25.55555556,0.1360832994618884,73023218,USGS-02290918
USGS-02291001,-81.3551944,25.95794444,0.7349970024656285,73023089,USGS-02291001
USGS-02291500,-81.74938889,26.33583333,0.2645645147399136,73022393,USGS-02291500
USGS-02291673,-81.8544167,26.50688889,0.8366731642557285,73022478,USGS-02291673
USGS-02292780,-81.5580361,26.70775278,0.8302608542836306,73022450,USGS-02292900
USGS-02292900,-81.6931806,26.72173357,0.7121422172166194,73022358,USGS-02292900
USGS-022929176,-81.7034528,26.72735833,0.9812588519123657,73022553,USGS-022929176
USGS-02293055,-81.7594444,26.69194444,0.6572682756638631,73022592,USGS-02293055
USGS-02293987,-81.7267463,27.92474686,0.5717208772952319,73021662,USGS-02296750
USGS-02294161,-81.7955556,27.92444444,0.5432413063015534,73021640,USGS-02296750
USGS-02294290,-81.853192,28.0100499,0.728266306405472,73021783,USGS-02296750
USGS-02294491,-81.8507083,27.93788056,0.99,73021708,USGS-02296750
USGS-02294650,-81.8173036,27.90224784,0.2589935775534051,73021629,USGS-02296750
USGS-02294655,-81.8044444,27.88305556,0.6794699305082336,73021629,USGS-02296750
USGS-02294775,-81.8075,27.86333333,0.03157121306998831,73021624,USGS-02296750
USGS-02294781,-81.8017485,27.82447253,0.3510984389695532,73021624,USGS-02296750
USGS-02294898,-81.7820266,27.7514193,0.9539293474819365,73021624,USGS-02296750
USGS-02295194,-81.8023047,27.6461448,0.6147743980505798,73021608,USGS-02296750
USGS-02295420,-81.8256384,27.62059006,0.26659893132108536,73021665,USGS-02296750
USGS-02295580,-81.7968333,27.57905556,0.8729960918201994,73021847,USGS-02296750
USGS-02295637,-81.8001722,27.50451944,0.6390936850718275,73022317,USGS-02296750
USGS-02296260,-81.6784128,27.45948376,0.5763975761848713,73022248,USGS-02296750
USGS-02296389,-81.6956944,27.4118611,0.7942980834957811,73023001,USGS-02296750
USGS-02296500,-81.7964708,27.37504297,0.6893899193017766,73022246,USGS-02296750
USGS-02296750,-81.8761946,27.22088245,0.2722655426614594,73022243,USGS-02296750
USGS-02297100,-81.8795282,27.16671794,0.33882645021207236,73022472,USGS-02297100
USGS-02297251,-81.9734188,27.36643259,0.30045963052282965,73022305,USGS-02297310
USGS-02297310,-81.9884193,27.19949477,0.2900674035310509,73022298,USGS-02297310
USGS-02297600,-81.8266361,26.96734444,0.14958295756837434,73022526,USGS-02298202
USGS-02297635,-81.8875,26.975,0.6578683352758463,73022526,USGS-02298202
USGS-02298110,-81.7431667,27.04155556,0.12756849473418802,73022540,USGS-02298202
USGS-02298123,-81.7845267,27.05199986,0.01,73022398,USGS-02298202
USGS-02298170,-81.8947222,26.99027778,0.8188201246992395,73022398,USGS-02298202
USGS-02298202,-81.9356414,26.98478094,0.3921703407098654,73022368,USGS-02298202
USGS-02298554,-82.1492555,27.3661553,0.7272594115913026,73022546,USGS-02298880
USGS-02298608,-82.1567556,27.3436562,0.09199447470239731,73022521,USGS-02298880
USGS-02298830,-82.3118944,27.23521944,0.6275933363467635,73022434,USGS-02298880
USGS-02298880,-82.3556494,27.1856073,0.17769501648066607,73022395,USGS-02298880
USGS-02299410,-82.1442558,27.1933843,0.9308962154968162,73022979,USGS-02299450
USGS-02299450,-82.2048417,27.11163889,0.06809794425809572,73022515,USGS-02299450
USGS-02299950,-82.211201,27.47365137,0.6878679656439145,73022312,USGS-02299950
USGS-02300018,-82.3895379,27.55337054,0.5012618755993654,73021791,USGS-02300018
USGS-02300033,-82.4261111,27.42055556,0.6801271249435223,73023026,USGS-02300042
USGS-02300042,-82.4875958,27.44143074,0.8906671933075212,73022522,USGS-02300042
USGS-02300300,-82.294258,27.6494778,0.9104769279752608,73021864,USGS-02300500
USGS-02300500,-82.3525925,27.67114344,0.6964318407088946,73021703,USGS-02300500
USGS-02300700,-82.3520369,27.79197208,0.7291504055299218,73021915,USGS-02300700
USGS-02300882,-82.01175129,27.89030394,0.5281293193773603,73021829,USGS-02301718
USGS-02301000,-82.10008689,27.8839148,0.47965532060339205,73021739,USGS-02301718
USGS-02301150,-82.0742778,27.72930556,0.31479250994015406,73021901,USGS-02301718
USGS-02301300,-82.1175877,27.79669525,0.441138581480445,73021723,USGS-02301718
USGS-02301328,-82.1439861,27.86636389,0.11671244474269286,73021676,USGS-02301718
USGS-02301405,-82.1892194,27.89717778,0.7128189375341003,73021824,USGS-02301718
USGS-02301500,-82.2112008,27.872248,0.4137836460203395,73021654,USGS-02301718
USGS-02301718,-82.3264528,27.86934167,0.47004873028335215,73021633,USGS-02301718
USGS-02301990,-82.1841667,28.18555556,0.7215409975933644,73021728,USGS-02303330
USGS-02302010,-82.1891667,28.1786111,0.8395134997101475,73021728,USGS-02303330
USGS-02303000,-82.23175318,28.15029044,0.6360927910672449,73021690,USGS-02303330
USGS-02303330,-82.31138889,28.0986111,0.9775205429825694,73021653,USGS-02303330
USGS-02303420,-82.4022222,28.1872222,0.69968053416825,73021732,USGS-02303800
USGS-02303800,-82.4091667,28.08888889,0.6752201313801333,73021657,USGS-02303800
USGS-02309740,-82.595306,28.22953268,0.7164692095615195,73021788,USGS-02310000
USGS-02310000,-82.6664882,28.21417784,0.7413444396715323,73021661,USGS-02310000
USGS-02310308,-82.7226006,28.2502877,0.09730247362154497,73021659,USGS-02310308
USGS-02310650,-82.5767656,28.71526419,0.25844903461076146,73022164,USGS-02310663
USGS-02310663,-82.6062107,28.71526404,0.13086810321056366,73022164,USGS-02310663
USGS-02310689,-82.60563889,28.8131111,0.8742275534630252,73021622,USGS-02310700
USGS-02310700,-82.6178779,28.78526096,0.5816980153863192,73021622,USGS-02310700
USGS-02310947,-82.05591468,28.31195156,0.22811751093813157,73021599,USGS-02313200
USGS-02311500,-82.12591619,28.3525042,0.6548649980581168,73021593,USGS-02313200
USGS-02312000,-82.17758499,28.4799981,0.8066570460298599,73021581,USGS-02313200
USGS-02312180,-82.0548037,28.5216647,0.5893697218911671,73022127,USGS-02313200
USGS-02312200,-82.155363,28.57277286,0.12042652710761442,73021684,USGS-02313200
USGS-02312300,-82.209253,28.5211073,0.8085562718222614,73021577,USGS-02313200
USGS-02312500,-82.222032,28.5927714,0.99,73021571,USGS-02313200
USGS-02312558,-82.25703368,28.644436,0.8751820439885329,73021569,USGS-02313200
USGS-02312598,-82.2423118,28.7241557,0.6888297519581004,73021567,USGS-02313200
USGS-02312600,-82.2200892,28.74359973,0.99,73021567,USGS-02313200
USGS-02312667,-82.0636961,28.77026704,0.6756267526333506,73021771,USGS-02313200
USGS-02312700,-82.1528658,28.8002651,0.5820036005287625,73021541,USGS-02313200
USGS-02312720,-82.1831448,28.82331955,0.20276283910206566,73021540,USGS-02313200
USGS-02312762,-82.2800934,28.91220435,0.10346782688845411,73021539,USGS-02313200
USGS-02313000,-82.3495406,28.98886759,0.30379118263544275,73021538,USGS-02313200
USGS-02313098,-82.4266111,29.07130556,0.9804037241816626,73020814,USGS-02313200
USGS-02313100,-82.44759948,29.04942056,0.7532936621869339,73020779,USGS-02313200
USGS-02313200,-82.4645443,29.0460871,0.0821630035740645,73020427,USGS-02313200
USGS-02313700,-82.769001,29.20413378,0.8313254047199251,73020548,USGS-02313700
USGS-02314500,-82.56013889,30.68102778,0.6690910490542421,73017974,USGS-02323592
USGS-02315500,-82.7381826,30.3257812,0.7661095266078709,73020386,USGS-02323592
USGS-02315550,-82.9331875,30.3929988,0.5132650072669149,73020380,USGS-02323592
USGS-02315920,-83.4178333,31.63108333,0.17565581820402038,73017810,USGS-02323592
USGS-02316000,-83.1935,31.38527778,0.7303060874881041,73017801,USGS-02323592
USGS-02317500,-83.0326667,30.70383333,0.3878882814805537,73017764,USGS-02323592
USGS-02317620,-83.073195,30.59826888,0.032285402401074643,73017761,USGS-02323592
USGS-023177483,-83.2718333,30.94908333,0.3297045209069273,73018108,USGS-02323592
USGS-02317797,-83.5841111,31.48169444,0.4404626377078939,73018464,USGS-02323592
USGS-02318000,-83.5436111,31.15555556,0.39622835540371,73018071,USGS-02323592
USGS-02318380,-83.4567778,31.0004722,0.3414352478394496,73018014,USGS-02323592
USGS-02318500,-83.4534444,30.79330556,0.8945774550433638,73017973,USGS-02323592
USGS-02319000,-83.2595906,30.59548716,0.17197354616084787,73017958,USGS-02323592
USGS-02319302,-83.2443097,30.48049106,0.26489276316734744,73020502,USGS-02323592
USGS-02319394,-83.18013979,30.41049435,0.6516719517411164,73020392,USGS-02323592
USGS-02319500,-83.1718058,30.38466196,0.01578822364541725,73020369,USGS-02323592
USGS-02319800,-83.24958439,30.2449425,0.45320656702407147,73020365,USGS-02323592
USGS-02320000,-83.1715247,30.09994513,0.4036777540155621,73020359,USGS-02323592
USGS-02320500,-82.9276278,29.955785,0.31078073397354766,73020351,USGS-02323592
USGS-02320700,-82.2195493,29.84635394,0.7612875437902514,73020748,USGS-02323592
USGS-02321500,-82.4262246,29.9219073,0.1725801323552179,73020597,USGS-02323592
USGS-02321898,-82.5596472,29.92656389,0.30820740733748925,73020582,USGS-02323592
USGS-02321958,-82.59122849,29.8735723,0.1091524903882662,73020571,USGS-02323592
USGS-02321975,-82.6084508,29.85273894,0.4484112470024477,73020571,USGS-02323592
USGS-02322500,-82.7151204,29.84884769,0.8752273230589234,73020565,USGS-02323592
USGS-02322700,-82.7859573,29.95273288,0.5577501732732381,73020635,USGS-02323592
USGS-02322800,-82.8604033,29.91162076,0.2883098680037697,73020555,USGS-02323592
USGS-02323000,-82.924293,29.79134359,0.193379497639864,73020347,USGS-02323592
USGS-02323500,-82.9365131,29.58968017,0.9721907058210452,73020341,USGS-02323592
USGS-02323502,-82.9331797,29.5891247,0.9860743742199325,73021057,USGS-02323592
USGS-02323566,-82.976791,29.4896808,0.899656716543955,73020699,USGS-02323592
USGS-02323592,-83.086515,29.33940554,0.510335925027225,73020336,USGS-02323592
USGS-02324000,-83.3215262,29.78661294,0.40267693318140035,73020606,USGS-02324000
USGS-02324400,-83.4718112,30.09827057,0.5328599704517968,73020735,USGS-02325543
USGS-02325543,-83.7776534,30.01132315,0.8062549600953777,73020583,USGS-02325543
USGS-02326000,-83.8237679,30.17076448,0.9869933033281323,73020588,USGS-02326050
USGS-02326050,-83.8987028,30.06811667,0.21199088157358342,73020588,USGS-02326050
USGS-02326500,-83.80682559,30.36992847,0.01703885460247308,73020266,USGS-02326550
USGS-02326550,-83.9797728,30.11234694,0.32973630344998733,73020263,USGS-02326550
USGS-02326900,-84.1482508,30.2714311,0.3235667920016901,73020458,USGS-02326900
USGS-02327022,-84.261563,30.2138141,0.41103637254586456,73020628,USGS-02327022
USGS-02327100,-84.4943482,30.12936856,0.08636562024322672,73020707,USGS-02327100
USGS-02327355,-83.9390278,31.00241667,0.7444610473010677,73018166,USGS-02330000
USGS-02327500,-84.0467778,30.87583333,0.5073391271866691,73018083,USGS-02330000
USGS-02328522,-84.3051807,30.6690846,0.4924240491750715,73017997,USGS-02330000
USGS-02329000,-84.3840715,30.55408644,0.6027484591213649,73017982,USGS-02330000
USGS-02329500,-84.4965763,30.58741806,0.5559402992335615,73018336,USGS-02330000
USGS-02329600,-84.5235206,30.5124192,0.3817758198815958,73020516,USGS-02330000
USGS-02330000,-84.6549109,30.38325266,0.2877714719976976,73020463,USGS-02330000
USGS-02330100,-84.92769349,30.426585,0.3704095144770811,73020525,USGS-02330100
USGS-02330450,-83.72925,34.7009722,0.24387063127523387,73012500,USGS-02359170
USGS-02331000,-83.6360278,34.5770833,0.45338619476036873,73012047,USGS-02359170
USGS-023312495,-83.52888889,34.6186111,0.6707874646084178,73012141,USGS-02359170
USGS-02331600,-83.622775,34.5407222,0.36632310631748527,73011924,USGS-02359170
USGS-02333500,-83.9402222,34.52827778,0.6088688239928889,73012161,USGS-02359170
USGS-02334430,-84.0784167,34.15666667,0.5473120204242883,73011587,USGS-02359170
USGS-02334653,-84.1083333,34.0567222,0.6455695428516924,73011577,USGS-02359170
USGS-02334885,-84.08888889,34.0325,0.6032754754554922,73012450,USGS-02359170
USGS-02335000,-84.2019444,33.9972222,0.8284771590734008,73011555,USGS-02359170
USGS-02335450,-84.3156944,33.98580556,0.7305866205322343,73011540,USGS-02359170
USGS-02335580,-84.2187222,34.15591667,0.07161652980028214,73012537,USGS-02359170
USGS-02335700,-84.2694444,34.05055556,0.725249495930297,73012537,USGS-02359170
USGS-02335757,-84.3533333,34.0175,0.647695708067665,73012020,USGS-02359170
USGS-02335815,-84.3836667,33.96775,0.37880064285033055,73011521,USGS-02359170
USGS-02335870,-84.4433333,33.95388889,0.31233001748071665,73012589,USGS-02359170
USGS-02335880,-84.4430278,33.9019722,0.5191328550413096,73011514,USGS-02359170
USGS-02335910,-84.45788889,33.89402778,0.7055550879593974,73013115,USGS-02359170
USGS-02336000,-84.4544444,33.85916667,0.3554995146489702,73011511,USGS-02359170
USGS-02336106,-84.3219444,33.84166667,0.6332771415841103,73013069,USGS-02359170
USGS-02336120,-84.3427778,33.83155556,0.8149264186817508,73013069,USGS-02359170
USGS-02336240,-84.3406944,33.8030833,0.6143804057316795,73012973,USGS-02359170
USGS-02336300,-84.40763889,33.82030556,0.5139494673474183,73012319,USGS-02359170
USGS-02336360,-84.37888889,33.86916667,0.4386569049506864,73013092,USGS-02359170
USGS-02336410,-84.4392778,33.8382222,0.9549282289796039,73013092,USGS-02359170
USGS-02336490,-84.4803333,33.81741667,0.6115723067113261,73011507,USGS-02359170
USGS-02336635,-84.52138889,33.8033333,0.8641035665819043,73013045,USGS-02359170
USGS-02336728,-84.5681667,33.74352778,0.922309057852096,73012639,USGS-02359170
USGS-02336840,-84.7198611,33.8272222,0.3488251467980627,73012114,USGS-02359170
USGS-02336910,-84.65,33.81777778,0.2636545487223896,73011984,USGS-02359170
USGS-02336968,-84.65275,33.85925,0.4233779885814395,73012624,USGS-02359170
USGS-02337000,-84.6155,33.77677778,0.7546640519269152,73011921,USGS-02359170
USGS-02337040,-84.6149167,33.72105556,0.8214613030297587,73011805,USGS-02359170
USGS-02337170,-84.6736111,33.65666667,0.840981259474376,73011492,USGS-02359170
USGS-02337260,-84.7605,33.61716667,0.9099468616619026,73011487,USGS-02359170
USGS-02337410,-84.8210278,33.65380556,0.05271647655710495,73012351,USGS-02359170
USGS-02337498,-84.9367222,33.52638889,0.3859550946686657,73014913,USGS-02359170
USGS-02337500,-84.9287222,33.52930556,0.4865266761049186,73014913,USGS-02359170
USGS-02338000,-84.9011944,33.47652778,0.3361500631730526,73014857,USGS-02359170
USGS-02338500,-85.1009167,33.2779722,0.34007145069725114,73014810,USGS-02359170
USGS-02338660,-84.9875556,33.2357222,0.5232076817223237,73015465,USGS-02359170
USGS-02338840,-84.97538889,33.13980556,0.1436065394460189,73015381,USGS-02359170
USGS-02339495,-85.1963308,32.9015159,0.6081075542765334,73015515,USGS-02359170
USGS-02339500,-85.1815833,32.88663889,0.039408188771043844,73014776,USGS-02359170
USGS-02341460,-84.9966667,32.47277778,0.9182106781215935,73014742,USGS-02359170
USGS-02341800,-84.82,32.413,0.43176007615432926,73015127,USGS-02359170
USGS-02342500,-85.014931,32.31681467,0.36368901488711564,73015143,USGS-02359170
USGS-02342850,-84.9059167,32.1527222,0.21379211989070757,73015475,USGS-02359170
USGS-02342881,-85.04938889,32.14066667,0.7714648758060882,73014703,USGS-02359170
USGS-02343225,-84.97388889,31.8182222,0.18354746843237701,73017829,USGS-02359170
USGS-023432415,-85.0591667,31.62219444,0.9169059311691511,73017702,USGS-02359170
USGS-02343801,-85.1110556,31.25925,0.19184103623790522,73017683,USGS-02359170
USGS-02343940,-85.0436111,31.18083333,0.5040850684583138,73018587,USGS-02359170
USGS-02344350,-84.3847222,33.41555556,0.6836582159930522,73014872,USGS-02359170
USGS-02344396,-84.3944444,33.3597222,0.7196118804831322,73014856,USGS-02359170
USGS-02344500,-84.4291667,33.24416667,0.3609401384111785,73014826,USGS-02359170
USGS-02344605,-84.6069444,33.39555556,0.7955494290910787,73017440,USGS-02359170
USGS-02344630,-84.5826111,33.35727778,0.2600131747794718,73015506,USGS-02359170
USGS-02344700,-84.5222222,33.31916667,0.4723647379009196,73015340,USGS-02359170
USGS-02344872,-84.52663889,33.04769444,0.7534859029894712,73014805,USGS-02359170
USGS-02346180,-84.42425,32.8385,0.6857537356069617,73014784,USGS-02359170
USGS-02347500,-84.2324167,32.72219444,0.5890736022264899,73014761,USGS-02359170
USGS-02349605,-84.0436111,32.29305556,0.08365805201054226,73014706,USGS-02359170
USGS-02349900,-83.9022222,32.19555556,0.4034557816653366,73015837,USGS-02359170
USGS-02350512,-84.0186111,31.725,0.5202836468037777,73017710,USGS-02359170
USGS-02350600,-84.5483333,32.0525,0.71594530312562,73015352,USGS-02359170
USGS-02350900,-84.2531111,31.76458333,0.99,73017819,USGS-02359170
USGS-02351500,-84.2588056,32.0836111,0.5246861445325007,73015260,USGS-02359170
USGS-02351890,-84.1390833,31.77627778,0.99,73017839,USGS-02359170
USGS-02352500,-84.1441667,31.59416667,0.2040128742933339,73017692,USGS-02359170
USGS-02353000,-84.33888889,31.30694444,0.18521581597119632,73017670,USGS-02359170
USGS-02353265,-84.5827778,31.52694444,0.5517627847017074,73018192,USGS-02359170
USGS-02353400,-84.6807778,31.55513889,0.2661443627634168,73018360,USGS-02359170
USGS-02353500,-84.54638889,31.38277778,0.57638316869222,73018091,USGS-02359170
USGS-02354350,-84.4530278,31.59358333,0.6448916444432131,73018498,USGS-02359170
USGS-02354500,-84.4825,31.35055556,0.18643171335715136,73018427,USGS-02359170
USGS-02354800,-84.4885556,31.29366667,0.15800708885475936,73018050,USGS-02359170
USGS-02355350,-84.4701667,31.21680556,0.7735491341399888,73018050,USGS-02359170
USGS-02355662,-84.4809722,31.14055556,0.5810949804127239,73017664,USGS-02359170
USGS-02356000,-84.5805,30.91030556,0.594385142876572,73017659,USGS-02359170
USGS-02357000,-84.7393056,31.04008333,0.6954085542078052,73018134,USGS-02359170
USGS-02357150,-84.7495,30.903,0.3746072863557176,73018074,USGS-02359170
USGS-02358000,-84.8590871,30.7010251,0.7078515698418079,73017652,USGS-02359170
USGS-02358700,-85.0313059,30.42519625,0.18435763295703958,73020396,USGS-02359170
USGS-02358754,-85.1420111,30.1322611,0.15924875934826876,73020376,USGS-02359170
USGS-02358789,-85.2163178,30.77297064,0.4567258822445055,73018156,USGS-02359170
USGS-02359000,-85.1651996,30.53408319,0.4086664496994973,73020510,USGS-02359170
USGS-02359170,-85.0154686,29.94937094,0.16907312026468596,73020368,USGS-02359170
USGS-02359500,-85.5565932,30.3846406,0.06157003808750469,73020470,USGS-02359500
USGS-02361000,-85.6104912,31.3429492,0.04889976349612907,73018086,USGS-02366500
USGS-02361500,-85.7843789,31.15934229,0.2022761658543473,73018010,USGS-02366500
USGS-02363000,-85.7829975,31.59488716,0.3313175800090478,73017617,USGS-02366500
USGS-02364500,-86.0993868,31.11267588,0.049443477619684956,73017581,USGS-02366500
USGS-02365200,-85.84299,30.94990438,0.06124470676207335,73017556,USGS-02366500
USGS-02365500,-85.827711,30.77574389,0.33583900941329153,73017549,USGS-02366500
USGS-02365769,-85.9424358,30.6246363,0.4198732503423311,73018456,USGS-02366500
USGS-02366000,-85.7121531,30.62685899,0.16498331269514505,73018126,USGS-02366500
USGS-02366500,-85.89826819,30.4510296,0.7016840591873579,73020332,USGS-02366500
USGS-02367310,-86.5193954,30.5574179,0.7828332079064753,73018924,USGS-02367310
USGS-02367900,-86.5593967,30.92518288,0.6843121576092347,73018096,USGS-02369600
USGS-02368000,-86.6291207,30.7529664,0.6040183333712019,73018057,USGS-02369600
USGS-02368500,-86.3068906,30.7960205,0.3287814677957605,73018501,USGS-02369600
USGS-02369000,-86.570786,30.69741268,0.3137850684690734,73018159,USGS-02369600
USGS-02369600,-86.9235732,30.569639,0.8211169676674653,73017978,USGS-02369600
USGS-02369800,-86.7099567,31.02767985,0.023309704025087415,73018523,USGS-02370000
USGS-02370000,-86.7346786,30.8335197,0.1382688162606919,73018256,USGS-02370000
USGS-02370500,-86.972186,30.70852375,0.7219965362138656,73018359,USGS-02370500
USGS-02371500,-86.2516226,31.57349458,0.7342300754776994,73017793,USGS-02375500
USGS-02372250,-86.40551809,31.59627177,0.5907452420562878,73017796,USGS-02375500
USGS-02372422,-86.5196826,31.3612799,0.07988250259429827,73017778,USGS-02375500
USGS-02372430,-86.5294047,31.34822474,0.36414529315296473,73017778,USGS-02375500
USGS-02373000,-86.7869139,31.4537758,0.8948435697231468,73018127,USGS-02375500
USGS-02374250,-87.0616644,31.06715578,0.7464022525762843,73017762,USGS-02375500
USGS-02374500,-86.9866403,31.41850006,0.6770650227427718,73018370,USGS-02375500
USGS-02374700,-87.06885829,31.10101137,0.8957735756659516,73018102,USGS-02375500
USGS-02374745,-87.0871928,31.1298991,0.5010738266828346,73018243,USGS-02375500
USGS-02374950,-87.3705353,31.12962115,0.5412525000420799,73018308,USGS-02375500
USGS-02375000,-87.2627814,31.01076847,0.6293878714569913,73018211,USGS-02375500
USGS-02375500,-87.2341395,30.96518304,0.07602627660413534,73017757,USGS-02375500
USGS-02376115,-87.3358086,30.49825159,0.7244926343197587,73020532,USGS-02376115
USGS-02376500,-87.4402778,30.69027778,0.5455385188536453,73018153,USGS-02376500
USGS-02377570,-87.5472342,30.6057799,0.050391831683896146,73018302,USGS-02377570
USGS-02378300,-87.7369323,30.40658669,0.23680245222467183,73021434,USGS-02378300
USGS-02378500,-87.7986304,30.54550384,0.5374893324464706,73018574,USGS-0237854520
USGS-0237854520,-87.8026444,30.47466944,0.99,73020403,USGS-0237854520
USGS-02379500,-84.4588056,34.68413889,0.756433512648742,73012024,USGS-02428400
USGS-02380500,-84.5068333,34.6758611,0.2663781369433909,73011887,USGS-02428400
USGS-02381090,-84.5395278,34.70338889,0.3391959857188066,73012394,USGS-02428400
USGS-02382200,-84.6110278,34.52325,0.01,73012083,USGS-02428400
USGS-02382500,-84.6957778,34.60380556,0.1974096676402596,73011684,USGS-02428400
USGS-02383500,-84.8330556,34.56416667,0.5014504485215617,73011614,USGS-02428400
USGS-02384500,-84.8509722,34.8275,0.32724480487420765,73011156,USGS-02428400
USGS-02385170,-84.8805278,34.7433333,0.6957849814354216,73011360,USGS-02428400
USGS-02385500,-84.9750278,34.78844444,0.5969725500014104,73014041,USGS-02428400
USGS-02385800,-84.77025,34.71675,0.8545602999594561,73014114,USGS-02428400
USGS-02387000,-84.9279167,34.66691667,0.05839653800063822,73011132,USGS-02428400
USGS-02387500,-84.9419167,34.5775,0.8288659060639939,73011126,USGS-02428400
USGS-02387600,-84.9654167,34.4948611,0.8646799866843665,73013647,USGS-02428400
USGS-02388350,-85.1401667,34.3608333,0.755222647958236,73011868,USGS-02428400
USGS-02388500,-85.138,34.2989722,0.460666230940454,73011103,USGS-02428400
USGS-02388975,-84.0198056,34.4090833,0.5103769352725225,73012235,USGS-02428400
USGS-02389150,-84.1135833,34.3575833,0.8369992976083184,73012235,USGS-02428400
USGS-02390000,-84.2125278,34.42627778,0.4387598585149437,73012260,USGS-02428400
USGS-02390050,-84.2062222,34.35255556,0.4294455896248707,73011757,USGS-02428400
USGS-02390140,-84.2635556,34.29316667,0.9843555866171809,73013568,USGS-02428400
USGS-02391540,-84.4034722,34.31088889,0.8569912277601884,73012209,USGS-02428400
USGS-02391860,-84.4691667,34.2508333,0.8314619868436455,73011618,USGS-02428400
USGS-02392000,-84.4945278,34.24019444,0.9479671577941381,73011618,USGS-02428400
USGS-02392360,-84.5954444,34.2633333,0.2692852930219429,73012353,USGS-02428400
USGS-02392780,-84.5045833,34.1225,0.05119635187401821,73012087,USGS-02428400
USGS-02392950,-84.5362778,34.0565833,0.3622332403416622,73013242,USGS-02428400
USGS-02392975,-84.5355556,34.0683333,0.4165489037257653,73013242,USGS-02428400
USGS-02394000,-84.7410833,34.1629722,0.1815248556818789,73011526,USGS-02428400
USGS-02394670,-84.839,34.1427222,0.01673426930631147,73011516,USGS-02428400
USGS-02394820,-85.0536944,33.9974722,0.09098482411928804,73012437,USGS-02428400
USGS-02395000,-84.97875,34.20930556,0.9032882992583997,73011508,USGS-02428400
USGS-02395120,-84.8897222,34.24277778,0.20196071894955148,73012574,USGS-02428400
USGS-02395980,-85.1169444,34.2321111,0.3009658366015931,73011489,USGS-02428400
USGS-02397000,-85.2564167,34.2005,0.5297690063431908,73011098,USGS-02428400
USGS-02397530,-85.45325,34.20194444,0.4907256798294179,73011079,USGS-02428400
USGS-02398000,-85.3348333,34.46780556,0.5802102944696674,73012007,USGS-02428400
USGS-02398300,-85.5091172,34.29040777,0.0150735239760552,73011699,USGS-02428400
USGS-02399200,-85.6805204,34.2889813,0.28035250473345485,73011794,USGS-02428400
USGS-02400100,-85.6141287,34.06509836,0.3011898852792062,73011959,USGS-02428400
USGS-02400680,-85.7671907,34.43814386,0.799543404007821,73013854,USGS-02428400
USGS-02401000,-86.0380286,34.0981515,0.921916173139916,73011799,USGS-02428400
USGS-02401390,-86.2627559,33.8398211,0.28845923784903693,73011906,USGS-02428400
USGS-02401895,-85.9983035,33.7803769,0.01,73011832,USGS-02428400
USGS-02403310,-85.7852411,33.60204998,0.3648034530884285,73011848,USGS-02428400
USGS-02404400,-86.0969163,33.5484383,0.20140481261460733,73011154,USGS-02428400
USGS-02406500,-86.2341414,33.35955497,0.4382181332050394,73015113,USGS-02428400
USGS-02406930,-86.273308,33.21178164,0.5728447762009601,73017090,USGS-02428400
USGS-02407000,-86.3638657,33.29182009,0.0808990391775735,73014473,USGS-02428400
USGS-02407514,-86.4952592,33.32066689,0.0629046185621722,73015280,USGS-02428400
USGS-02408150,-86.5791667,32.89027778,0.3392250657749522,73015855,USGS-02428400
USGS-02408540,-86.2702519,32.9168292,0.20657541349611933,73015053,USGS-02428400
USGS-02411930,-85.33613889,33.74138889,0.7433809511662449,73011749,USGS-02428400
USGS-02412000,-85.5132894,33.622885,0.6386900847563287,73011621,USGS-02428400
USGS-02413000,-85.0794167,33.59680556,0.5330161739120518,73012393,USGS-02428400
USGS-02413205,-85.2525,33.5008333,0.08193324205022039,73014519,USGS-02428400
USGS-02413210,-85.2793056,33.49269444,0.6434999811328178,73014519,USGS-02428400
USGS-02413300,-85.399118,33.43733498,0.6017779656056154,73014478,USGS-02428400
USGS-02414500,-85.5607875,33.11678684,0.86686501276782,73014448,USGS-02428400
USGS-02414715,-85.7396804,32.97738315,0.9079989280126732,73014437,USGS-02428400
USGS-02415000,-85.8780186,33.06539786,0.228493574176787,73015210,USGS-02428400
USGS-02418230,-85.5880076,32.62680015,0.9177313822265571,73015752,USGS-02428400
USGS-02418760,-85.4805044,32.5481918,0.02654739989659338,73015547,USGS-02428400
USGS-02419000,-85.69495709,32.4768401,0.6656345648099268,73015066,USGS-02428400
USGS-02419890,-86.1955275,32.43989677,0.11648178918013127,73014415,USGS-02428400
USGS-02420000,-86.40830579,32.41152597,0.8887309807753375,73014409,USGS-02428400
USGS-02421000,-86.2994126,32.30736239,0.99,73015169,USGS-02428400
USGS-02421480,-86.5917,32.16718333,0.4672008825783036,73015452,USGS-02428400
USGS-02422500,-86.9035991,32.5829103,0.5002463497763443,73015275,USGS-02428400
USGS-02423160,-86.5491517,33.60371416,0.6698834247805298,73012356,USGS-02428400
USGS-02423380,-86.7127653,33.4817724,0.7205975795706857,73014908,USGS-02428400
USGS-02423400,-86.6141521,33.4998273,0.6052567616262812,73014603,USGS-02428400
USGS-02423414,-86.6988757,33.43987215,0.7753839191420532,73014599,USGS-02428400
USGS-02423425,-86.7397099,33.4156637,0.5271432277560957,73014598,USGS-02428400
USGS-02423496,-86.7841551,33.3692767,0.5523188628866297,73014596,USGS-02428400
USGS-02423500,-86.8130446,33.36344373,0.9124971590723102,73014596,USGS-02428400
USGS-0242354750,-86.8063775,33.31344546,0.7915527907773265,73017285,USGS-02428400
USGS-02423555,-86.8824901,33.28455786,0.49308726602861314,73014590,USGS-02428400
USGS-02423586,-86.8136007,33.4487185,0.3520001532062746,73014937,USGS-02428400
USGS-02423630,-86.9497141,33.3262234,0.22705893790951723,73014837,USGS-02428400
USGS-02423800,-86.95276899,33.0576205,0.1568879608057134,73015418,USGS-02428400
USGS-02424000,-87.1391623,32.9451238,0.4821851844352482,73014575,USGS-02428400
USGS-02425000,-87.180279,32.4440634,0.802544691099841,73014559,USGS-02428400
USGS-02427020,-87.2813932,32.27712327,0.07450609899971825,73015088,USGS-02428400
USGS-02427250,-87.0683313,31.99629727,0.6774261849232747,73014517,USGS-02428400
USGS-02428400,-87.550548,31.61515849,0.4950591322965354,73017493,USGS-02428400
USGS-02429000,-87.351673,31.5626977,0.6600879626819204,73018608,USGS-02429000
USGS-02430680,-88.5772222,34.45277778,0.6523060447303434,73012173,USGS-02469761
USGS-02431000,-88.4452778,34.265,0.6396831034698559,73011875,USGS-02469761
USGS-02432500,-88.2716667,34.23916667,0.9109345809739927,73011949,USGS-02469761
USGS-02433496,-88.49138889,34.00944444,0.9287637753882758,73011631,USGS-02469761
USGS-02435020,-88.6958333,34.23555556,0.014048512092116015,73011884,USGS-02469761
USGS-02436500,-88.6280556,34.05916667,0.45614013237409023,73011754,USGS-02469761
USGS-02437100,-88.52,33.83,0.7130791196965736,73011582,USGS-02469761
USGS-02438000,-87.9894765,34.10621294,0.18949232855303375,73011802,USGS-02469761
USGS-02439400,-88.3152778,33.79,0.03860007566382973,73011578,USGS-02469761
USGS-02441390,-88.4894444,33.5175,0.09676304601638362,73014346,USGS-02469761
USGS-02442500,-88.0833605,33.57511416,0.3786971762557512,73011855,USGS-02469761
USGS-02443500,-88.3952778,33.51416667,0.6095336207591665,73014903,USGS-02469761
USGS-02444161,-88.2886454,33.21040097,0.8310516735295808,73014327,USGS-02469761
USGS-02446500,-87.776408,33.2570987,0.19408474000705186,73014650,USGS-02469761
USGS-02447026,-88.1541918,32.85235218,0.6276362819262334,73014316,USGS-02469761
USGS-02448000,-88.5587778,33.0723611,0.4818827458854174,73014979,USGS-02469761
USGS-02448500,-88.2978103,32.9326287,0.9815039787272921,73014953,USGS-02469761
USGS-02448900,-88.3119761,32.80707585,0.7680979661970834,73015387,USGS-02469761
USGS-02449838,-86.69388889,34.1725,0.46479435874601926,73013520,USGS-02469761
USGS-02450000,-86.73666329,34.01204356,0.31512831670802555,73011862,USGS-02469761
USGS-02450180,-86.9222211,33.87204689,0.42093196258534665,73011669,USGS-02469761
USGS-02450250,-87.3989084,34.28537757,0.05348679372109814,73012267,USGS-02469761
USGS-02450825,-87.422793,34.08121506,0.31318626792533716,73012266,USGS-02469761
USGS-02452505,-87.0702788,33.82121589,0.912433435111461,73011623,USGS-02469761
USGS-02453000,-87.2569514,33.90843985,0.99,73011931,USGS-02469761
USGS-02453500,-87.1702791,33.75760677,0.02349825629134302,73011559,USGS-02469761
USGS-02454000,-87.3583383,33.76399789,0.6070227563337673,73012417,USGS-02469761
USGS-02455000,-86.5741573,34.02454235,0.3948894193820061,73011705,USGS-02469761
USGS-02455185,-86.4458124,33.86069558,0.10102024131676407,73012542,USGS-02469761
USGS-02455980,-86.6961013,33.71121273,0.2502928403463105,73012841,USGS-02469761
USGS-02456000,-86.81249019,33.74042063,0.24034751067016624,73012194,USGS-02469761
USGS-02456500,-86.9833305,33.7098268,0.8737060473123773,73011533,USGS-02469761
USGS-02457595,-86.8680483,33.5970492,0.13135412333799412,73012128,USGS-02469761
USGS-02458600,-86.9258266,33.5481615,0.39349183173585867,73012694,USGS-02469761
USGS-02460500,-87.0069405,33.6056616,0.8060104020725755,73012694,USGS-02469761
USGS-02461192,-86.8721722,33.4926111,0.15679700117782505,73014942,USGS-02469761
USGS-02461500,-86.9827711,33.4192762,0.20899377097442098,73014860,USGS-02469761
USGS-02462000,-87.1222186,33.44733226,0.8714735041731069,73014825,USGS-02469761
USGS-02464000,-87.5972297,33.47928058,0.7725474899781914,73014906,USGS-02469761
USGS-02465000,-87.5900074,33.20928528,0.8145866869692874,73014370,USGS-02469761
USGS-02465493,-87.6222295,32.99734636,0.5311373455625451,73016821,USGS-02469761
USGS-02466031,-87.841402,32.7773528,0.6729461499820816,73014355,USGS-02469761
USGS-02466500,-87.68112729,32.54128314,0.45775422407820027,73015271,USGS-02469761
USGS-02467500,-88.1933648,32.5737822,0.7243573320968729,73015002,USGS-02469761
USGS-02469525,-88.0411267,32.13014697,0.5007619423878739,73014291,USGS-02469761
USGS-02469761,-88.1291763,31.75849066,0.7714494321884288,73017467,USGS-02469761
USGS-02469800,-88.0225066,31.7443247,0.4067996651523068,73018366,USGS-02469800
USGS-02471001,-88.1433355,30.80296466,0.8637138559111537,73018465,USGS-02471001
USGS-02471078,-88.1813906,30.50075106,0.7222820826910629,73020533,USGS-02471078
USGS-02472000,-89.4069444,31.70694444,0.8021550522551484,73017623,USGS-02479310
USGS-02472500,-89.4147222,31.42583333,0.8979247499342673,73018136,USGS-02479310
USGS-02472850,-89.4333333,31.48916667,0.49901060215225873,73018146,USGS-02479310
USGS-02473000,-89.2802778,31.34305556,0.022117079171941282,73017599,USGS-02479310
USGS-02474560,-89.0530556,31.22166667,0.48506877895543243,73017585,USGS-02479310
USGS-02475000,-88.8083222,31.10741389,0.3389266250445603,73017567,USGS-02479310
USGS-02475500,-88.9091667,32.3261111,0.6959578562347948,73015117,USGS-02479310
USGS-02476500,-88.6772222,32.36777778,0.33706102192627646,73015791,USGS-02479310
USGS-02476600,-88.7536111,32.29833333,0.07502765153211625,73015079,USGS-02479310
USGS-02477000,-88.8197222,32.17583333,0.13482195744919112,73015004,USGS-02479310
USGS-02477045,-88.7442142,32.04240686,0.9009342320279794,73014995,USGS-02479310
USGS-02477500,-88.68351,31.68254959,0.3087277446020204,73017519,USGS-02479310
USGS-02478500,-88.5480556,31.1486111,0.738340081879229,73017511,USGS-02479310
USGS-02479000,-88.7269444,30.97805556,0.027214879741676544,73017506,USGS-02479310
USGS-02479130,-89.2041667,31.05194444,0.4740954721242072,73018123,USGS-02479310
USGS-02479155,-89.0166667,31.02527778,0.29724297685923934,73018739,USGS-02479310
USGS-02479300,-88.7811111,30.7361111,0.8876175602363928,73018069,USGS-02479310
USGS-02479310,-88.64138889,30.61055556,0.11002824218600778,73020273,USGS-02479310
USGS-02479500,-88.417792,30.8624092,0.5675809020769795,73018043,USGS-02479500
USGS-02479945,-88.3338988,30.85601968,0.37527149439619706,73019215,USGS-02480020
USGS-02480020,-88.3930922,30.6393899,0.6368141988703193,73018346,USGS-02480020
USGS-02481000,-89.1219444,30.5586111,0.7881526839379898,74071669,USGS-02481000
USGS-02481510,-89.2744444,30.4836111,0.6193858345657797,74071373,USGS-02481510
USGS-02482000,-89.335,32.79888889,0.15152515616160142,74067733,USGS-02489500
USGS-02482550,-89.5263889,32.7072222,0.17824218451617846,74067683,USGS-02489500
USGS-02483000,-89.465,32.58833333,0.518191481948988,74067343,USGS-02489500
USGS-02483500,-89.6461111,32.6672222,0.5566072792246742,74067336,USGS-02489500
USGS-02484000,-89.5777778,33.0322222,0.5082364376279723,74067904,USGS-02489500
USGS-02484500,-89.6719444,32.7061111,0.6628597065897401,74067763,USGS-02489500
USGS-02485735,-90.1292532,32.33153417,0.3831498422938497,74070001,USGS-02489500
USGS-02486000,-90.1788889,32.28138889,0.2617817826691559,74069994,USGS-02489500
USGS-02487500,-89.8975,31.97777778,0.7636509762621942,74070183,USGS-02489500
USGS-02488000,-90.1425,31.79083333,0.23344300961834577,74069970,USGS-02489500
USGS-02488500,-90.0880556,31.55333333,0.9106227028845646,74069959,USGS-02489500
USGS-02489000,-89.8469444,31.23777778,0.5722509326914187,74069948,USGS-02489500
USGS-02489500,-89.8209117,30.7932614,0.08284785782128869,74071255,USGS-02489500
USGS-02492000,-89.8972956,30.62935636,0.4775291318187609,74071367,USGS-02492000
USGS-02492343,-89.5947222,30.57416667,0.47625227213716265,74071789,USGS-02492343
USGS-02492360,-89.6861111,30.6622222,0.027614553083054383,74071598,USGS-02492360
USGS-265501080364900,-80.6129444,26.91719444,0.382534738349359,73022487,USGS-265501080364900
USGS-04010500,-89.616204,48.01222239,0.4582513939046675,72035311,ECCC-02OA016
USGS-04015330,-91.795577,46.94694,0.016546087678250943,72041760,ECCC-02OA016
USGS-04015438,-92.04,47.4811111,0.5128631322549745,72040150,ECCC-02OA016
USGS-04024000,-92.418378,46.703511,0.6681000053220666,72040035,ECCC-02OA016
USGS-04024430,-92.0938889,46.6333333,0.2621468928034112,72041048,ECCC-02OA016
BRANA-10100000,-69.9447,-4.2347,0.9431120888744529,62053074,BRANA-17050001
BRANA-10200000,-72.8136,-5.1389,0.024570939303315567,62054884,BRANA-17050001
BRANA-10300000,-71.4003,-4.5397,0.09513137023205817,62053830,BRANA-17050001
BRANA-10500000,-70.9056,-4.3408,0.5198196920606185,62053814,BRANA-17050001
BRANA-11200000,-69.7336,-4.3578,0.42317207013872016,62053070,BRANA-17050001
BRANA-11400000,-68.9119,-3.4569,0.3372528196724265,62037804,BRANA-17050001
BRANA-11500000,-67.9356,-3.1017,0.01,62037782,BRANA-17050001
BRANA-12100000,-68.1483,-4.6661,0.7945795167392452,62054090,BRANA-17050001
BRANA-12150000,-68.6633,-4.8967,0.3090642649276187,62054123,BRANA-17050001
BRANA-12160000,-68.3244,-4.6514,0.7940578245097606,62054100,BRANA-17050001
BRANA-12180000,-68.1353,-4.745,0.41034286186587426,62054562,BRANA-17050001
BRANA-12210000,-68.0111,-4.5711,0.5168373754625061,62054084,BRANA-17050001
BRANA-12240000,-67.4917,-3.3372,0.25221454961298045,62038311,BRANA-17050001
BRANA-12360000,-72.7158,-9.4097,0.013185231743452245,62100860,BRANA-17050001
BRANA-12370000,-72.7847,-8.9458,0.06386979044864359,62084580,BRANA-17050001
BRANA-12390000,-72.7411,-8.2672,0.21348178487917333,62084543,BRANA-17050001
BRANA-12400000,-73.6644,-7.4483,0.7351179836474518,62070117,BRANA-17050001
BRANA-12420000,-73.1914,-7.4125,0.2804040507104687,62070024,BRANA-17050001
BRANA-12500000,-72.6603,-7.6333,0.2024292921992404,62084531,BRANA-17050001
BRANA-12500900,-72.0444,-7.9728,0.4495073120224124,62086974,BRANA-17050001
BRANA-12510000,-72.0547,-7.8492,0.04332850289218027,62086792,BRANA-17050001
BRANA-12510500,-72.0211,-7.7994,0.3830358248343403,62086760,BRANA-17050001
BRANA-12520000,-71.6892,-7.0556,0.10130534823743911,62069176,BRANA-17050001
BRANA-12530000,-71.4822,-7.9511,0.11091595583303591,62086837,BRANA-17050001
BRANA-12540000,-70.9833,-7.2667,0.11342392001894253,62070054,BRANA-17050001
BRANA-12550000,-69.8811,-6.6844,0.7993563784418388,62069103,BRANA-17050001
BRANA-12559000,-71.5744,-8.6611,0.45138449721666746,62085006,BRANA-17050001
BRANA-12590000,-70.7456,-8.1519,0.334022279813719,62084935,BRANA-17050001
BRANA-12600001,-70.7153,-8.1458,0.46978783423210496,62084934,BRANA-17050001
BRANA-12630000,-71.0661,-8.7528,0.8122962490056788,62084992,BRANA-17050001
BRANA-12640000,-70.5511,-8.6858,0.5325583944813133,62085207,BRANA-17050001
BRANA-12650000,-70.3564,-8.1636,0.13479506367265776,62085151,BRANA-17050001
BRANA-12680000,-70.0225,-7.4281,0.9640003407736621,62069095,BRANA-17050001
BRANA-12700000,-68.2461,-6.4403,0.39927341756599194,62069034,BRANA-17050001
BRANA-12840000,-66.8506,-4.8392,0.3374648524914651,62053388,BRANA-17050001
BRANA-12845000,-69.4283,-1.3947,0.01549034312826374,62022732,BRANA-17050001
BRANA-13150000,-63.0278,-4.0578,0.49296308247893705,62053056,BRANA-17050001
BRANA-13169900,-70.4942,-9.4342,0.9207910648732158,62100601,BRANA-17050001
BRANA-13180000,-69.275,-8.8886,0.06888643773813195,62085186,BRANA-17050001
BRANA-13290000,-68.9431,-9.5439,0.030672569711881936,62100775,BRANA-17050001
BRANA-13300000,-68.7239,-9.3744,0.17487467438890802,62100599,BRANA-17050001
BRANA-13310000,-68.6531,-9.0678,0.835442005799588,62085290,BRANA-17050001
BRANA-13405000,-68.9933,-9.1103,0.09817926813592254,62085272,BRANA-17050001
BRANA-13410000,-68.5772,-9.0439,0.1905403364324879,62085118,BRANA-17050001
BRANA-13450000,-69.5656,-10.9436,0.15102727977380656,62099858,BRANA-17050001
BRANA-13470000,-68.745,-11.0178,0.0418657514506496,62098951,BRANA-17050001
BRANA-13490000,-68.6081,-10.8956,0.019686298769290355,62098947,BRANA-17050001
BRANA-13540000,-68.7047,-10.5606,0.01773383177737611,62101050,BRANA-17050001
BRANA-13550000,-68.5075,-10.6511,0.99,62098943,BRANA-17050001
BRANA-13568000,-67.9353,-10.3886,0.3682218182720854,62098926,BRANA-17050001
BRANA-13572000,-68.5294,-10.005,0.01,62101137,BRANA-17050001
BRANA-13578000,-67.9639,-10.0567,0.15087042251967267,62100762,BRANA-17050001
BRANA-13600002,-67.8008,-9.975,0.9555938630884631,62098920,BRANA-17050001
BRANA-13650000,-67.3969,-9.0667,0.1763233178053872,62084216,BRANA-17050001
BRANA-13710001,-67.375,-8.6533,0.6735304561069205,62084206,BRANA-17050001
BRANA-13740000,-67.4778,-7.54,0.01,62084667,BRANA-17050001
BRANA-13750000,-66.9997,-7.7156,0.40807997522977935,62084186,BRANA-17050001
BRANA-13851000,-65.2322,-7.9761,0.6586273119612046,62084280,BRANA-17050001
BRANA-13870000,-64.7975,-7.2581,0.030735625943357173,62068648,BRANA-17050001
BRANA-13880000,-64.3858,-6.5389,0.16603945053312966,62068631,BRANA-17050001
BRANA-13885000,-64.2433,-7.4644,0.01,62070678,BRANA-17050001
BRANA-13990000,-61.3742,-3.8989,0.18315255206955133,62037653,BRANA-17050001
BRANA-14100000,-60.6094,-3.3106,0.013736454334609167,62037636,BRANA-17050001
BRANA-14110000,-66.8525,1.2153,0.6656760921244126,62009412,BRANA-17050001
BRANA-14215000,-69.3844,1.7164,0.046662873501128695,62002628,BRANA-17050001
BRANA-14230000,-67.5947,1.0744,0.49763762939199574,62009159,BRANA-17050001
BRANA-14250000,-67.3128,0.3717,0.4239656363538023,62009100,BRANA-17050001
BRANA-14260000,-69.1281,0.4769,0.8555728603752347,62009239,BRANA-17050001
BRANA-14280001,-68.5386,0.1303,0.09756846518755971,62009213,BRANA-17050001
BRANA-14300000,-69.785,0.2494,0.9495252550519158,62011622,BRANA-17050001
BRANA-14310000,-69.3781,0.2094,0.04212037720929159,62011072,BRANA-17050001
BRANA-14325000,-67.5358,-0.3444,0.7069067263306279,62009157,BRANA-17050001
BRANA-14330000,-66.8022,-0.2006,0.7920396009697968,62009047,BRANA-17050001
BRANA-14350000,-67.0092,-0.2461,0.059237776164211164,62009105,BRANA-17050001
BRANA-14380000,-66.135,0.6194,0.3153009687408838,62011372,BRANA-17050001
BRANA-14420000,-64.8289,-0.4819,0.029953772662398237,62008908,BRANA-17050001
BRANA-14428000,-63.9883,0.2275,0.03510584946877564,62009643,BRANA-17050001
BRANA-14440000,-62.6219,0.8842,0.8473950033362448,62009972,BRANA-17050001
BRANA-14485010,-64.4431,4.0031,0.24272491543350475,62000507,BRANA-17050001
BRANA-14488000,-63.1692,3.5497,0.6423557526207124,62000199,BRANA-17050001
BRANA-14489000,-61.4222,3.3528,0.3423482157277365,62000288,BRANA-17050001
BRANA-14495000,-61.0367,3.4381,0.6689394754315376,62000148,BRANA-17050001
BRANA-14500000,-60.9097,3.4644,0.0526400742275254,62000145,BRANA-17050001
BRANA-14515000,-60.5711,3.2078,0.7309304943741376,62000136,BRANA-17050001
BRANA-14526000,-59.8111,3.3811,0.8511803785664751,62000125,BRANA-17050001
BRANA-14527000,-59.8883,3.5675,0.4121807528803478,62000119,BRANA-17050001
BRANA-14530000,-60.7939,4.1961,0.26120387496387387,62000446,BRANA-17050001
BRANA-14540000,-60.4706,4.6306,0.19680668540976284,62000322,BRANA-17050001
BRANA-14550000,-60.5289,4.1675,0.36884086916823283,62000284,BRANA-17050001
BRANA-14558000,-60.3447,3.3178,0.45884918205784386,62000104,BRANA-17050001
BRANA-14620000,-60.6561,2.8267,0.7909862883405706,62001914,BRANA-17050001
BRANA-14650000,-62.0172,2.7317,0.8098415686793645,62002056,BRANA-17050001
BRANA-14680001,-61.4406,2.8708,0.6773507719985006,62002031,BRANA-17050001
BRANA-14690000,-60.9178,2.4714,0.37340771818847734,62002012,BRANA-17050001
BRANA-14710000,-61.1236,1.8214,0.7994447145322826,62001871,BRANA-17050001
BRANA-14740000,-60.2236,1.1292,0.9257386891310327,62009477,BRANA-17050001
BRANA-14750000,-62.2833,1.75,0.4991334894180905,62002530,BRANA-17050001
BRANA-14840000,-61.6347,-1.4567,0.09174737048053527,62022354,BRANA-17050001
BRANA-14845000,-60.4661,0.5178,0.41259792142358975,62011049,BRANA-17050001
BRANA-14850000,-60.52,-0.8586,0.99,62023730,BRANA-17050001
BRANA-15030000,-59.6478,-3.0633,0.3459794637974988,62037623,BRANA-17050001
BRANA-15040000,-59.8336,-3.1961,0.39388545275661735,62048834,BRANA-17050001
BRANA-15042000,-59.7036,-2.6989,0.2197754013428893,62041785,BRANA-17050001
BRANA-15050000,-59.3539,-15.2153,0.06816863281220746,62140334,BRANA-17050001
BRANA-15120001,-59.9581,-15.0092,0.16215516348373812,62139284,BRANA-17050001
BRANA-15124009,-60.53,-13.5125,0.1517511042374051,62129155,BRANA-17050001
BRANA-15130000,-61.05,-13.4858,0.9673619080937217,62126907,BRANA-17050001
BRANA-15150000,-62.8992,-12.8514,0.0655717084351881,62126800,BRANA-17050001
BRANA-15170000,-62.1528,-11.9306,0.5377872207630835,62116324,BRANA-17050001
BRANA-15180000,-62.8081,-11.7331,0.28218065644155704,62116767,BRANA-17050001
BRANA-15190000,-63.2722,-11.9664,0.018640431221432344,62116705,BRANA-17050001
BRANA-15200000,-64.4253,-12.4267,0.10090441637140024,62113319,BRANA-17050001
BRANA-15248010,-65.0433,-10.9175,0.23776483682263908,62101008,BRANA-17050001
BRANA-15250000,-65.3478,-10.7925,0.3561630824820723,62099011,BRANA-17050001
BRANA-15320002,-65.3667,-9.7053,0.5728060430660405,62098853,BRANA-17050001
BRANA-15324000,-67.1831,-10.3378,0.1277906018191452,62100114,BRANA-17050001
BRANA-15326000,-65.5275,-9.7847,0.49273662097820753,62100055,BRANA-17050001
BRANA-15400000,-63.9169,-8.7483,0.35119645319726406,62084122,BRANA-17050001
BRANA-15430000,-63.0714,-9.9256,0.30226058872218114,62099968,BRANA-17050001
BRANA-15431000,-62.9847,-9.8869,0.36646114804105157,62102284,BRANA-17050001
BRANA-15432000,-63.2875,-9.7608,0.38732426246014795,62102104,BRANA-17050001
BRANA-15490000,-63.5178,-8.4522,0.7513747381459085,62084111,BRANA-17050001
BRANA-15490500,-63.7308,-10.2806,0.2736860534863,62101756,BRANA-17050001
BRANA-15550000,-63.7106,-8.7986,0.15566157138714287,62085230,BRANA-17050001
BRANA-15552600,-60.8678,-11.7489,0.5193616303095642,62113419,BRANA-17050001
BRANA-15558000,-61.1922,-11.6836,0.2876469256779717,62113848,BRANA-17050001
BRANA-15558500,-62.1172,-11.0017,0.45606684471914144,62113586,BRANA-17050001
BRANA-15558700,-61.0511,-11.5725,0.5700851892282883,62118546,BRANA-17050001
BRANA-15559000,-61.215,-11.6525,0.04007299218408224,62113412,BRANA-17050001
BRANA-15560000,-61.9356,-10.8736,0.33090030673353854,62099167,BRANA-17050001
BRANA-15562000,-62.2572,-10.7711,0.47391558263553785,62104703,BRANA-17050001
BRANA-15565000,-62.4656,-10.4458,0.8808654108342778,62100176,BRANA-17050001
BRANA-15575000,-61.9347,-9.3472,0.41575741184164106,62101023,BRANA-17050001
BRANA-15580000,-62.0556,-8.9322,0.05083103143029838,62084448,BRANA-17050001
BRANA-15630000,-63.0183,-7.5028,0.4218867710939956,62068608,BRANA-17050001
BRANA-15650000,-62.0425,-7.9578,0.6096757916689861,62086636,BRANA-17050001
BRANA-15660000,-62.6553,-7.6303,0.3877160864251039,62087344,BRANA-17050001
BRANA-15680000,-61.3339,-7.8533,0.2174951875711153,62087619,BRANA-17050001
BRANA-15700000,-61.3019,-5.8167,0.09202919900920553,62052990,BRANA-17050001
BRANA-15795000,-60.5761,-7.7394,0.22546186921070774,62085400,BRANA-17050001
BRANA-15800000,-60.5783,-7.7058,0.010378252100671193,62084342,BRANA-17050001
BRANA-15830000,-60.65,-7.2078,0.1562743324281524,62068896,BRANA-17050001
BRANA-15830400,-60.6711,-7.5197,0.6626135090066742,62084338,BRANA-17050001
BRANA-15910000,-59.0422,-6.7956,0.0709985989750081,62069723,BRANA-17050001
BRANA-15930000,-59.6833,-7.1014,0.2968134966938016,62069475,BRANA-17050001
BRANA-16010000,-59.3589,-2.6625,0.16081896066829401,62038684,BRANA-17050001
BRANA-16030000,-58.4114,-3.1539,0.08327599859242908,62037595,BRANA-17050001
BRANA-16100000,-59.3442,-2.1061,0.7375288608944326,62023950,BRANA-17050001
BRANA-16205000,-58.5333,-1.6833,0.6003233058846663,62023388,BRANA-17050001
BRANA-16368000,-57.8269,-1.4381,0.1019469500823915,62022760,BRANA-17050001
BRANA-16430000,-57.0431,-0.9978,0.5201933598373429,62023262,BRANA-17050001
BRANA-16440000,-57.1639,-0.9497,0.24365113649259648,62024138,BRANA-17050001
BRANA-16460000,-57.0614,-1.065,0.7870666788478712,62023260,BRANA-17050001
BRANA-16500000,-57.0569,-1.1006,0.7934207522416049,62022480,BRANA-17050001
BRANA-16661000,-56.8519,-1.3706,0.18745365724048327,62022471,BRANA-17050001
BRANA-17050001,-55.5131,-1.9192,0.5264867644747498,62022237,BRANA-17050001
BRANA-17090000,-54.8728,-1.5031,0.8854084507524392,62023391,BRANA-17090000
BRANA-17091000,-59.0078,-13.4608,0.9606490759218145,62127998,BRANA-17710000
BRANA-17092800,-58.1853,-13.0264,0.99,62127924,BRANA-17710000
BRANA-17093000,-58.3428,-11.3583,0.8382701860968503,62113642,BRANA-17710000
BRANA-17095000,-58.0481,-11.7181,0.9539463722204973,62114429,BRANA-17710000
BRANA-17120000,-57.4236,-11.5367,0.4117170395424827,62113658,BRANA-17710000
BRANA-17122000,-57.7272,-10.8231,0.3735175520180708,62099645,BRANA-17710000
BRANA-17123000,-58.0042,-10.6392,0.4652639776995444,62099331,BRANA-17710000
BRANA-17130000,-58.2808,-7.7311,0.7682234049304992,62084545,BRANA-17710000
BRANA-17200000,-55.3347,-13.5575,0.9895565685799315,62127400,BRANA-17710000
BRANA-17210000,-55.7928,-12.6742,0.01,62114305,BRANA-17710000
BRANA-17280000,-55.7025,-11.6517,0.7178055100826055,62114140,BRANA-17710000
BRANA-17300000,-55.5508,-10.9558,0.01,62099480,BRANA-17710000
BRANA-17340000,-55.5706,-10.1133,0.6375830544566181,62099434,BRANA-17710000
BRANA-17343000,-54.9708,-10.2194,0.08186915835291726,62100916,BRANA-17710000
BRANA-17345000,-54.9039,-9.3589,0.9866561918657115,62100335,BRANA-17710000
BRANA-17350000,-54.8858,-9.8172,0.854006635061129,62101807,BRANA-17710000
BRANA-17380000,-56.0194,-9.6406,0.6477438637783196,62099415,BRANA-17710000
BRANA-17420000,-57.9503,-7.6147,0.27893102654397867,62084605,BRANA-17710000
BRANA-17430000,-58.1553,-7.3397,0.19380079669451822,62069261,BRANA-17710000
BRANA-17675000,-55.7725,-6.2575,0.9242640687111615,62069698,BRANA-17710000
BRANA-17680000,-55.87,-5.4556,0.7421578166703832,62054010,BRANA-17710000
BRANA-17710000,-56.325,-4.6156,0.7769875533149075,62053487,BRANA-17710000
BRANA-18200000,-54.3972,-1.7789,0.7362999667444736,62023647,BRANA-18200000
BRANA-18250000,-53.5542,-3.6772,0.19840355443128616,62039708,BRANA-18250000
BRANA-18409000,-53.9986,-14.6111,0.3808744520280944,62140886,BRANA-18460000
BRANA-18415000,-53.0761,-13.5692,0.3345801175851818,62127467,BRANA-18460000
BRANA-18420000,-54.4453,-13.1408,0.5945232768200659,62129079,BRANA-18460000
BRANA-18421000,-54.1383,-12.3692,0.11138234751256756,62114994,BRANA-18460000
BRANA-18422000,-54.4767,-11.1272,0.7751924743372837,62114713,BRANA-18460000
BRANA-18428000,-52.0589,-12.6219,0.6180648416660811,62114588,BRANA-18460000
BRANA-18435000,-52.1833,-10.5547,0.8096922433659718,62099567,BRANA-18460000
BRANA-18460000,-51.9953,-6.7358,0.21883831136286624,62069350,BRANA-18460000
BRANA-18480000,-51.4603,-8.3269,0.15296371682857388,62085583,BRANA-18500000
BRANA-18500000,-51.7736,-6.7453,0.9211247202548029,62068792,BRANA-18500000
BRANA-18590000,-54.0836,-6.1872,0.9006577208005786,62069167,BRANA-18700000
BRANA-18600000,-54.2456,-5.6967,0.16211829269502762,62053572,BRANA-18700000
BRANA-18650000,-54.5208,-5.65,0.37407326576223454,62053630,BRANA-18700000
BRANA-18700000,-54.0125,-4.5278,0.6508738195853695,62053474,BRANA-18700000
BRANA-18880000,-51.5675,-3.7314,0.23777982216320226,62038924,BRANA-18880000
BRANA-19200000,-52.0781,-0.4567,0.7074251521199468,62012917,BRANA-19200000
BRANA-19985000,-50.6397,-3.8511,0.7333147446673574,62039953,BRANA-19985000
BRANA-20017000,-47.6114,-15.5064,0.32102519395932605,62141984,BRANA-29700000
BRANA-20100000,-49.3219,-15.7242,0.4839995631765662,62140585,BRANA-29700000
BRANA-20200000,-49.6908,-15.4961,0.4460409395439415,62140247,BRANA-29700000
BRANA-21210000,-47.3817,-15.3222,0.6174807997280013,62141567,BRANA-29700000
BRANA-21220000,-47.0472,-14.4508,0.2291436881047815,62127824,BRANA-29700000
BRANA-21300000,-46.4906,-14.4769,0.9399741609776742,62128286,BRANA-29700000
BRANA-21500000,-46.8375,-13.7625,0.10355339059333575,62127458,BRANA-29700000
BRANA-21560000,-46.7803,-13.4986,0.4527795116105127,62129369,BRANA-29700000
BRANA-21580000,-46.4694,-13.5514,0.313296251504899,62130637,BRANA-29700000
BRANA-21750000,-46.5122,-12.7936,0.5802005971035769,62128381,BRANA-29700000
BRANA-22050001,-48.5328,-12.0231,0.9817986983165402,62113541,BRANA-29700000
BRANA-22100000,-48.7117,-12.3922,0.05817164873338067,62114506,BRANA-29700000
BRANA-22150000,-48.6572,-11.9819,0.4962857069979017,62114430,BRANA-29700000
BRANA-22190000,-47.0447,-11.6114,0.6405345123618607,62116477,BRANA-29700000
BRANA-22220000,-47.8367,-11.7586,0.9736228836943324,62115866,BRANA-29700000
BRANA-22250000,-48.2886,-11.5328,0.3409069812735398,62115783,BRANA-29700000
BRANA-22680000,-47.4725,-9.9953,0.7191532042490347,62100105,BRANA-29700000
BRANA-22700000,-47.6747,-9.9633,0.8965464256254301,62100096,BRANA-29700000
BRANA-22900000,-47.9292,-9.3069,0.5930644894681842,62098953,BRANA-29700000
BRANA-23100000,-48.1114,-8.3917,0.7900770874585802,62084245,BRANA-29700000
BRANA-23150000,-47.7653,-8.3917,0.01,62087147,BRANA-29700000
BRANA-23230000,-47.2611,-7.9633,0.5811348268983226,62086640,BRANA-29700000
BRANA-23250000,-47.3117,-7.7078,0.2728043129731715,62086383,BRANA-29700000
BRANA-23251000,-47.3922,-7.4619,0.7038146311438653,62072438,BRANA-29700000
BRANA-23610000,-47.3036,-6.5353,0.2588018737583768,62072103,BRANA-29700000
BRANA-23650000,-47.0411,-6.1958,0.058952275548892666,62071806,BRANA-29700000
BRANA-23700000,-47.4689,-5.7894,0.51175412782523,62068665,BRANA-29700000
BRANA-24050000,-53.2172,-17.3011,0.12508358527405947,62147240,BRANA-29700000
BRANA-24070000,-53.1631,-17.2208,0.8708578643753304,62147691,BRANA-29700000
BRANA-24196000,-52.3322,-16.7186,0.9738768223021234,62147573,BRANA-29700000
BRANA-24200000,-52.5497,-16.2006,0.6230383254142933,62139487,BRANA-29700000
BRANA-24500000,-53.5481,-16.0778,0.9665250685246353,62139467,BRANA-29700000
BRANA-24700000,-52.2278,-15.8914,0.3282014947485192,62139370,BRANA-29700000
BRANA-24750000,-51.4692,-16.3025,0.545801578385813,62147440,BRANA-29700000
BRANA-24780000,-51.8164,-16.4306,0.27700722217872986,62147702,BRANA-29700000
BRANA-24800000,-51.8528,-15.8897,0.4809931434316025,62139586,BRANA-29700000
BRANA-24850000,-51.8281,-15.7381,0.01301403677976287,62139356,BRANA-29700000
BRANA-24900000,-50.9967,-16.5125,0.5273019525250255,62147717,BRANA-29700000
BRANA-24950000,-51.3575,-15.9397,0.056028852429615715,62139427,BRANA-29700000
BRANA-25090000,-50.1278,-15.9147,0.32207136275112463,62142773,BRANA-29700000
BRANA-25100000,-50.1717,-15.9222,0.13816249844629122,62142191,BRANA-29700000
BRANA-25120000,-50.4386,-15.8969,0.8887853485297271,62142223,BRANA-29700000
BRANA-25130000,-50.7047,-15.5358,0.9425595497891252,62140316,BRANA-29700000
BRANA-25140000,-51.1756,-15.3625,0.015439353207207894,62140447,BRANA-29700000
BRANA-25200000,-51.0814,-14.9128,0.06726961091432163,62139333,BRANA-29700000
BRANA-25700000,-50.8,-13.6897,0.21482756057239044,62127220,BRANA-29700000
BRANA-25750000,-49.9514,-13.8986,0.7984846145906282,62127072,BRANA-29700000
BRANA-25800000,-50.4011,-13.5614,0.577532884779192,62127016,BRANA-29700000
BRANA-26050000,-53.0558,-15.2492,0.2476088554846315,62140073,BRANA-29700000
BRANA-26100000,-52.355,-14.6725,0.19858867374951988,62140049,BRANA-29700000
BRANA-26150000,-51.7197,-14.5997,0.6634105488663112,62140205,BRANA-29700000
BRANA-26200000,-51.6964,-14.0867,0.17790574872481027,62127246,BRANA-29700000
BRANA-26300000,-50.9636,-12.2919,0.15244430538330095,62113873,BRANA-29700000
BRANA-26350000,-50.6625,-11.6181,0.3961730238654928,62113683,BRANA-29700000
BRANA-26710000,-49.9481,-12.0986,0.21077042927971473,62114014,BRANA-29700000
BRANA-26711000,-50.0078,-11.4644,0.13451166432106998,62113997,BRANA-29700000
BRANA-26713000,-49.9539,-10.8014,0.23443845118882883,62099583,BRANA-29700000
BRANA-26720000,-49.5892,-12.4178,0.6147010569589891,62114992,BRANA-29700000
BRANA-26730000,-49.7711,-11.8392,0.11580378173219819,62114844,BRANA-29700000
BRANA-26790000,-49.2592,-11.3231,0.30238560669250936,62116871,BRANA-29700000
BRANA-26800000,-49.9342,-10.5647,0.014946653094468243,62099152,BRANA-29700000
BRANA-27110000,-49.9831,-9.5003,0.5160317680531017,62100772,BRANA-29700000
BRANA-27370000,-48.9708,-9.6036,0.8397701226360403,62104146,BRANA-29700000
BRANA-27380000,-49.3775,-9.1839,0.6805540566408443,62085997,BRANA-29700000
BRANA-27500000,-49.2594,-8.2694,0.39863854602557525,62084395,BRANA-29700000
BRANA-27540000,-50.045,-7.8444,0.7523349851233176,62087479,BRANA-29700000
BRANA-27550000,-49.0453,-7.6136,0.07987060240951283,62085805,BRANA-29700000
BRANA-27660000,-50.0431,-7.3083,0.3753895088688793,62072508,BRANA-29700000
BRANA-28150000,-48.6108,-7.1464,0.49302348758586223,62070363,BRANA-29700000
BRANA-28240000,-48.4697,-6.6717,0.7488454532959017,62071408,BRANA-29700000
BRANA-28300000,-48.5422,-6.4097,0.3987290066206874,62068766,BRANA-29700000
BRANA-28840000,-48.1997,-6.0428,0.5108058704624114,62071994,BRANA-29700000
BRANA-28850000,-48.1325,-5.6514,0.5341137321480451,62053225,BRANA-29700000
BRANA-29020000,-50.5403,-6.8147,0.11294853378945692,62073383,BRANA-29700000
BRANA-29050000,-49.1244,-5.3386,0.4448614574319904,62053121,BRANA-29700000
BRANA-29070100,-49.9044,-6.0914,0.8156400836243968,62071267,BRANA-29700000
BRANA-29100000,-49.2214,-5.4867,0.3316981450400529,62054150,BRANA-29700000
BRANA-29700000,-49.6533,-3.7578,0.07671797365209858,62037847,BRANA-29700000
BRANA-30055000,-51.4219,2.9567,0.8433765067353332,61041279,BRANA-30055000
BRANA-30058000,-51.4611,3.0422,0.7642473111977028,61037571,BRANA-30058000
BRANA-30070000,-51.3611,2.6978,0.19230776790268297,61041619,BRANA-30070000
BRANA-30075000,-50.925,1.3978,0.9285501983506661,61046201,BRANA-30075000
BRANA-30080000,-51.7064,0.9861,0.4798868652669969,61046157,BRANA-30400000
BRANA-30300000,-52.0156,0.9006,0.9091674423326654,61046183,BRANA-30400000
BRANA-30400000,-51.4389,0.7075,0.2008542210609868,61046689,BRANA-30400000
BRANA-31020000,-49.2133,-3.5128,0.6382157922568806,62039642,BRANA-31020000
BRANA-31490000,-47.0547,-1.8669,0.3169265678733776,62024199,BRANA-31520000
BRANA-31520000,-47.0656,-1.5406,0.3094566669718122,62024085,BRANA-31520000
BRANA-31600000,-47.1167,-1.6522,0.03416826561914957,62032635,BRANA-31600000
BRANA-31680000,-48.0847,-3.1372,0.6013258370665199,62038602,BRANA-31700000
BRANA-31700000,-47.7681,-2.5128,0.3803236807896863,62038577,BRANA-31700000
BRANA-32350000,-46.8894,-1.2728,0.99,63000346,BRANA-32350000
BRANA-32450002,-46.5914,-1.7353,0.18311627008455297,63000411,BRANA-32450002
BRANA-32540000,-46.8456,-3.3197,0.36302150510246295,63001046,BRANA-32620000
BRANA-32550000,-46.8028,-2.7717,0.02477721438698029,63001535,BRANA-32620000
BRANA-32620000,-46.3161,-1.8006,0.6226412153853218,63000232,BRANA-32620000
BRANA-32740000,-45.9556,-2.0536,0.99,63000335,BRANA-32740000
BRANA-32830000,-45.6672,-2.9442,0.38591520032907556,63001526,BRANA-32830000
BRANA-32850000,-45.785,-2.5031,0.99,63001451,BRANA-32850000
BRANA-33025000,-46.9347,-4.6969,0.2548737865704335,63003928,BRANA-33190000
BRANA-33070000,-46.4872,-4.2008,0.8389301851882389,63003862,BRANA-33190000
BRANA-33075000,-46.4944,-4.2989,0.7355259935038413,63003901,BRANA-33190000
BRANA-33080000,-45.8419,-3.665,0.7107947392010546,63001137,BRANA-33190000
BRANA-33170000,-45.7786,-4.0339,0.022236768652356163,63003782,BRANA-33190000
BRANA-33190000,-45.4661,-3.6597,0.18798431248372477,63001118,BRANA-33190000
BRANA-33205000,-45.98,-5.7658,0.15180240693615502,63007415,BRANA-33290000
BRANA-33212000,-45.4003,-5.9833,0.481098227614339,63008416,BRANA-33290000
BRANA-33214000,-45.3128,-5.8886,0.32145453206353136,63008040,BRANA-33290000
BRANA-33215000,-45.3183,-5.735,0.4150609665440472,63007400,BRANA-33290000
BRANA-33222000,-45.1736,-5.7794,0.06222392926104389,63008003,BRANA-33290000
BRANA-33250000,-45.2436,-5.5006,0.09738283311968489,63007374,BRANA-33290000
BRANA-33260000,-44.9614,-5.1019,0.03351131351076826,63007359,BRANA-33290000
BRANA-33273000,-44.6181,-4.9253,0.42688554093574926,63003725,BRANA-33290000
BRANA-33281000,-44.6106,-4.57,0.19124667152121072,63003704,BRANA-33290000
BRANA-33286000,-44.6758,-4.37,0.3277523606843003,63003695,BRANA-33290000
BRANA-33290000,-44.7653,-4.2194,0.6810047555266732,63003688,BRANA-33290000
BRANA-33321000,-46.1422,-5.8222,0.05364000105300379,63007139,BRANA-33380000
BRANA-33330000,-46.2403,-5.5944,0.5574434963886093,63007655,BRANA-33380000
BRANA-33333000,-45.7953,-5.1447,0.23272834285419525,63007093,BRANA-33380000
BRANA-33365000,-45.3281,-4.5372,0.7166348326182664,63003618,BRANA-33380000
BRANA-33365500,-45.3175,-4.4608,0.5956218723279344,63003612,BRANA-33380000
BRANA-33380000,-45.2181,-3.7722,0.5595938982179316,63003591,BRANA-33380000
BRANA-33410000,-44.715,-6.6992,0.05974121658816809,63011628,BRANA-33680000
BRANA-33420000,-44.3603,-6.3708,0.23284012422544564,63011599,BRANA-33680000
BRANA-33430000,-44.8689,-6.17,0.05488167670293127,63007339,BRANA-33680000
BRANA-33450000,-44.7083,-6.0669,0.9297847958335352,63007324,BRANA-33680000
BRANA-33460000,-44.34,-6.0072,0.11285212412184276,63007309,BRANA-33680000
BRANA-33480000,-44.2486,-6.0208,0.9582089839758522,63007307,BRANA-33680000
BRANA-33490000,-43.7939,-5.9217,0.14635966945907297,63007421,BRANA-33680000
BRANA-33520000,-43.5861,-5.7061,0.26128518238335474,63007397,BRANA-33680000
BRANA-33530000,-43.8844,-5.3372,0.14679121380188112,63007290,BRANA-33680000
BRANA-33550000,-43.3675,-4.865,0.6895602674051932,63003761,BRANA-33680000
BRANA-33590000,-43.875,-4.4583,0.7333370680018904,63003740,BRANA-33680000
BRANA-33620000,-43.9333,-4.4653,0.8782811942594193,63003696,BRANA-33680000
BRANA-33630000,-44.1297,-4.1258,0.6948257851910999,63003681,BRANA-33680000
BRANA-33631000,-44.4417,-4.0103,0.6930099939712245,63004338,BRANA-33680000
BRANA-33638000,-44.0222,-3.9333,0.5748627207502067,63004275,BRANA-33680000
BRANA-33661000,-44.2872,-3.7064,0.6712202376844443,63001508,BRANA-33680000
BRANA-33680000,-44.3792,-3.6278,0.6004594749188722,63001180,BRANA-33680000
BRANA-33700000,-42.9467,-2.9686,0.4420035808294538,63001607,BRANA-33700000
BRANA-33720000,-43.2239,-4.1669,0.6201650318182784,63004421,BRANA-33780000
BRANA-33730000,-43.7028,-3.5775,0.7311397043974366,63001222,BRANA-33780000
BRANA-33750000,-43.3169,-3.5678,0.9201079204246327,63001331,BRANA-33780000
BRANA-33760000,-43.5264,-3.3353,0.947927100029505,63001293,BRANA-33780000
BRANA-33770000,-43.8722,-3.5525,0.33067309011067186,63001227,BRANA-33780000
BRANA-33780000,-43.9008,-3.4606,0.05669721416973741,63001211,BRANA-33780000
BRANA-33790000,-43.4064,-3.2092,0.7691227996400362,63001747,BRANA-33780000
BRANA-34010000,-45.9019,-9.29,0.17262333135079655,63018771,BRANA-34879500
BRANA-34020000,-45.9261,-9.1131,0.8909979960647224,63018768,BRANA-34879500
BRANA-34030000,-46.0058,-9.0083,0.4800705797841268,63019330,BRANA-34879500
BRANA-34040500,-45.6683,-8.2708,0.41705242065062725,63014899,BRANA-34879500
BRANA-34060000,-45.2544,-7.5667,0.7336557780296533,63014877,BRANA-34879500
BRANA-34070000,-44.8267,-7.3808,0.40769124265641626,63011017,BRANA-34879500
BRANA-34080000,-44.8856,-8.6725,0.40590375815772034,63015341,BRANA-34879500
BRANA-34090000,-44.6142,-7.3908,0.9347749521960296,63011392,BRANA-34879500
BRANA-34130000,-46.0358,-7.5344,0.41518748989786836,63015001,BRANA-34879500
BRANA-34140000,-46.0219,-7.4742,0.5243307314916833,63011251,BRANA-34879500
BRANA-34142000,-45.8025,-7.5356,0.820890221173432,63015554,BRANA-34879500
BRANA-34145000,-45.5008,-7.0372,0.6928469742483788,63011712,BRANA-34879500
BRANA-34160000,-45.3489,-7.1489,0.15604812231568316,63011099,BRANA-34879500
BRANA-34170000,-44.8139,-7.0819,0.7298078509623592,63011082,BRANA-34879500
BRANA-34230000,-45.0292,-9.58,0.18715566572458447,63019608,BRANA-34879500
BRANA-34233000,-44.6014,-9.5397,0.19336477008473477,63018838,BRANA-34879500
BRANA-34243500,-44.4956,-9.9208,0.20532360932563776,63018869,BRANA-34879500
BRANA-34251000,-44.2058,-8.7925,0.7597259628183426,63018794,BRANA-34879500
BRANA-34270000,-43.6433,-7.2475,0.6132704598304659,63011058,BRANA-34879500
BRANA-34311000,-43.0278,-6.7614,0.3323683851860033,63010964,BRANA-34879500
BRANA-34340000,-42.9667,-6.8139,0.1897601936666052,63011356,BRANA-34879500
BRANA-34420000,-41.8653,-7.4681,0.8435998119678132,63011565,BRANA-34879500
BRANA-34450000,-41.295,-7.5464,0.03060021925735452,63015111,BRANA-34879500
BRANA-34465000,-41.4536,-7.0728,0.5986356605571564,63011631,BRANA-34879500
BRANA-34471000,-41.7703,-7.1894,0.4641277822694137,63011223,BRANA-34879500
BRANA-34479000,-42.0883,-6.9861,0.4291975787075802,63011205,BRANA-34879500
BRANA-34564000,-42.2453,-8.355,0.4919617452246668,63014966,BRANA-34879500
BRANA-34571000,-42.5439,-7.2342,0.15391833745465988,63011056,BRANA-34879500
BRANA-34600000,-42.6969,-6.6222,0.10164713853619312,63011034,BRANA-34879500
BRANA-34620000,-42.4436,-5.8581,0.25773866878169605,63007417,BRANA-34879500
BRANA-34660000,-43.0242,-5.5719,0.99,63007041,BRANA-34879500
BRANA-34690000,-42.8111,-5.135,0.0629282890157774,63007005,BRANA-34879500
BRANA-34730000,-40.9108,-4.4156,0.03520230642508198,63004391,BRANA-34879500
BRANA-34740000,-41.125,-4.6197,0.15165846317625575,63004221,BRANA-34879500
BRANA-34742000,-41.1567,-5.0586,0.2866857362541665,63007141,BRANA-34879500
BRANA-34750000,-41.7375,-5.2231,0.6229907890856452,63007060,BRANA-34879500
BRANA-34751000,-41.9594,-5.8003,0.9231528632400999,63007611,BRANA-34879500
BRANA-34760000,-42.1,-5.7139,0.724529839829024,63007238,BRANA-34879500
BRANA-34770000,-42.2136,-5.6664,0.4785945379071725,63007012,BRANA-34879500
BRANA-34789000,-42.6956,-5.1997,0.670042938975207,63006991,BRANA-34879500
BRANA-34820000,-42.9856,-4.2881,0.8183807769219051,63003565,BRANA-34879500
BRANA-34879500,-42.37,-3.4539,0.13757252997394476,63001088,BRANA-34879500
BRANA-34930000,-42.1814,-4.4097,0.5544273585003652,63003891,BRANA-34980000
BRANA-34933000,-42.4072,-4.3931,0.58221775979985,63004270,BRANA-34980000
BRANA-34936000,-42.3053,-4.2378,0.21205483059475705,63004157,BRANA-34980000
BRANA-34940000,-42.2297,-3.9028,0.3333333333335024,63003845,BRANA-34980000
BRANA-34948000,-41.9122,-4.0283,0.7120278813056535,63004180,BRANA-34980000
BRANA-34976000,-41.7169,-3.9372,0.04691268874797077,63003616,BRANA-34980000
BRANA-34979000,-41.2675,-4.0394,0.1789382047456135,63004377,BRANA-34980000
BRANA-34980000,-41.9742,-3.7239,0.621481785955428,63001153,BRANA-34980000
BRANA-34988000,-42.4197,-3.36,0.7970312278436116,63001341,BRANA-34988000
BRANA-35050000,-41.255,-3.0786,0.053119461424695404,63001650,BRANA-35050000
BRANA-35125000,-40.6853,-3.4647,0.8371670340573952,63001359,BRANA-35170000
BRANA-35156000,-40.8486,-3.3281,0.6147527997951003,63001347,BRANA-35170000
BRANA-35170000,-40.8217,-3.1217,0.656563728993788,63001309,BRANA-35170000
BRANA-35205000,-40.5725,-3.0028,0.321692882066364,63001659,BRANA-35205000
BRANA-35210000,-40.5492,-4.3775,0.37750059168212463,63004177,BRANA-35283000
BRANA-35223000,-40.5622,-4.345,0.14544437090549778,63004426,BRANA-35283000
BRANA-35235000,-40.43,-4.1442,0.19378600063548054,63004125,BRANA-35283000
BRANA-35240000,-40.3178,-4.195,0.48666444508180917,63004249,BRANA-35283000
BRANA-35251000,-40.3703,-3.9975,0.7275296723103858,63004463,BRANA-35283000
BRANA-35255000,-40.4053,-3.9039,0.33031264174694996,63004104,BRANA-35283000
BRANA-35257000,-40.0186,-4.3667,0.056247871095399006,63004335,BRANA-35283000
BRANA-35258000,-40.1264,-4.0969,0.8534529691418808,63004215,BRANA-35283000
BRANA-35260000,-40.3797,-3.9092,0.9482672988877654,63004133,BRANA-35283000
BRANA-35263000,-40.6025,-3.8919,0.7819756970163345,63004535,BRANA-35283000
BRANA-35275000,-40.3389,-3.6883,0.6712845101368037,63001276,BRANA-35283000
BRANA-35283000,-40.2128,-3.4553,0.22392308792370244,63001267,BRANA-35283000
BRANA-35301000,-39.8706,-3.0247,0.3447728276040773,63001578,BRANA-35301000
BRANA-35350000,-40.0358,-3.7481,0.26935327140223797,63001455,BRANA-35370000
BRANA-35370000,-39.8339,-3.3642,0.7051404388374048,63001358,BRANA-35370000
BRANA-35370600,-39.6528,-3.2844,0.9739071435388171,63001676,BRANA-35370600
BRANA-35390000,-39.51,-3.3042,0.7451981790486327,63001710,BRANA-35390000
BRANA-35551000,-39.2339,-4.1008,0.3334725261731715,63004304,BRANA-35570000
BRANA-35570000,-39.2425,-3.6739,0.8823334480319055,63001246,BRANA-35570000
BRANA-35640000,-38.9417,-3.9983,0.11438955170819294,63004818,BRANA-35668000
BRANA-35668000,-38.9825,-3.6706,0.8968189018205234,63001456,BRANA-35668000
BRANA-35669100,-38.6844,-3.7619,0.48176877189945944,63003822,BRANA-35669100
BRANA-35740000,-38.7797,-4.1933,0.2938578392815369,63004620,BRANA-35740000
BRANA-35830000,-38.9433,-4.6578,0.22654805358578112,63004312,BRANA-35875500
BRANA-35871000,-38.8075,-4.3783,0.12066403193887633,63004550,BRANA-35871000
BRANA-35875500,-38.6778,-4.4253,0.8851568971287106,63004149,BRANA-35875500
BRANA-35900000,-38.1233,-4.3464,0.36361644654784053,63004135,BRANA-35900000
BRANA-35950000,-38.3608,-4.5006,0.4043534505273835,63004226,BRANA-35900000
BRANA-36020000,-40.1617,-6.3244,0.11089226993635967,63011243,BRANA-36628000
BRANA-36045000,-39.9617,-6.6461,0.31259062963941275,63011670,BRANA-36628000
BRANA-36070000,-39.6386,-6.5206,0.5192780919484697,63011136,BRANA-36628000
BRANA-36125000,-39.5086,-6.5578,0.8583021370882713,63011669,BRANA-36628000
BRANA-36130000,-39.4997,-6.5344,0.36986870948937367,63011647,BRANA-36628000
BRANA-36160000,-39.2933,-6.3744,0.01,63011127,BRANA-36628000
BRANA-36210000,-39.1439,-7.2222,0.06787329772928298,63011843,BRANA-36628000
BRANA-36220000,-39.0089,-7.6861,0.8758542405325735,63015151,BRANA-36628000
BRANA-36250000,-38.9847,-7.3,0.9116682518333287,63011308,BRANA-36628000
BRANA-36260000,-38.9581,-7.0142,0.7424702107865493,63011280,BRANA-36628000
BRANA-36270000,-38.9667,-6.75,0.10174567988420957,63011272,BRANA-36628000
BRANA-36290000,-38.8672,-6.4067,0.17005521884372501,63011261,BRANA-36628000
BRANA-36320000,-38.6331,-5.8997,0.7331195856466465,63006938,BRANA-36628000
BRANA-36386000,-38.2739,-5.4919,0.43258015821953955,63007698,BRANA-36628000
BRANA-36390000,-38.1978,-5.2275,0.012243627804102406,63006921,BRANA-36628000
BRANA-36470000,-39.3811,-5.5958,0.14068975770779563,63007604,BRANA-36628000
BRANA-36515000,-39.2178,-5.3911,0.3864145494404956,63007583,BRANA-36628000
BRANA-36520000,-39.2922,-5.2014,0.2610178475005539,63006968,BRANA-36628000
BRANA-36580000,-38.4464,-5.1219,0.07445533987128304,63006953,BRANA-36628000
BRANA-36586000,-38.2811,-5.2142,0.5180603026583658,63007667,BRANA-36628000
BRANA-36615000,-37.9983,-5.0839,0.7796265504461721,63007976,BRANA-36628000
BRANA-36628000,-37.8878,-4.9344,0.4312361538490647,63003546,BRANA-36628000
BRANA-37030000,-38.2008,-6.1114,0.4437644240181365,63007264,BRANA-37090000
BRANA-37050000,-38.0167,-5.9167,0.5880914132091571,63007145,BRANA-37090000
BRANA-37080000,-37.6842,-5.5933,0.99,63007126,BRANA-37090000
BRANA-37084000,-37.515,-5.45,0.9618831552191948,63007114,BRANA-37090000
BRANA-37090000,-37.3622,-5.2194,0.02098498111974037,63007099,BRANA-37090000
BRANA-37150000,-37.3147,-5.8672,0.010678258154725869,63007879,BRANA-37190000
BRANA-37185000,-37.2553,-5.6436,0.7718991744315246,63007756,BRANA-37190000
BRANA-37190000,-37.2889,-5.2886,0.39691452327683124,63007612,BRANA-37190000
BRANA-37220000,-38.3808,-6.9192,0.765519183673518,63011924,BRANA-37761000
BRANA-37230100,-38.3047,-6.8381,0.11178602843309021,63011764,BRANA-37761000
BRANA-37260000,-38.4481,-6.7353,0.12160808101424515,63011853,BRANA-37761000
BRANA-37290000,-38.0869,-6.7853,0.2744461418983451,63011667,BRANA-37761000
BRANA-37297000,-37.9347,-6.8022,0.01965740581834122,63011635,BRANA-37761000
BRANA-37320000,-38.3189,-7.4364,0.17190206965092303,63011242,BRANA-37761000
BRANA-37340000,-37.9281,-7.2044,0.7150546836705489,63011220,BRANA-37761000
BRANA-37360000,-37.7108,-7.1106,0.3160128010231915,63012089,BRANA-37761000
BRANA-37369100,-37.9486,-7.0217,0.6901007544399015,63011207,BRANA-37761000
BRANA-37380000,-37.9242,-6.9658,0.7115055086709671,63011203,BRANA-37761000
BRANA-37410000,-37.7975,-6.7258,0.4758499902481715,63011187,BRANA-37761000
BRANA-37412000,-37.6058,-6.5803,0.5876296793579113,63011177,BRANA-37761000
BRANA-37413000,-37.3894,-6.44,0.6945127538003346,63011165,BRANA-37761000
BRANA-37430000,-37.27,-7.0228,0.22467882872352601,63011845,BRANA-37761000
BRANA-37440000,-37.4014,-6.6656,0.01107567831492706,63011681,BRANA-37761000
BRANA-37450000,-37.3811,-6.4411,0.9744308070978722,63011656,BRANA-37761000
BRANA-37470000,-37.3525,-6.3781,0.17720712072243996,63011161,BRANA-37761000
BRANA-37470010,-37.3178,-6.3217,0.42331129307235127,63011159,BRANA-37761000
BRANA-37515000,-36.785,-6.5936,0.927428803580228,63011813,BRANA-37761000
BRANA-37526000,-36.6333,-6.4333,0.8123273572878641,63011441,BRANA-37761000
BRANA-37559000,-37.0906,-6.4511,0.8897082644543786,63011294,BRANA-37761000
BRANA-37570000,-37.1803,-6.3703,0.1484314575049535,63011284,BRANA-37761000
BRANA-37580000,-37.1417,-6.1817,0.9740595871335598,63007210,BRANA-37761000
BRANA-37604000,-37.0156,-6.0342,0.33333333333334636,63007204,BRANA-37761000
BRANA-37610110,-36.8789,-5.6667,0.49930094270126807,63007196,BRANA-37761000
BRANA-37710150,-36.8911,-5.6164,0.17569922506332888,63007194,BRANA-37761000
BRANA-37711000,-36.9161,-5.6319,0.6628886219629556,63007862,BRANA-37761000
BRANA-37730000,-36.8444,-5.4133,0.8675764420999464,63007189,BRANA-37761000
BRANA-37750000,-36.7653,-5.2897,0.5697657045403435,63007187,BRANA-37761000
BRANA-37761000,-36.7233,-5.2572,0.15299080358572298,63007186,BRANA-37761000
BRANA-38129000,-35.3875,-5.4667,0.99,63007824,BRANA-38129000
BRANA-38170000,-35.4214,-5.63,0.30074561156833335,63007633,BRANA-38170000
BRANA-38380000,-35.5942,-5.8669,0.5089543050033845,63007651,BRANA-38380000
BRANA-38460000,-35.7694,-6.1994,0.9621762098154238,63007081,BRANA-38485000
BRANA-38485000,-35.3119,-6.0631,0.5239637683374451,63007051,BRANA-38485000
BRANA-38500000,-35.6847,-6.3372,0.05782074949470876,63011696,BRANA-38580000
BRANA-38580000,-35.3367,-6.3172,0.7316877780699275,63011456,BRANA-38580000
BRANA-38650000,-35.5289,-6.6053,0.8573197268282922,63011755,BRANA-38680000
BRANA-38680000,-35.2206,-6.445,0.7781101470773387,63011624,BRANA-38680000
BRANA-38750000,-35.4681,-7.0297,0.38408729385603463,63011910,BRANA-38790000
BRANA-38771000,-35.4017,-6.8583,0.6840394086884211,63011805,BRANA-38790000
BRANA-38790000,-35.1631,-6.8519,0.852923186693286,63011685,BRANA-38790000
BRANA-38800500,-36.7583,-7.8908,0.3422278553895249,63015732,BRANA-38895000
BRANA-38849000,-36.5342,-7.3928,0.2714549427593547,63011321,BRANA-38895000
BRANA-38850000,-36.4336,-7.3981,0.4747575969781719,63011313,BRANA-38895000
BRANA-38855160,-36.1383,-7.4886,0.13930742737450214,63011069,BRANA-38895000
BRANA-38860000,-35.9997,-7.5283,0.10896584196044405,63014869,BRANA-38895000
BRANA-38880000,-35.3728,-7.3344,0.04414752993294402,63010942,BRANA-38895000
BRANA-38887000,-35.2331,-7.15,0.2791912777416035,63011884,BRANA-38895000
BRANA-38888000,-35.1475,-7.1728,0.23106415979326528,63010938,BRANA-38895000
BRANA-38895000,-35.0475,-7.13,0.16495941461358615,63010937,BRANA-38895000
BRANA-39081250,-35.3269,-7.5128,0.583062068865332,63015132,BRANA-39084000
BRANA-39082000,-35.2883,-7.5219,0.38072753985723706,63015130,BRANA-39084000
BRANA-39082800,-35.3206,-7.6506,0.7355065816631591,63018380,BRANA-39084000
BRANA-39083000,-35.1175,-7.5578,0.8609756306756505,63015815,BRANA-39084000
BRANA-39084000,-35.0686,-7.5428,0.3796537952377585,63015104,BRANA-39084000
BRANA-39084010,-35.2331,-7.7542,0.779108385743646,63015886,BRANA-39084020
BRANA-39084020,-35.0647,-7.6131,0.2409303231004387,63015562,BRANA-39084020
BRANA-39084200,-34.8833,-7.6833,0.4534881178200446,63016221,BRANA-39084200
BRANA-39100000,-36.2022,-7.9619,0.8042444806698961,63015680,BRANA-39187800
BRANA-39130000,-36.0578,-8.0128,0.625613002976285,63015586,BRANA-39187800
BRANA-39140000,-35.6342,-7.9428,0.42484159011150974,63015485,BRANA-39187800
BRANA-39145000,-35.4519,-7.8789,0.28619201248372234,63015469,BRANA-39187800
BRANA-39150000,-35.1733,-7.8942,0.9373082329887125,63015460,BRANA-39187800
BRANA-39154000,-35.2067,-7.9719,0.3604353686795992,63015967,BRANA-39187800
BRANA-39187800,-35.0392,-7.9986,0.25995096031467146,63015449,BRANA-39187800
BRANA-39189550,-35.1,-8.1167,0.5985193686546731,63017616,BRANA-39189550
BRANA-39191000,-35.2647,-8.2425,0.27851956392693206,63017524,BRANA-39200000
BRANA-39192000,-35.2597,-8.2636,0.38261562050544934,63017524,BRANA-39200000
BRANA-39195000,-35.1567,-8.2822,0.05720232937186859,63016017,BRANA-39200000
BRANA-39200000,-35.0628,-8.2792,0.14127977812642714,63015845,BRANA-39200000
BRANA-39310000,-36.5603,-8.3656,0.9147932570855606,63015762,BRANA-39370100
BRANA-39340000,-36.0108,-8.3028,0.4896292932086665,63015482,BRANA-39370100
BRANA-39345000,-35.6042,-8.2128,0.33852074253805725,63015454,BRANA-39370100
BRANA-39360000,-35.3647,-8.2819,0.6661819266900061,63015451,BRANA-39370100
BRANA-39370100,-35.1422,-8.3697,0.42695431838838743,63015446,BRANA-39370100
BRANA-39431000,-35.4553,-8.3803,0.566418252708616,63016299,BRANA-39480000
BRANA-39433000,-35.4014,-8.4675,0.8344774966937132,63016061,BRANA-39480000
BRANA-39450000,-35.4978,-8.4972,0.3741911432397704,63015891,BRANA-39480000
BRANA-39480000,-35.3056,-8.6375,0.8314534920946568,63015620,BRANA-39480000
BRANA-39530000,-36.2331,-8.4839,0.2910447257244791,63015646,BRANA-39590000
BRANA-39535000,-36.0661,-8.5769,0.7173117440879899,63015675,BRANA-39590000
BRANA-39540000,-35.9153,-8.4975,0.26081609210439277,63015518,BRANA-39590000
BRANA-39540550,-35.8508,-8.5397,0.8549915219363233,63015508,BRANA-39590000
BRANA-39540750,-35.9339,-8.8161,0.7080042860071675,63019769,BRANA-39590000
BRANA-39541000,-35.8414,-8.6247,0.19058764450251398,63015839,BRANA-39590000
BRANA-39550000,-35.7233,-8.6786,0.9557888598715759,63015165,BRANA-39590000
BRANA-39560000,-35.5769,-8.6794,0.29039232545027854,63015152,BRANA-39590000
BRANA-39570000,-35.4897,-8.7478,0.6046118523742209,63018752,BRANA-39590000
BRANA-39571000,-35.7678,-8.8967,0.888781769727559,63022202,BRANA-39590000
BRANA-39575000,-36.2186,-8.8825,0.9752903889793348,63019049,BRANA-39770000
BRANA-39580000,-35.4469,-8.8411,0.25082993884239424,63019365,BRANA-39590000
BRANA-39590000,-35.205,-8.7992,0.8632627299776165,63018748,BRANA-39590000
BRANA-39620000,-35.4067,-9.0483,0.9503026702845224,63019944,BRANA-39620000
BRANA-39650000,-35.5397,-9.1592,0.6588133547767663,63019478,BRANA-39650000
BRANA-39689000,-36.3392,-9.1242,0.9293282135619396,63019649,BRANA-39770000
BRANA-39690000,-36.3231,-9.1322,0.14544532099003335,63019563,BRANA-39770000
BRANA-39700000,-36.2175,-9.1678,0.05931401463795661,63019449,BRANA-39770000
BRANA-39715000,-36.3264,-9.0019,0.8054248565215425,63020395,BRANA-39770000
BRANA-39720000,-36.0511,-9.0042,0.24798258951426758,63019018,BRANA-39770000
BRANA-39740000,-36.0358,-9.1544,0.3800082032701885,63018994,BRANA-39770000
BRANA-39745000,-36.0436,-9.1831,0.3372034177394146,63018993,BRANA-39770000
BRANA-39760000,-35.9497,-9.3136,0.39334124785783287,63018989,BRANA-39770000
BRANA-39770000,-35.8597,-9.4672,0.947587253824605,63018988,BRANA-39770000
BRANA-39800000,-36.5983,-9.0394,0.4310473268059315,63020047,BRANA-39870000
BRANA-39800500,-36.5039,-9.2678,0.08508529595445241,63019346,BRANA-39870000
BRANA-39852000,-36.4194,-9.3656,0.6025261361339104,63019310,BRANA-39870000
BRANA-39860000,-36.2492,-9.3792,0.08539872381708466,63019280,BRANA-39870000
BRANA-39870000,-36.0228,-9.5067,0.5769452051602499,63019261,BRANA-39870000
BRANA-39880000,-36.2153,-9.5011,0.06329969741142488,63020155,BRANA-39880000
BRANA-39950000,-36.2853,-9.6858,0.4981086260933469,63019815,BRANA-39950000
BRANA-39970000,-36.5039,-9.7436,0.8914213562372512,63019464,BRANA-39980000
BRANA-39980000,-36.3036,-10.0311,0.6495502900326736,63022895,BRANA-39980000
BRANA-40025000,-46.3661,-20.3272,0.28674354206683345,63042986,BRANA-49705000
BRANA-40032000,-46.3033,-20.1508,0.7433533750247567,63042627,BRANA-49705000
BRANA-40037000,-46.2322,-20.2156,0.7424817584488901,63042850,BRANA-49705000
BRANA-40040000,-46.0622,-20.0953,0.7911782742465652,63043193,BRANA-49705000
BRANA-40050000,-45.7158,-20.17,0.8044085672184971,63042606,BRANA-49705000
BRANA-40053000,-45.6597,-20.2372,0.795054669352664,63043103,BRANA-49705000
BRANA-40060001,-46.0181,-19.8881,0.5523485572555024,63041173,BRANA-49705000
BRANA-40070000,-45.4792,-19.7761,0.8517305525728686,63040537,BRANA-49705000
BRANA-40100000,-45.2753,-19.2814,0.11746060590593199,63040519,BRANA-49705000
BRANA-40150000,-44.7939,-20.1811,0.15950806648024593,63042757,BRANA-49705000
BRANA-40170000,-44.9183,-20.2161,0.6873005857451565,63042858,BRANA-49705000
BRANA-40185000,-44.8933,-20.1847,0.4413592108451604,63042826,BRANA-49705000
BRANA-40269900,-44.5819,-20.0667,0.2819943530118048,63042967,BRANA-49705000
BRANA-40300001,-44.8183,-19.7436,0.33329043023837174,63040890,BRANA-49705000
BRANA-40330000,-44.9308,-19.6939,0.24098525242705307,63040872,BRANA-49705000
BRANA-40400000,-45.1167,-19.7536,0.44035400287685295,63040886,BRANA-49705000
BRANA-40500000,-45.2214,-19.3317,0.35285312051384027,63041112,BRANA-49705000
BRANA-40549998,-43.9086,-20.6039,0.6325515496082074,63042988,BRANA-49705000
BRANA-40579995,-43.8356,-20.5194,0.8433390826211927,63043034,BRANA-49705000
BRANA-40680000,-44.0719,-20.6603,0.6200736277366016,63042987,BRANA-49705000
BRANA-40710000,-44.0217,-20.4083,0.5917208490422957,63042789,BRANA-49705000
BRANA-40730000,-44.0556,-20.1831,0.267405482435457,63043897,BRANA-49705000
BRANA-40740000,-44.1606,-20.1667,0.9081683694787718,63042715,BRANA-49705000
BRANA-40784000,-44.1964,-20.0544,0.99,63042704,BRANA-49705000
BRANA-40800001,-44.3053,-19.9489,0.899620809104629,63040696,BRANA-49705000
BRANA-40810800,-44.4381,-20.0869,0.21969391809112254,63043969,BRANA-49705000
BRANA-40811100,-44.4089,-20.0475,0.5401411762450105,63043969,BRANA-49705000
BRANA-40822995,-44.4389,-19.985,0.21466793479327537,63040820,BRANA-49705000
BRANA-40823500,-44.3661,-19.9614,0.7953735023813338,63040820,BRANA-49705000
BRANA-40850000,-44.5483,-19.4231,0.030737372559051207,63040679,BRANA-49705000
BRANA-40930000,-45.8864,-19.3956,0.0436471476543751,63041099,BRANA-49705000
BRANA-40975000,-45.6458,-18.4672,0.1809030033498914,63038325,BRANA-49705000
BRANA-41050000,-46.0397,-18.7064,0.4649424873736445,63038338,BRANA-49705000
BRANA-41075001,-45.7369,-18.4031,0.4946089872911392,63038293,BRANA-49705000
BRANA-41135000,-44.9431,-17.3692,0.031922524338697834,63035510,BRANA-49705000
BRANA-41151000,-43.6164,-20.3053,0.10875593294046754,63043148,BRANA-49705000
BRANA-41180000,-43.7981,-20.3011,0.01,63042957,BRANA-49705000
BRANA-41195050,-43.7919,-20.0919,0.1029880460675191,63042827,BRANA-49705000
BRANA-41199998,-43.8239,-20.0247,0.017715356590708015,63040955,BRANA-49705000
BRANA-41200430,-43.8067,-19.9631,0.047492415354869616,63040811,BRANA-49705000
BRANA-41250000,-43.9206,-19.6872,0.880467203774337,63041142,BRANA-49705000
BRANA-41260000,-43.8147,-19.705,0.344887651767401,63040794,BRANA-49705000
BRANA-41300000,-43.6875,-19.6536,0.1408376568187024,63041109,BRANA-49705000
BRANA-41340000,-43.9111,-19.5597,0.01,63040784,BRANA-49705000
BRANA-41380000,-43.9036,-19.4619,0.6109176196932515,63041133,BRANA-49705000
BRANA-41410000,-44.0247,-19.2311,0.8252678850850246,63040773,BRANA-49705000
BRANA-41440005,-44.1528,-19.3714,0.6108133134695842,63041335,BRANA-49705000
BRANA-41600000,-44.0383,-19.0111,0.6552517637965144,63040766,BRANA-49705000
BRANA-41600020,-44.1756,-19.0267,0.3465346023074186,63041186,BRANA-49705000
BRANA-41650002,-44.1939,-18.6728,0.7875913043324547,63038216,BRANA-49705000
BRANA-41685000,-44.2847,-18.6042,0.5340069911458645,63038705,BRANA-49705000
BRANA-41780002,-44.0506,-18.645,0.5144840421858345,63038231,BRANA-49705000
BRANA-41818000,-44.2258,-18.3061,0.5442320493088566,63038204,BRANA-49705000
BRANA-41890000,-44.1775,-17.9964,0.24688584949642645,63038600,BRANA-49705000
BRANA-41940000,-44.5556,-18.1908,0.2283443153808602,63038543,BRANA-49705000
BRANA-41990000,-44.7133,-17.5961,0.5133371898662676,63038183,BRANA-49705000
BRANA-42089998,-44.2169,-17.2803,0.2911183707148618,63035688,BRANA-49705000
BRANA-42145498,-44.4603,-17.2097,0.4386279591520784,63035681,BRANA-49705000
BRANA-42187000,-44.3761,-16.4669,0.059807528870525595,63036069,BRANA-49705000
BRANA-42210000,-45.0808,-16.6572,0.23561563868829066,63035484,BRANA-49705000
BRANA-42250000,-47.0108,-17.915,0.026284858445353287,63038797,BRANA-49705000
BRANA-42251000,-46.8592,-17.6133,0.02186189537176751,63038565,BRANA-49705000
BRANA-42257000,-46.6461,-17.5125,0.8309871517453105,63038224,BRANA-49705000
BRANA-42290000,-46.5711,-17.5025,0.28812511966436066,63035669,BRANA-49705000
BRANA-42365000,-46.355,-17.6619,0.9116403380881755,63038457,BRANA-49705000
BRANA-42395000,-46.4728,-17.255,0.9310800816570848,63035653,BRANA-49705000
BRANA-42430000,-47.1258,-15.6836,0.6094684235714604,63033961,BRANA-49705000
BRANA-42435000,-46.5867,-16.8744,0.15784416035716672,63036045,BRANA-49705000
BRANA-42440000,-46.8186,-17.0417,0.6306557805107889,63036351,BRANA-49705000
BRANA-42450100,-47.3325,-15.5836,0.831100482867786,63034924,BRANA-49705000
BRANA-42450300,-47.3567,-15.6406,0.047360410632238316,63033927,BRANA-49705000
BRANA-42450350,-47.3194,-15.7258,0.9488030459798873,63033549,BRANA-49705000
BRANA-42450400,-47.4111,-15.8286,0.8310672311303321,63034030,BRANA-49705000
BRANA-42450750,-47.4581,-15.9008,0.9507791606020183,63033883,BRANA-49705000
BRANA-42454000,-47.415,-16.0358,0.4334405340159318,63034380,BRANA-49705000
BRANA-42460000,-47.2325,-16.2089,0.3736191740170492,63033010,BRANA-49705000
BRANA-42490000,-46.88,-16.3494,0.2694635428847014,63035780,BRANA-49705000
BRANA-42545002,-46.8003,-16.2489,0.15879043024596648,63035976,BRANA-49705000
BRANA-42545500,-46.6686,-16.4925,0.9313876853447294,63035914,BRANA-49705000
BRANA-42546000,-46.7456,-16.1347,0.5433614297698687,63033502,BRANA-49705000
BRANA-42600000,-46.3572,-16.8397,0.99,63035731,BRANA-49705000
BRANA-42690001,-46.0136,-17.0303,0.3456980913162909,63035619,BRANA-49705000
BRANA-42840000,-45.7589,-18.1392,0.8650407949134509,63039720,BRANA-49705000
BRANA-42850000,-45.5325,-17.3506,0.8407781836670631,63035886,BRANA-49705000
BRANA-42860000,-45.4356,-17.1211,0.5378831514017137,63035851,BRANA-49705000
BRANA-42940000,-45.5117,-16.9961,0.4489215360092125,63035589,BRANA-49705000
BRANA-42980000,-45.3825,-16.9067,0.8545082642041542,63035580,BRANA-49705000
BRANA-43200000,-45.0664,-16.3719,0.9587075503210589,63035476,BRANA-49705000
BRANA-43250002,-46.4122,-15.6075,0.7933640772407605,63033237,BRANA-49705000
BRANA-43300000,-46.2844,-15.5242,0.5371040525724192,63033040,BRANA-49705000
BRANA-43360000,-46.2925,-15.0308,0.04713278935041364,63032993,BRANA-49705000
BRANA-43429998,-46.1192,-15.9178,0.517133895245575,63032942,BRANA-49705000
BRANA-43670000,-45.7417,-16.1331,0.6313799594311283,63032928,BRANA-49705000
BRANA-43675000,-45.7403,-16.4289,0.2606938426723693,63036039,BRANA-49705000
BRANA-43880000,-45.4142,-16.2811,0.16451293740083764,63035712,BRANA-49705000
BRANA-43980002,-45.2369,-16.2681,0.15117398790716868,63032907,BRANA-49705000
BRANA-44200000,-44.8678,-15.9494,0.5375061872139929,63032807,BRANA-49705000
BRANA-44250000,-44.7681,-15.4831,0.9238196530863846,63033259,BRANA-49705000
BRANA-44290002,-44.3967,-15.6011,0.0836174081588795,63032793,BRANA-49705000
BRANA-44350000,-43.8561,-16.1086,0.042571143205756314,63033424,BRANA-49705000
BRANA-44500000,-43.9322,-14.7572,0.8469280363584725,63030508,BRANA-49705000
BRANA-44535000,-44.24,-14.6967,0.6923033592650549,63031269,BRANA-49705000
BRANA-44630000,-43.7831,-16.3406,0.6695860188866971,63036042,BRANA-49705000
BRANA-44630500,-43.7711,-16.1758,0.07875374005671641,63032988,BRANA-49705000
BRANA-44634500,-43.7306,-16.065,0.9287831996645026,63032984,BRANA-49705000
BRANA-44637900,-43.6419,-15.9408,0.5487741699797021,63032971,BRANA-49705000
BRANA-44640000,-43.5864,-15.7372,0.09900165178949541,63032958,BRANA-49705000
BRANA-44670000,-43.6756,-15.3431,0.10352523978837012,63032941,BRANA-49705000
BRANA-44770000,-42.9192,-15.7931,0.25593903412958446,63033936,BRANA-49705000
BRANA-44850100,-42.7522,-14.8564,0.8260357798098094,63030854,BRANA-49705000
BRANA-44890000,-43.1697,-15.9828,0.01347457778850057,63033644,BRANA-49705000
BRANA-44900000,-43.2508,-16.0661,0.8348054789917185,63033074,BRANA-49705000
BRANA-44909000,-43.3094,-15.7492,0.4006871671003351,63033043,BRANA-49705000
BRANA-44940000,-43.5014,-14.9228,0.17014975565848112,63030528,BRANA-49705000
BRANA-45131000,-44.4594,-14.3136,0.8231051617737293,63030544,BRANA-49705000
BRANA-45170001,-44.5225,-14.2642,0.9310402492379306,63030791,BRANA-49705000
BRANA-45210000,-44.4097,-14.2808,0.021722713419088407,63030542,BRANA-49705000
BRANA-45220000,-44.4831,-14.4236,0.5659699607004204,63030685,BRANA-49705000
BRANA-45260000,-44.1522,-14.26,0.2543226374911665,63030537,BRANA-49705000
BRANA-45298000,-43.7631,-14.3042,0.3531675349935609,63030500,BRANA-49705000
BRANA-45480000,-43.435,-13.2572,0.2088780988381886,63028176,BRANA-49705000
BRANA-45580000,-45.4003,-13.5228,0.981443074083654,63028464,BRANA-49705000
BRANA-45590000,-44.6386,-13.3406,0.3455627224316545,63028441,BRANA-49705000
BRANA-45700000,-44.8053,-12.9967,0.9619884123068884,63028641,BRANA-49705000
BRANA-45710000,-44.7483,-13.0792,0.8953038114794355,63028620,BRANA-49705000
BRANA-45726000,-44.6828,-13.1719,0.9391114397238637,63028645,BRANA-49705000
BRANA-45740001,-44.5617,-13.2853,0.01,63028584,BRANA-49705000
BRANA-45760000,-45.4639,-13.7372,0.7654311171276988,63028243,BRANA-49705000
BRANA-45770000,-44.5689,-13.4528,0.5447105943877112,63028215,BRANA-49705000
BRANA-45840000,-44.6383,-13.7122,0.874795283721965,63028513,BRANA-49705000
BRANA-45880000,-44.3031,-13.5586,0.8915147958756287,63028459,BRANA-49705000
BRANA-45910001,-44.1989,-13.4006,0.9579796211286153,63028208,BRANA-49705000
BRANA-45960001,-43.9089,-13.2914,0.364972293096519,63028198,BRANA-49705000
BRANA-46035000,-43.3797,-12.8686,0.10158335098827154,63028169,BRANA-49705000
BRANA-46105000,-43.2264,-12.6967,0.23059184097531185,63028167,BRANA-49705000
BRANA-46110000,-42.9975,-12.6672,0.5097620009734636,63028287,BRANA-49705000
BRANA-46150000,-43.2231,-12.1825,0.9092626112880176,63025569,BRANA-49705000
BRANA-46200000,-42.1403,-13.4156,0.99,63029114,BRANA-49705000
BRANA-46295000,-42.7639,-12.2453,0.6370441209939267,63025680,BRANA-49705000
BRANA-46360000,-43.2825,-11.5583,0.3354551348955888,63025557,BRANA-49705000
BRANA-46400000,-45.6308,-13.0014,0.922236006849966,63028722,BRANA-49705000
BRANA-46415000,-45.0856,-12.4306,0.9551375731256452,63025824,BRANA-49705000
BRANA-46420000,-45.9661,-12.8053,0.26419542044976263,63029001,BRANA-49705000
BRANA-46455000,-45.1222,-12.4106,0.437178888562285,63025655,BRANA-49705000
BRANA-46490000,-44.9531,-12.4044,0.4492019050879643,63025716,BRANA-49705000
BRANA-46520000,-45.4897,-12.1944,0.3413813823889493,63025981,BRANA-49705000
BRANA-46530000,-45.5494,-12.2872,0.11977008076415512,63025752,BRANA-49705000
BRANA-46543000,-45.1033,-12.1358,0.04135005244376909,63025731,BRANA-49705000
BRANA-46550000,-45.0094,-12.1525,0.01,63025641,BRANA-49705000
BRANA-46555000,-44.9325,-12.23,0.8405632057218296,63025950,BRANA-49705000
BRANA-46570000,-45.6081,-11.8953,0.10791726622553334,63025990,BRANA-49705000
BRANA-46590000,-45.12,-11.8561,0.40696033640651863,63025921,BRANA-49705000
BRANA-46610000,-44.8772,-11.9794,0.7260240751868502,63025636,BRANA-49705000
BRANA-46650000,-44.5022,-11.7208,0.7549854535429222,63025630,BRANA-49705000
BRANA-46750000,-46.0767,-10.7917,0.3498911880232945,63023416,BRANA-49705000
BRANA-46770000,-45.5278,-10.9936,0.08384614760120714,63022941,BRANA-49705000
BRANA-46780000,-45.9086,-11.0914,0.9847225253390034,63022737,BRANA-49705000
BRANA-46784000,-45.6019,-11.7714,0.9095672566268306,63026089,BRANA-49705000
BRANA-46790000,-45.1969,-11.0514,0.972548339959335,63022488,BRANA-49705000
BRANA-46830000,-44.5242,-11.0058,0.3087650999263786,63022467,BRANA-49705000
BRANA-46870000,-43.9494,-11.2356,0.9752290310234945,63022449,BRANA-49705000
BRANA-46902000,-43.8261,-11.345,0.21789005921304566,63025576,BRANA-49705000
BRANA-46998000,-43.1403,-11.0928,0.01682688186872255,63022426,BRANA-49705000
BRANA-47249000,-42.3439,-10.9844,0.9047761195761681,63022540,BRANA-49705000
BRANA-47441000,-41.3817,-11.3575,0.08284582678279731,63025883,BRANA-49705000
BRANA-47900000,-40.6953,-10.0103,0.9648528137421625,63022612,BRANA-49705000
BRANA-48020000,-40.5036,-9.4064,0.22717079204793195,63018692,BRANA-49705000
BRANA-48280000,-39.0914,-8.9728,0.26185050140929195,63019287,BRANA-49705000
BRANA-48290000,-39.8239,-8.8097,0.6520164012688102,63018667,BRANA-49705000
BRANA-48395500,-39.4619,-8.5731,0.749513984482504,63014844,BRANA-49705000
BRANA-48400000,-39.5881,-8.0922,0.8956536866479539,63015236,BRANA-49705000
BRANA-48420000,-39.9042,-7.9528,0.21850538473527967,63015094,BRANA-49705000
BRANA-48430000,-39.7311,-8.1786,0.7303867501422747,63015088,BRANA-49705000
BRANA-48460000,-39.8508,-8.2681,0.16726454288649373,63015052,BRANA-49705000
BRANA-48590000,-39.2444,-8.6261,0.6014455707675976,63014839,BRANA-49705000
BRANA-48820000,-37.6422,-7.7431,0.04588344244678341,63015263,BRANA-49705000
BRANA-48830000,-37.9728,-7.8683,0.8835846510263874,63015217,BRANA-49705000
BRANA-48840000,-38.2447,-8.0006,0.6149711304127631,63015197,BRANA-49705000
BRANA-48841000,-38.6033,-8.0061,0.9166731805563106,63015702,BRANA-49705000
BRANA-48850000,-38.5303,-8.2392,0.5480572503395268,63015185,BRANA-49705000
BRANA-48860000,-38.5767,-8.6089,0.6394922868897462,63015176,BRANA-49705000
BRANA-48880000,-38.1664,-8.5275,0.6370365899191288,63015659,BRANA-49705000
BRANA-49100000,-37.5706,-8.2806,0.3360254467447626,63015688,BRANA-49705000
BRANA-49130000,-37.7236,-8.3272,0.5856227912222829,63015982,BRANA-49705000
BRANA-49160000,-37.8269,-8.9178,0.2302709070497199,63018894,BRANA-49705000
BRANA-49330000,-37.7561,-9.6261,0.43242905655702996,63018611,BRANA-49705000
BRANA-49370000,-37.4464,-9.7514,0.15492697982853865,63018600,BRANA-49705000
BRANA-49380000,-36.8603,-8.4981,0.6277057300384625,63015950,BRANA-49705000
BRANA-49480000,-37.1617,-9.0933,0.5022469121993778,63018934,BRANA-49705000
BRANA-49490000,-37.2467,-9.3731,0.017188438888617086,63018921,BRANA-49705000
BRANA-49510000,-37.0847,-9.3878,0.04329345349479981,63019351,BRANA-49705000
BRANA-49525000,-37.1225,-9.6622,0.3386284342133798,63018914,BRANA-49705000
BRANA-49600000,-37.0081,-9.7664,0.7703129002307628,63019371,BRANA-49705000
BRANA-49660000,-37.0028,-9.9714,0.1572778259194257,63018588,BRANA-49705000
BRANA-49705000,-36.8239,-10.2139,0.16753802038069338,63022394,BRANA-49705000
BRANA-50040000,-36.9608,-10.5894,0.5291815947617747,63023104,BRANA-50040000
BRANA-50043000,-36.9139,-10.5806,0.6962340214931826,63023642,BRANA-50043000
BRANA-50046100,-37.0989,-10.61,0.635919741669135,63023692,BRANA-50047000
BRANA-50047000,-37.0364,-10.6969,0.8603624654111874,63023421,BRANA-50047000
BRANA-50080000,-37.1903,-10.6642,0.29082138695668314,63022951,BRANA-50080000
BRANA-50146000,-38.5989,-10.0058,0.5064170234785746,63022677,BRANA-50191000
BRANA-50150000,-38.3261,-10.0919,0.12245936918953518,63022654,BRANA-50191000
BRANA-50169500,-37.6969,-10.6392,0.9665080099471138,63022532,BRANA-50191000
BRANA-50191000,-37.3469,-10.9431,0.7839667390259638,63022508,BRANA-50191000
BRANA-50230000,-37.4425,-11.2644,0.7895791390095905,63025827,BRANA-50230000
BRANA-50250000,-37.975,-11.1931,0.03524649506547769,63025825,BRANA-50290000
BRANA-50290000,-37.5681,-11.5397,0.8854060086178738,63025740,BRANA-50290000
BRANA-50380000,-40.1128,-10.845,0.01099406942453525,63023020,BRANA-50595000
BRANA-50420000,-40.4703,-11.2114,0.5636629712969277,63022809,BRANA-50595000
BRANA-50430000,-40.0467,-11.1822,0.6731751483149966,63022722,BRANA-50595000
BRANA-50465000,-39.6328,-10.9733,0.34060801254917095,63022711,BRANA-50595000
BRANA-50494000,-39.2242,-10.9989,0.8182241013129116,63022692,BRANA-50595000
BRANA-50520000,-38.8372,-11.0603,0.6394394252689953,63022580,BRANA-50595000
BRANA-50540000,-38.5125,-11.0975,0.8772100444058142,63022569,BRANA-50595000
BRANA-50595000,-37.8033,-11.7347,0.8220580547158378,63025584,BRANA-50595000
BRANA-50620000,-38.3467,-11.7822,0.2668363679608321,63025977,BRANA-50660000
BRANA-50660000,-37.755,-12.0536,0.8443729082414108,63025887,BRANA-50660000
BRANA-50700000,-37.9414,-12.1292,0.39173892159157464,63026009,BRANA-50700000
BRANA-50720000,-38.7914,-12.3322,0.6355947024545803,63026082,BRANA-50795000
BRANA-50730000,-38.7642,-12.2361,0.5667254128188401,63026239,BRANA-50795000
BRANA-50740000,-38.6422,-12.3072,0.392334647119421,63026246,BRANA-50795000
BRANA-50755000,-38.3217,-12.4208,0.8092666788495924,63025935,BRANA-50795000
BRANA-50785000,-38.1331,-12.3761,0.12090369930115442,63025907,BRANA-50795000
BRANA-50795000,-38.0667,-12.5119,0.32217186313225665,63028274,BRANA-50795000
BRANA-50820000,-38.4958,-12.5089,0.6734134437187815,63025723,BRANA-50820000
BRANA-51060100,-38.7339,-12.5294,0.3525303008966547,63028512,BRANA-51060100
BRANA-51120000,-41.3222,-12.8406,0.7962910054258476,63028679,BRANA-51350000
BRANA-51135000,-41.6394,-12.4428,0.09193946286178849,63025707,BRANA-51350000
BRANA-51140000,-41.3289,-12.4911,0.3628261257793049,63028389,BRANA-51350000
BRANA-51158100,-41.1619,-12.2589,0.09519570474838654,63026153,BRANA-51350000
BRANA-51166000,-41.1697,-12.3742,0.9113905687221319,63026170,BRANA-51350000
BRANA-51170000,-41.2058,-12.5008,0.99,63028553,BRANA-51350000
BRANA-51190000,-41.3289,-12.7572,0.28532816631576574,63028374,BRANA-51350000
BRANA-51230000,-41.0644,-12.9361,0.8109714537266324,63028680,BRANA-51350000
BRANA-51240000,-40.9581,-12.9861,0.5643349222780178,63028355,BRANA-51350000
BRANA-51280000,-40.2136,-12.7622,0.6738336779587205,63028328,BRANA-51350000
BRANA-51330000,-39.8481,-12.5156,0.15778333289218857,63028257,BRANA-51350000
BRANA-51345000,-39.6978,-12.4872,0.3629337123620048,63028393,BRANA-51350000
BRANA-51350000,-39.5222,-12.5856,0.28659719086461083,63028252,BRANA-51350000
BRANA-51430000,-39.7883,-11.47,0.5371294193046332,63025882,BRANA-51460000
BRANA-51440000,-39.3864,-11.8072,0.8373603960177393,63025863,BRANA-51460000
BRANA-51460000,-39.0461,-12.2331,0.23709875218579374,63025851,BRANA-51460000
BRANA-51560000,-39.0322,-13.0308,0.7971903611579102,63028741,BRANA-51560000
BRANA-51650000,-39.5025,-13.2269,0.18189639082663886,63028609,BRANA-51685000
BRANA-51685000,-39.3183,-13.1736,0.6988309570700421,63028596,BRANA-51685000
BRANA-51750000,-39.3222,-13.2833,0.43194805653758145,63028849,BRANA-51795000
BRANA-51795000,-39.0803,-13.365,0.041887138312823174,63028699,BRANA-51795000
BRANA-51820000,-39.4781,-13.6853,0.47319052904379866,63028404,BRANA-51890000
BRANA-51840000,-39.7294,-13.4872,0.22841700121506583,63028935,BRANA-51890000
BRANA-51870000,-39.4908,-13.6064,0.6059823545322625,63028773,BRANA-51890000
BRANA-51890000,-39.1203,-13.5967,0.7130573227799047,63028396,BRANA-51890000
BRANA-51940000,-39.1758,-13.7853,0.445648410727701,63028524,BRANA-51940000
BRANA-52020000,-41.6058,-13.2192,0.9223740943051965,63028820,BRANA-52831000
BRANA-52050000,-41.6061,-13.6528,0.9245244781736986,63028647,BRANA-52831000
BRANA-52264000,-41.4292,-14.1094,0.8928827857538142,63030687,BRANA-52831000
BRANA-52270000,-41.2917,-14.0961,0.0550910365932203,63030682,BRANA-52831000
BRANA-52370000,-41.1372,-14.6097,0.4227124103910723,63030653,BRANA-52831000
BRANA-52391000,-41.0153,-14.1828,0.18382192192255756,63030645,BRANA-52831000
BRANA-52404000,-40.9825,-14.0314,0.7254389182521868,63030644,BRANA-52831000
BRANA-52404100,-40.9822,-13.8303,0.484323191248083,63030629,BRANA-52831000
BRANA-52405000,-40.8964,-13.8778,0.13241026167900005,63030627,BRANA-52831000
BRANA-52406000,-40.7117,-13.7622,0.8898375566034058,63030941,BRANA-52831000
BRANA-52570000,-40.0808,-13.8647,0.9548972007702788,63030606,BRANA-52831000
BRANA-52680000,-39.7036,-14.1503,0.22582771276247934,63030594,BRANA-52831000
BRANA-52695000,-39.5461,-14.2086,0.7803791071601216,63030591,BRANA-52831000
BRANA-52740000,-40.0717,-14.7197,0.5629372919080902,63031215,BRANA-52831000
BRANA-52760000,-39.9036,-14.4367,0.8384202381133036,63031013,BRANA-52831000
BRANA-52790000,-39.4636,-14.3253,0.19652372813824123,63030969,BRANA-52831000
BRANA-52831000,-39.3169,-14.3169,0.7618066255859184,63030583,BRANA-52831000
BRANA-53090800,-39.2664,-14.6578,0.06803568715704027,63031134,BRANA-53090800
BRANA-53160000,-39.4806,-14.8781,0.4681121778379164,63031088,BRANA-53180000
BRANA-53180000,-39.2961,-14.815,0.10194560283053183,63030714,BRANA-53180000
BRANA-53460500,-42.4533,-15.6686,0.8020819591685031,63033271,BRANA-53950000
BRANA-53470000,-42.3667,-15.7,0.024206103419108463,63033235,BRANA-53950000
BRANA-53540001,-41.4503,-15.4936,0.9529911147684851,63033203,BRANA-53950000
BRANA-53620000,-41.2367,-15.5133,0.3505238049502125,63033199,BRANA-53950000
BRANA-53630000,-40.9328,-15.3397,0.9114060791524035,63033189,BRANA-53950000
BRANA-53650000,-40.6311,-15.2483,0.7247799367827524,63033058,BRANA-53950000
BRANA-53732000,-40.3642,-14.9794,0.7787054266015959,63030783,BRANA-53950000
BRANA-53780000,-40.2333,-15.2414,0.42295892546330793,63032896,BRANA-53950000
BRANA-53790000,-40.0661,-15.3911,0.5714860897768028,63032892,BRANA-53950000
BRANA-53880000,-39.5167,-15.6039,0.2513108190338611,63032880,BRANA-53950000
BRANA-53950000,-39.3044,-15.5686,0.020290102603530414,63032874,BRANA-53950000
BRANA-54001000,-43.5253,-18.4175,0.10100797459346549,63038909,BRANA-54950000
BRANA-54010005,-43.2078,-17.3128,0.6307578332458117,63035656,BRANA-54950000
BRANA-54110002,-42.9183,-16.5914,0.07579981496217517,63036032,BRANA-54950000
BRANA-54150000,-42.4856,-16.6789,0.6943998607544816,63035614,BRANA-54950000
BRANA-54165000,-42.585,-16.1933,0.33932000284510305,63033041,BRANA-54950000
BRANA-54193000,-42.2653,-16.4081,0.8681878711271633,63035781,BRANA-54950000
BRANA-54195000,-42.3097,-16.6175,0.02146949197220949,63035601,BRANA-54950000
BRANA-54220000,-43.3758,-18.0078,0.9272458008114878,63039227,BRANA-54950000
BRANA-54225000,-43.2467,-17.9531,0.8286391515055076,63038822,BRANA-54950000
BRANA-54230000,-42.9953,-17.5792,0.28386831702305354,63038527,BRANA-54950000
BRANA-54234000,-42.8394,-18.0897,0.99,63039202,BRANA-56998200
BRANA-54235000,-42.6789,-17.6397,0.7075026551856859,63038595,BRANA-54950000
BRANA-54260000,-42.8078,-17.2825,0.7832340399923808,63035808,BRANA-54950000
BRANA-54390000,-42.3483,-16.86,0.023602120730647377,63035746,BRANA-54950000
BRANA-54430000,-42.1353,-17.5728,0.9815374155999762,63039021,BRANA-54950000
BRANA-54485000,-42.1156,-16.9711,0.5101760308072216,63036116,BRANA-54950000
BRANA-54500000,-42.0631,-16.8503,0.010282265250082046,63035733,BRANA-54950000
BRANA-54540000,-41.9167,-16.7833,0.4314440468956293,63036152,BRANA-54950000
BRANA-54547000,-41.8147,-16.64,0.9570677364127358,63037542,BRANA-54950000
BRANA-54560000,-41.7631,-16.5253,0.23853375581902742,63035864,BRANA-54950000
BRANA-54580000,-41.5031,-16.5692,0.8768246024476752,63035555,BRANA-54950000
BRANA-54590000,-41.4986,-16.6894,0.3356744377237529,63036167,BRANA-54950000
BRANA-54710000,-41.0136,-16.4275,0.5871530176137705,63035536,BRANA-54950000
BRANA-54730005,-41.0281,-16.6222,0.4072810012654054,63036153,BRANA-54950000
BRANA-54770000,-40.7392,-16.12,0.5041657482947943,63033228,BRANA-54950000
BRANA-54780000,-40.3061,-16.1358,0.4678017854755762,63032853,BRANA-54950000
BRANA-54950000,-39.4253,-16.0147,0.7302715222396833,63032830,BRANA-54950000
BRANA-55170000,-39.3536,-16.4242,0.08092616407753397,63036014,BRANA-55170000
BRANA-55241000,-39.5378,-16.6156,0.20509614679675692,63036187,BRANA-55241000
BRANA-55330000,-40.1564,-16.8386,0.018258319670926212,63036109,BRANA-55340000
BRANA-55340000,-39.5436,-17.0453,0.7252168286314721,63036009,BRANA-55340000
BRANA-55360000,-39.9822,-17.1875,0.09147174616846701,63036131,BRANA-55380000
BRANA-55370000,-39.7742,-17.2528,0.748658123080847,63036063,BRANA-55380000
BRANA-55380000,-39.6211,-17.2494,0.21462156519612413,63036036,BRANA-55380000
BRANA-55460000,-40.2214,-17.3753,0.8577485761097752,63036033,BRANA-55490000
BRANA-55490000,-39.645,-17.5128,0.17293638666754876,63038219,BRANA-55490000
BRANA-55510000,-39.6639,-17.7992,0.26350395126273046,63038295,BRANA-55510000
BRANA-55520001,-41.4914,-17.5961,0.23283629685436757,63038342,BRANA-55699998
BRANA-55560000,-41.2486,-17.4864,0.16453837855449555,63038176,BRANA-55699998
BRANA-55610000,-41.1222,-17.7386,0.04163437253703661,63038508,BRANA-55699998
BRANA-55630000,-40.7617,-17.7042,0.9810309546750798,63038149,BRANA-55699998
BRANA-55660000,-40.6764,-17.3203,0.1413024889656464,63036070,BRANA-55699998
BRANA-55699998,-40.3822,-17.8419,0.8102358198646468,63038129,BRANA-55699998
BRANA-55746000,-40.0336,-18.2647,0.31178562364028484,63038528,BRANA-55746000
BRANA-55747000,-39.9364,-18.4122,0.6036637012312084,63038612,BRANA-55747000
BRANA-55779000,-41.2386,-18.1953,0.5415444596453095,63038598,BRANA-55960000
BRANA-55790000,-41.1122,-18.0453,0.42162767620056424,63038787,BRANA-55960000
BRANA-55800005,-40.8831,-18.1231,0.7970217653807647,63038481,BRANA-55960000
BRANA-55810000,-40.1117,-18.6275,0.7121541680615258,63038419,BRANA-55960000
BRANA-55850000,-40.3367,-18.5647,0.9368000807305212,63038429,BRANA-55960000
BRANA-55884990,-41.0992,-18.6656,0.0441091956004655,63038332,BRANA-55960000
BRANA-55885100,-40.1217,-18.6508,0.8677648800407092,63038264,BRANA-55960000
BRANA-55900000,-40.915,-18.7556,0.6043524657464441,63041370,BRANA-55960000
BRANA-55920000,-40.4419,-18.7006,0.024061190187159184,63038275,BRANA-55960000
BRANA-55960000,-40.0889,-18.6511,0.11809206806268492,63038260,BRANA-55960000
BRANA-55990200,-40.3381,-18.8494,0.8174088761772559,63041259,BRANA-55990200
BRANA-56028000,-43.2994,-20.6906,0.7908736981109534,63042795,BRANA-56998200
BRANA-56055000,-43.2419,-20.8475,0.6642547491974548,63042846,BRANA-56998200
BRANA-56065000,-43.0972,-20.9117,0.2734468357534084,63043066,BRANA-56998200
BRANA-56075000,-43.0881,-20.6703,0.03271358064234463,63042716,BRANA-56998200
BRANA-56085000,-42.9228,-20.7233,0.28373187807891065,63043011,BRANA-56998200
BRANA-56090000,-42.9997,-20.7144,0.40025179852863313,63043001,BRANA-56998200
BRANA-56110005,-42.9028,-20.3839,0.2736504458326074,63042690,BRANA-56998200
BRANA-56240000,-43.1919,-20.3769,0.99,63042808,BRANA-56998200
BRANA-56335001,-43.1439,-20.3625,0.9568784543214827,63042776,BRANA-56998200
BRANA-56337000,-43.1006,-20.2669,0.3572128409519568,63042832,BRANA-56998200
BRANA-56385000,-42.6731,-20.6997,0.24992343902009825,63042956,BRANA-56998200
BRANA-56415000,-42.65,-20.2261,0.6485576636687197,63042717,BRANA-56998200
BRANA-56425000,-42.6744,-19.9944,0.8566342815978718,63040632,BRANA-56998200
BRANA-56460000,-42.3256,-20.2772,0.6526646402644019,63042970,BRANA-56998200
BRANA-56484998,-42.44,-20.1036,0.9751532455405746,63042817,BRANA-56998200
BRANA-56500000,-42.4783,-20.2989,0.632791728789317,63043093,BRANA-56998200
BRANA-56510000,-42.4592,-20.0975,0.0754333638987412,63042796,BRANA-56998200
BRANA-56539000,-42.4764,-19.7769,0.9442566203805718,63040621,BRANA-56998200
BRANA-56570000,-42.4456,-19.7086,0.7400527934862289,63040877,BRANA-56998200
BRANA-56610000,-43.1731,-19.9317,0.39314126546754696,63040748,BRANA-56998200
BRANA-56631900,-43.4903,-19.9986,0.8162902890631321,63040961,BRANA-56998200
BRANA-56640000,-43.4567,-19.9711,0.6820403161267821,63040938,BRANA-56998200
BRANA-56659998,-43.0328,-19.7656,0.7769302182290614,63040733,BRANA-56998200
BRANA-56696000,-42.6408,-19.5247,0.6936344122859086,63040703,BRANA-56998200
BRANA-56719998,-42.3761,-19.3297,0.3116604830846158,63040605,BRANA-56998200
BRANA-56750000,-43.4461,-19.0144,0.8753789413008342,63041338,BRANA-56998200
BRANA-56765000,-43.2431,-18.9606,0.6084203382652149,63040882,BRANA-56998200
BRANA-56775000,-43.02,-19.2322,0.4506078086391005,63040851,BRANA-56998200
BRANA-56787000,-43.0703,-19.3319,0.25779947023061056,63041048,BRANA-56998200
BRANA-56800000,-43.0825,-18.8947,0.7372926052393506,63040903,BRANA-56998200
BRANA-56825000,-42.4228,-19.1881,0.32267378923218637,63040828,BRANA-56998200
BRANA-56845000,-42.7125,-18.8947,0.3746720411443217,63040732,BRANA-56998200
BRANA-56846000,-42.3592,-18.9517,0.28962654516031594,63040712,BRANA-56998200
BRANA-56846890,-42.1028,-18.9317,0.555358915244663,63040800,BRANA-56998200
BRANA-56850000,-41.9508,-18.8831,0.4132196954954925,63040589,BRANA-56998200
BRANA-56851000,-41.7311,-18.2392,0.11732567742458251,63038697,BRANA-56998200
BRANA-56860000,-42.6022,-18.3631,0.6607403057779982,63038503,BRANA-56998200
BRANA-56870000,-42.4547,-18.2017,0.7071067811865114,63038803,BRANA-56998200
BRANA-56891900,-41.9178,-18.5747,0.8157874333547772,63038422,BRANA-56998200
BRANA-56920000,-41.6417,-18.9711,0.8980700602721161,63040582,BRANA-56998200
BRANA-56924100,-42.1358,-19.9019,0.055695292143013726,63041552,BRANA-56998200
BRANA-56924500,-42.1378,-19.8811,0.16620235616347126,63041552,BRANA-56998200
BRANA-56928000,-42.1222,-19.5497,0.01,63041105,BRANA-56998200
BRANA-56935000,-42.1028,-19.3728,0.8125401700308379,63041088,BRANA-56998200
BRANA-56940002,-41.5333,-19.0619,0.7564300768805914,63041004,BRANA-56998200
BRANA-56960005,-41.9611,-20.1706,0.3082015976699012,63042866,BRANA-56998200
BRANA-56976000,-41.7853,-19.7431,0.36218321593990566,63040653,BRANA-56998200
BRANA-56978000,-41.8358,-19.6786,0.20771503887592804,63040652,BRANA-56998200
BRANA-56983000,-41.7283,-20.1072,0.8030843347155227,63042999,BRANA-56998200
BRANA-56988500,-41.7061,-19.7989,0.126653725711599,63040735,BRANA-56998200
BRANA-56989001,-41.4375,-19.8106,0.12452912146867859,63040881,BRANA-56998200
BRANA-56989400,-41.4581,-19.5947,0.9893281472732914,63040719,BRANA-56998200
BRANA-56989900,-41.2033,-19.4903,0.02542842892903913,63040634,BRANA-56998200
BRANA-56990000,-41.1617,-19.4925,0.4442321900344653,63040634,BRANA-56998200
BRANA-56990990,-41.1242,-20.0775,0.6424112603788795,63042980,BRANA-56998200
BRANA-56991500,-41.0581,-19.9011,0.9734185499619941,63040803,BRANA-56998200
BRANA-56992000,-41.0142,-19.5236,0.9053689678191505,63040783,BRANA-56998200
BRANA-56993551,-40.7328,-19.5592,0.21015760977703077,63040865,BRANA-56998200
BRANA-56994500,-40.6297,-19.5333,0.7071067811861061,63040554,BRANA-56998200
BRANA-56995500,-40.6864,-19.4228,0.718684883143139,63041076,BRANA-56998200
BRANA-56998200,-40.0756,-19.4153,0.9014323900593852,63040541,BRANA-56998200
BRANA-56998400,-40.5169,-19.0575,0.17906215187434815,63041054,BRANA-56998400
BRANA-57040008,-40.5417,-19.9642,0.3437071038142495,63042678,BRANA-57040008
BRANA-57130000,-40.5278,-20.0997,0.40690868201997876,63042819,BRANA-57130000
BRANA-57170000,-40.6517,-20.3164,0.9307388484180699,63042799,BRANA-57230000
BRANA-57230000,-40.4853,-20.415,0.13910680172919923,63042736,BRANA-57230000
BRANA-57250000,-40.8119,-20.5569,0.6024285309340875,63043125,BRANA-57250000
BRANA-57300000,-40.9464,-20.8856,0.6336214997056994,63043016,BRANA-57300000
BRANA-57320000,-40.8281,-20.7772,0.5759710744642815,63043508,BRANA-57320000
BRANA-57350000,-41.4092,-20.3722,0.99,63043102,BRANA-57580000
BRANA-57360000,-41.5342,-20.3528,0.49918113488793026,63043071,BRANA-57580000
BRANA-57370000,-41.5028,-20.4303,0.5222891466871159,63043003,BRANA-57580000
BRANA-57400000,-41.5114,-20.5283,0.20068975770836678,63042880,BRANA-57580000
BRANA-57420000,-41.6656,-20.5406,0.08512275453956374,63043025,BRANA-57580000
BRANA-57450000,-41.4661,-20.7469,0.28052988337644336,63042790,BRANA-57580000
BRANA-57476500,-41.275,-20.4269,0.07708264947849133,63043019,BRANA-57580000
BRANA-57490000,-41.1997,-20.6061,0.22314542323429654,63042869,BRANA-57580000
BRANA-57550000,-41.1736,-20.7025,0.10576802008555596,63042814,BRANA-57580000
BRANA-57580000,-40.9528,-20.9525,0.17510056746459826,63042701,BRANA-57580000
BRANA-57650000,-41.0864,-21.0167,0.16450127422648997,63042913,BRANA-57650000
BRANA-57700000,-41.9214,-20.6947,0.3233132779754931,63042981,BRANA-57930000
BRANA-57720000,-41.8467,-20.6864,0.6467829248450746,63043070,BRANA-57930000
BRANA-57740000,-41.6811,-20.7722,0.18557401286718053,63042935,BRANA-57930000
BRANA-57750000,-41.7425,-20.8592,0.6164147600115958,63042802,BRANA-57930000
BRANA-57770000,-41.6519,-21.0286,0.02704887960964035,63043123,BRANA-57930000
BRANA-57830000,-41.4639,-21.2061,0.8568687842187128,63042708,BRANA-57930000
BRANA-57880000,-41.3628,-21.0647,0.010872036086693295,63042939,BRANA-57930000
BRANA-57930000,-41.3081,-21.2219,0.07232587149164554,63042655,BRANA-57930000
BRANA-58030000,-45.0439,-22.9939,0.026963296553913062,63045044,BRANA-58974000
BRANA-58040000,-45.3067,-23.2386,0.8971058838428166,63045032,BRANA-58974000
BRANA-58060000,-45.1436,-23.33,0.7071395039112849,63045082,BRANA-58974000
BRANA-58099000,-45.9003,-23.3689,0.4596533338750606,63045017,BRANA-58974000
BRANA-58110002,-45.975,-23.3078,0.7680554854594258,63045013,BRANA-58974000
BRANA-58142200,-45.9072,-23.1247,0.8429458613700331,63045111,BRANA-58974000
BRANA-58183000,-45.47,-22.9117,0.9011455580116302,63044991,BRANA-58974000
BRANA-58204000,-45.1825,-22.8119,0.07351126887333559,63044980,BRANA-58974000
BRANA-58220000,-44.9753,-22.6925,0.6079438479798301,63045135,BRANA-58974000
BRANA-58235100,-44.7725,-22.54,0.6673484293334624,63044931,BRANA-58974000
BRANA-58258000,-44.4164,-22.3861,0.11831861015328148,63044392,BRANA-58974000
BRANA-58270000,-44.2286,-22.4778,0.7925257733615065,63044345,BRANA-58974000
BRANA-58287000,-44.2689,-22.5856,0.01,63045098,BRANA-58974000
BRANA-58305001,-44.0911,-22.5019,0.2203728573995266,63044156,BRANA-58974000
BRANA-58315100,-43.93,-22.4983,0.99,63044118,BRANA-58974000
BRANA-58380001,-43.2864,-22.1628,0.01,63044083,BRANA-58974000
BRANA-58420000,-42.8969,-22.1994,0.22123965416601155,63044356,BRANA-58974000
BRANA-58425000,-43.0075,-22.1925,0.4117217748428985,63044299,BRANA-58974000
BRANA-58434000,-43.1781,-22.2997,0.071015285536839,63044365,BRANA-58974000
BRANA-58470000,-43.5047,-21.5939,0.25966771754545825,63044328,BRANA-58974000
BRANA-58480500,-43.3253,-21.7783,0.41935472213326014,63044282,BRANA-58974000
BRANA-58491000,-43.3242,-21.8714,0.9758045467957409,63044268,BRANA-58974000
BRANA-58500000,-43.885,-21.8547,0.5002300910307733,63044403,BRANA-58974000
BRANA-58516500,-43.4439,-21.8592,0.5482939377660127,63044222,BRANA-58974000
BRANA-58520000,-43.3744,-21.9667,0.99,63044211,BRANA-58974000
BRANA-58525000,-44.5389,-22.33,0.42351592874375193,63044537,BRANA-58974000
BRANA-58530000,-44.39,-22.2708,0.7672789560074533,63044367,BRANA-58974000
BRANA-58535000,-44.265,-22.2442,0.8378877818020936,63044325,BRANA-58974000
BRANA-58542000,-44.0906,-22.1519,0.0738417606058218,63044351,BRANA-58974000
BRANA-58550001,-43.82,-22.0861,0.05926375076765516,63044226,BRANA-58974000
BRANA-58560000,-43.7103,-22.2244,0.44462732544499906,63044405,BRANA-58974000
BRANA-58573000,-43.7525,-22.1569,0.8868565045021811,63044449,BRANA-58974000
BRANA-58585000,-43.5589,-22.0844,0.059955046793345894,63044205,BRANA-58974000
BRANA-58610000,-43.0414,-21.8964,0.6930064863838759,63044289,BRANA-58974000
BRANA-58630002,-42.9908,-22.0353,0.41024429655920774,63044078,BRANA-58974000
BRANA-58645000,-42.6775,-22.0497,0.1219835721250449,63044372,BRANA-58974000
BRANA-58658000,-42.5397,-21.7675,0.023064053957779693,63044303,BRANA-58974000
BRANA-58670002,-42.3428,-21.6581,0.5419940398518147,63044296,BRANA-58974000
BRANA-58710000,-43.1992,-21.305,0.7038186252691273,63044154,BRANA-58974000
BRANA-58720000,-43.2478,-21.3547,0.8301861298232301,63044868,BRANA-58974000
BRANA-58730001,-43.0503,-21.3556,0.6975485940201126,63044149,BRANA-58974000
BRANA-58735000,-42.8619,-21.3094,0.6977904265691202,63044146,BRANA-58974000
BRANA-58736000,-42.82,-21.2931,0.8592900534159096,63044189,BRANA-58974000
BRANA-58750000,-43.3172,-21.4967,0.3268729236832572,63044297,BRANA-58974000
BRANA-58755000,-43.1289,-21.4739,0.9272804857925857,63044266,BRANA-58974000
BRANA-58765001,-42.8253,-21.4739,0.01,63044215,BRANA-58974000
BRANA-58765010,-42.7992,-21.4503,0.5233436987877181,63044215,BRANA-58974000
BRANA-58770000,-42.6964,-21.3894,0.9108478222311225,63044142,BRANA-58974000
BRANA-58779000,-42.6131,-21.4111,0.01,63044137,BRANA-58974000
BRANA-58788050,-42.5356,-21.4394,0.025063079824638207,63044135,BRANA-58974000
BRANA-58790002,-42.1806,-21.5422,0.20504162013835706,63044124,BRANA-58974000
BRANA-58792100,-42.1,-21.6211,0.08634067893689697,63044121,BRANA-58974000
BRANA-58795000,-41.9853,-21.6258,0.0936810571789132,63044058,BRANA-58974000
BRANA-58825000,-42.5714,-22.2189,0.696851602473362,63044522,BRANA-58974000
BRANA-58826000,-42.5211,-22.2269,0.12256866486864751,63044394,BRANA-58974000
BRANA-58827000,-42.4161,-22.1567,0.45871722636821005,63044314,BRANA-58974000
BRANA-58846000,-42.1344,-22.0242,0.05941125496952854,63044228,BRANA-58974000
BRANA-58850000,-41.9383,-21.77,0.5621337398710705,63044209,BRANA-58974000
BRANA-58860000,-42.3028,-21.9222,0.6712791905418874,63044341,BRANA-58974000
BRANA-58870000,-41.9547,-21.7289,0.9886768780962979,63044264,BRANA-58974000
BRANA-58874000,-41.8589,-21.6442,0.18849357718852378,63044199,BRANA-58974000
BRANA-58880001,-41.7522,-21.6453,0.7639634761454842,63044052,BRANA-58974000
BRANA-58910000,-42.5142,-21.0506,0.5706542106375588,63043386,BRANA-58974000
BRANA-58916000,-42.3011,-20.7728,0.046518708470406525,63043031,BRANA-58974000
BRANA-58917000,-42.3483,-20.9111,0.8997561338235551,63042908,BRANA-58974000
BRANA-58920000,-42.2144,-21.1506,0.6614541431911501,63042625,BRANA-58974000
BRANA-58930000,-42.0239,-20.74,0.31997830881706024,63042900,BRANA-58974000
BRANA-58934000,-42.0378,-20.9614,0.8151907910698672,63042787,BRANA-58974000
BRANA-58940000,-41.8922,-21.2078,0.15806023544473746,63042615,BRANA-58974000
BRANA-58960000,-41.6136,-21.4917,0.9088127721755684,63044099,BRANA-58974000
BRANA-58974000,-41.3244,-21.7514,0.5472421616590427,63044046,BRANA-58974000
BRANA-59100000,-41.7394,-22.0858,0.08245409674658469,63044274,BRANA-59100000
BRANA-59120000,-42.4622,-22.3722,0.2917919627072329,63044509,BRANA-59120000
BRANA-59125000,-42.3792,-22.3689,0.735887854683124,63044509,BRANA-59120000
BRANA-59135000,-42.3361,-22.4092,0.6941064572581503,63044501,BRANA-59135000
BRANA-59181000,-42.3958,-22.5431,0.1269247994662008,63044934,BRANA-59181000
BRANA-59240000,-42.735,-22.5897,0.8320317630467888,63044945,BRANA-59240000
BRANA-59355000,-44.6167,-22.7356,0.01,63045456,BRANA-59370000
BRANA-59370000,-44.5608,-22.96,0.8960866855722516,63045068,BRANA-59370000
BRANA-60010000,-46.5508,-18.8411,0.16462697635990267,64005864,BRANA-64575003
BRANA-60011000,-46.5394,-18.6017,0.8351681440916949,64005852,BRANA-64575003
BRANA-60012100,-47.1064,-18.2675,0.5237186675729288,64005830,BRANA-64575003
BRANA-60018100,-47.4786,-16.5006,0.3713022742313604,64002835,BRANA-64575003
BRANA-60018400,-47.5836,-16.3564,0.07691410408247892,64003020,BRANA-64575003
BRANA-60018420,-47.5117,-16.4761,0.21583557965437947,64002868,BRANA-64575003
BRANA-60018740,-47.4261,-16.6344,0.3092310083202192,64003530,BRANA-64575003
BRANA-60018840,-47.2822,-16.6475,0.34586549201912986,64002632,BRANA-64575003
BRANA-60018900,-47.3258,-16.6075,0.8351853946793841,64002658,BRANA-64575003
BRANA-60051000,-47.6472,-18.1608,0.9046889048576683,64006801,BRANA-64575003
BRANA-60100000,-46.9658,-18.9011,0.4245968348415086,64008348,BRANA-64575003
BRANA-60110000,-47.4064,-18.4911,0.08520502395053928,64006755,BRANA-64575003
BRANA-60130000,-47.4089,-18.7808,0.9684986503791618,64007962,BRANA-64575003
BRANA-60145000,-47.4575,-18.9772,0.7543284438081046,64008258,BRANA-64575003
BRANA-60150000,-47.6897,-18.7389,0.7094863819899424,64007004,BRANA-64575003
BRANA-60182000,-47.2314,-16.6658,0.7449149354304458,64003360,BRANA-64575003
BRANA-60187000,-47.6772,-17.5864,0.9028179650419086,64006483,BRANA-64575003
BRANA-60220000,-47.0172,-20.0139,0.99,64012455,BRANA-64575003
BRANA-60250000,-46.57,-19.5175,0.6671718667007038,64012509,BRANA-64575003
BRANA-60265000,-46.5419,-19.475,0.6466024147580451,64012474,BRANA-64575003
BRANA-60272000,-46.6372,-19.3233,0.5263993369251233,64012450,BRANA-64575003
BRANA-60285000,-46.7836,-19.0831,0.6721464647387837,64011679,BRANA-64575003
BRANA-60381000,-48.1903,-18.9883,0.1686666561261185,64006456,BRANA-64575003
BRANA-60432000,-48.8044,-16.2969,0.8932307086206457,64003397,BRANA-64575003
BRANA-60472235,-47.5456,-15.6144,0.9669449199032362,64001342,BRANA-64575003
BRANA-60495000,-47.6914,-16.4317,0.1099314980977836,64003192,BRANA-64575003
BRANA-60555000,-48.6556,-16.8358,0.5665403471520527,64003297,BRANA-64575003
BRANA-60615000,-48.7806,-18.6983,0.9847421133442191,64008165,BRANA-64575003
BRANA-60635000,-49.4942,-16.3464,0.17349591078424,64003108,BRANA-64575003
BRANA-60640000,-49.2797,-16.6136,0.35793296869355995,64002681,BRANA-64575003
BRANA-60642000,-49.2439,-16.6317,0.6162972999421528,64002828,BRANA-64575003
BRANA-60650000,-49.1964,-16.6811,0.8608097516563221,64002654,BRANA-64575003
BRANA-60653000,-48.8972,-16.4581,0.19138298375999002,64005191,BRANA-64575003
BRANA-60654000,-49.1047,-16.9136,0.8442108706682567,64002757,BRANA-64575003
BRANA-60665000,-49.275,-17.2536,0.01,64002731,BRANA-64575003
BRANA-60680000,-49.6017,-18.3489,0.9834878481908891,64006229,BRANA-64575003
BRANA-60715000,-49.6883,-17.1069,0.40337692188931995,64002521,BRANA-64575003
BRANA-60750000,-50.2894,-17.0792,0.271259830496353,64002577,BRANA-64575003
BRANA-60765000,-50.1808,-17.7322,0.6569098918717596,64005731,BRANA-64575003
BRANA-60772000,-50.2469,-17.9808,0.863984615727902,64005723,BRANA-64575003
BRANA-60774000,-51.0753,-17.3592,0.697065221014374,64002693,BRANA-64575003
BRANA-60778000,-50.7742,-17.3308,0.8293345518050859,64002197,BRANA-64575003
BRANA-60781000,-50.6819,-17.3258,0.4034705381368179,64002098,BRANA-64575003
BRANA-60785005,-50.7742,-17.4658,0.01,64001999,BRANA-64575003
BRANA-60790000,-50.5564,-17.5411,0.8399660611116428,64005886,BRANA-64575003
BRANA-60798000,-50.3325,-17.9678,0.06926334177686645,64005851,BRANA-64575003
BRANA-60810000,-50.0333,-18.1044,0.3921284830298911,64006913,BRANA-64575003
BRANA-60811000,-49.7533,-18.2128,0.2820079583613395,64007914,BRANA-64575003
BRANA-60835000,-48.5667,-19.2369,0.20205444057233723,64012121,BRANA-64575003
BRANA-60842000,-49.0092,-19.0394,0.5991399692441628,64011985,BRANA-64575003
BRANA-60845000,-49.4497,-18.9408,0.4438327491596052,64006121,BRANA-64575003
BRANA-60848000,-48.8586,-19.5019,0.9386957777611312,64012505,BRANA-64575003
BRANA-60850000,-49.1803,-19.3597,0.7540261187511303,64012168,BRANA-64575003
BRANA-60855000,-49.6972,-19.0356,0.4160894860904933,64011939,BRANA-64575003
BRANA-60856000,-50.005,-18.8847,0.12367544064473117,64006434,BRANA-64575003
BRANA-60870000,-50.5286,-18.4983,0.7944469219811475,64006835,BRANA-64575003
BRANA-60895000,-51.39,-17.8608,0.39093515538102536,64006335,BRANA-64575003
BRANA-60910000,-52.6014,-17.5794,0.693214696591056,64006116,BRANA-64575003
BRANA-60925001,-50.6628,-19.2081,0.15979797464466677,64012017,BRANA-64575003
BRANA-60930000,-52.5325,-18.4067,0.7174190203180488,64006865,BRANA-64575003
BRANA-60940000,-52.0964,-18.5161,0.8948274434688083,64006675,BRANA-64575003
BRANA-60950000,-51.1492,-19.1003,0.5585982206293701,64011417,BRANA-64575003
BRANA-60960000,-52.2131,-18.845,0.4327515003699159,64006842,BRANA-64575003
BRANA-60968000,-51.7208,-19.1075,0.06375953853550027,64011421,BRANA-64575003
BRANA-60970000,-51.5336,-19.1397,0.48865007051218323,64011399,BRANA-64575003
BRANA-61009000,-44.1947,-21.9464,0.5469748302404012,64019012,BRANA-64575003
BRANA-61012000,-44.3269,-21.4925,0.022737266521658455,64018597,BRANA-64575003
BRANA-61014000,-44.6369,-22.17,0.9867721332851342,64029024,BRANA-64575003
BRANA-61024000,-44.6025,-21.9797,0.2693579717865612,64019041,BRANA-64575003
BRANA-61031000,-44.4639,-21.9983,0.832138855699343,64019073,BRANA-64575003
BRANA-61045000,-44.3542,-21.745,0.7148334023097846,64018841,BRANA-64575003
BRANA-61052000,-44.3056,-21.7381,0.5770157699300467,64020773,BRANA-64575003
BRANA-61060000,-44.3508,-21.6889,0.5700529573174105,64018719,BRANA-64575003
BRANA-61075000,-44.9156,-21.5061,0.918368617381397,64019579,BRANA-64575003
BRANA-61078000,-44.8719,-21.3211,0.944458089538091,64019386,BRANA-64575003
BRANA-61085000,-43.8144,-21.2794,0.01,64020241,BRANA-64575003
BRANA-61090000,-43.9797,-21.1858,0.6421249256640328,64019810,BRANA-64575003
BRANA-61100000,-43.9633,-21.4444,0.7581434349009867,64021250,BRANA-64575003
BRANA-61105000,-44.1358,-21.1647,0.36618183410789124,64019622,BRANA-64575003
BRANA-61107000,-44.2333,-21.1222,0.8881725223837272,64019462,BRANA-64575003
BRANA-61115000,-44.2111,-21.0525,0.7208274537587082,64019832,BRANA-64575003
BRANA-61122000,-44.3286,-21.1956,0.08030837969836982,64020553,BRANA-64575003
BRANA-61135000,-44.7397,-21.1425,0.3219577079526016,64019282,BRANA-64575003
BRANA-61140000,-44.7714,-21.0342,0.4795700399654862,64020664,BRANA-64575003
BRANA-61173000,-45.1714,-21.3422,0.7516901669284048,64020589,BRANA-64575003
BRANA-61250000,-45.4797,-22.6878,0.6239356809284882,64031524,BRANA-64575003
BRANA-61267000,-45.2869,-22.5083,0.01117480132253213,64029253,BRANA-64575003
BRANA-61271000,-45.4242,-22.4458,0.5876182532089572,64027998,BRANA-64575003
BRANA-61280000,-45.2156,-22.3706,0.585149631273583,64028760,BRANA-64575003
BRANA-61285000,-45.4475,-22.3772,0.7470147280980396,64028002,BRANA-64575003
BRANA-61295000,-45.6219,-22.4697,0.11372043411105708,64028957,BRANA-64575003
BRANA-61305000,-45.7089,-22.2508,0.2481396543908151,64027411,BRANA-64575003
BRANA-61320000,-45.7353,-22.6858,0.6523044737826876,64028400,BRANA-64575003
BRANA-61343000,-45.8825,-22.5575,0.9866992563586799,64028821,BRANA-64575003
BRANA-61350000,-45.7914,-22.4142,0.15063183434249985,64027805,BRANA-64575003
BRANA-61360000,-46.0417,-22.6069,0.48395155202059575,64029003,BRANA-64575003
BRANA-61370000,-45.8539,-22.3542,0.027771906504529677,64027916,BRANA-64575003
BRANA-61390000,-45.9178,-22.1167,0.99,64028293,BRANA-64575003
BRANA-61429000,-44.9369,-22.2944,0.9792601570360856,64032428,BRANA-64575003
BRANA-61460000,-45.0792,-21.8872,0.6499485963174961,64018939,BRANA-64575003
BRANA-61473000,-44.8797,-21.9511,0.7034945904285609,64018922,BRANA-64575003
BRANA-61484000,-45.2658,-22.2103,0.9524032927456829,64032718,BRANA-64575003
BRANA-61500000,-45.2622,-21.87,0.38506366866046393,64018896,BRANA-64575003
BRANA-61510000,-45.2475,-21.7031,0.7090613104693319,64018695,BRANA-64575003
BRANA-61520000,-45.2597,-21.6783,0.4585668381811995,64019611,BRANA-64575003
BRANA-61530000,-45.4422,-21.7828,0.749074601589253,64020436,BRANA-64575003
BRANA-61565000,-46.1244,-21.7886,0.4643448265463925,64018920,BRANA-64575003
BRANA-61568000,-45.9047,-21.6875,0.8261213425223901,64018762,BRANA-64575003
BRANA-61700000,-46.8067,-20.8097,0.3055520727459622,64020133,BRANA-64575003
BRANA-61770000,-47.0125,-21.1353,0.5304291891661368,64021207,BRANA-64575003
BRANA-61776800,-47.2836,-20.6328,0.28242269315149504,64020495,BRANA-64575003
BRANA-61788000,-48.2892,-20.2042,0.4762134917107892,64011373,BRANA-64575003
BRANA-61794000,-47.9786,-19.7281,0.5036081158734542,64012745,BRANA-64575003
BRANA-61800500,-46.3094,-22.0036,0.1526238094123617,64019056,BRANA-64575003
BRANA-61815000,-46.7042,-21.2942,0.7486247785077513,64023697,BRANA-64575003
BRANA-61826000,-46.9622,-21.4203,0.5610670854940948,64019928,BRANA-64575003
BRANA-61834000,-47.7572,-21.1036,0.08347649935157134,64018447,BRANA-64575003
BRANA-61861000,-46.3219,-22.3183,0.3049622479588717,64028208,BRANA-64575003
BRANA-61865000,-46.6042,-22.27,0.6277391477340711,64027683,BRANA-64575003
BRANA-61879000,-46.6481,-22.5214,0.5005665695841276,64027742,BRANA-64575003
BRANA-61886000,-47.1339,-22.2992,0.411974905920129,64027254,BRANA-64575003
BRANA-61895000,-46.8069,-21.9783,0.8032208247351246,64019038,BRANA-64575003
BRANA-61912000,-48.0406,-21.5025,0.2747504246137768,64017982,BRANA-64575003
BRANA-61913500,-48.0431,-21.2011,0.4630274124757502,64019837,BRANA-64575003
BRANA-62395000,-47.0578,-23.1503,0.4278094129934127,64027963,BRANA-64575003
BRANA-62420000,-47.2961,-22.9589,0.01,64027728,BRANA-64575003
BRANA-62477000,-47.4494,-23.5233,0.1319807113333193,64026924,BRANA-64575003
BRANA-62478000,-47.4061,-23.4161,0.7261203874965215,64026814,BRANA-64575003
BRANA-62490000,-47.5722,-23.6381,0.1446069785007094,64035643,BRANA-64575003
BRANA-62538000,-47.7789,-23.3192,0.9615825233517526,64026082,BRANA-64575003
BRANA-62584600,-46.2314,-22.8328,0.6245378285552405,64028511,BRANA-64575003
BRANA-62600000,-46.6319,-22.8831,0.6158271173364203,64027407,BRANA-64575003
BRANA-62615000,-46.9869,-22.7086,0.8326980736675067,64027291,BRANA-64575003
BRANA-62625000,-46.7808,-22.7114,0.6269628231789317,64027846,BRANA-64575003
BRANA-62663800,-46.2117,-22.9347,0.6996264749846699,64031131,BRANA-64575003
BRANA-62665000,-46.3653,-23.0517,0.45254666746182115,64028144,BRANA-64575003
BRANA-62670000,-46.5569,-23.1056,0.8088921008641446,64027713,BRANA-64575003
BRANA-62760005,-47.8814,-22.1544,0.5148003915128189,64028997,BRANA-64575003
BRANA-62760150,-47.9003,-22.1583,0.9853861339746767,64029086,BRANA-64575003
BRANA-62767500,-48.0903,-22.0617,0.9601447845604579,64028131,BRANA-64575003
BRANA-62770500,-48.09,-22.0594,0.01,64026804,BRANA-64575003
BRANA-62776600,-48.3894,-21.8572,0.9364556090485758,64018333,BRANA-64575003
BRANA-63001200,-53.0189,-19.0567,0.7571626002195613,64011437,BRANA-64575003
BRANA-63001600,-52.5853,-18.9953,0.3013567295458314,64011805,BRANA-64575003
BRANA-63001750,-52.165,-19.5544,0.6563174926749425,64012466,BRANA-64575003
BRANA-63003100,-52.1497,-20.0944,0.4813259282790703,64011325,BRANA-64575003
BRANA-63250000,-53.5711,-19.3775,0.6858132511898155,64011592,BRANA-64575003
BRANA-63350100,-52.9017,-20.445,0.8086317903010682,64011460,BRANA-64575003
BRANA-63900001,-53.7181,-20.4414,0.06169293322471342,64011525,BRANA-64575003
BRANA-63930000,-53.2831,-20.9753,0.01,64018279,BRANA-64575003
BRANA-63950010,-54.5072,-20.9942,0.3167730616151623,64018670,BRANA-64575003
BRANA-63950100,-54.2044,-21.3044,0.08459374029295078,64018575,BRANA-64575003
BRANA-63950150,-54.3128,-21.4278,0.5409409409159153,64024307,BRANA-64575003
BRANA-63950250,-53.955,-21.2075,0.20953672369010187,64019584,BRANA-64575003
BRANA-63950280,-53.6192,-21.5728,0.01,64018478,BRANA-64575003
BRANA-63950300,-53.6183,-21.4114,0.42737599924452313,64019448,BRANA-64575003
BRANA-63955000,-53.0533,-21.6097,0.10742380389977554,64018418,BRANA-64575003
BRANA-63970000,-52.8675,-21.6633,0.646446609406947,64018196,BRANA-64575003
BRANA-64015000,-48.2111,-23.8508,0.07084203926836355,64035261,BRANA-64575003
BRANA-64040000,-48.2783,-23.9697,0.3215502267607844,64035490,BRANA-64575003
BRANA-64065000,-48.1053,-23.6253,0.720756047209967,64034858,BRANA-64575003
BRANA-64135000,-48.4353,-23.4742,0.9870662043138608,64028493,BRANA-64575003
BRANA-64185000,-48.9497,-23.9614,0.4262130453938925,64035162,BRANA-64575003
BRANA-64191000,-48.9922,-23.9558,0.16870634773611368,64035205,BRANA-64575003
BRANA-64231000,-49.4614,-24.0328,0.18565492564478625,64035117,BRANA-64575003
BRANA-64240000,-49.7317,-24.2642,0.06320246897843107,64036272,BRANA-64575003
BRANA-64242000,-49.5958,-23.9767,0.01,64034840,BRANA-64575003
BRANA-64360000,-49.95,-23.7667,0.6116671577209791,64034816,BRANA-64575003
BRANA-64362000,-50.1631,-23.3422,0.9294263202028998,64026469,BRANA-64575003
BRANA-64365850,-49.8867,-23.4972,0.031672204773534364,64026938,BRANA-64575003
BRANA-64380000,-50.3911,-23.8503,0.9745584412272574,64034893,BRANA-64575003
BRANA-64441020,-50.5331,-25.4642,0.10383288253563801,64042751,BRANA-64575003
BRANA-64442800,-50.5247,-25.1994,0.35173653148395745,64041915,BRANA-64575003
BRANA-64477600,-50.0894,-24.7503,0.10597922518585355,64035172,BRANA-64575003
BRANA-64501000,-50.9233,-23.6372,0.6653791624485788,64033619,BRANA-64575003
BRANA-64504591,-51.1961,-23.3544,0.2163177659431135,64029018,BRANA-64575003
BRANA-64506000,-50.9953,-23.3119,0.4309185824114531,64025919,BRANA-64575003
BRANA-64507100,-51.0675,-23.2489,0.99,64030272,BRANA-64575003
BRANA-64508020,-50.7325,-23.2319,0.11473236962457296,64026731,BRANA-64575003
BRANA-64508500,-50.7881,-23.17,0.6022982692518182,64026715,BRANA-64575003
BRANA-64541000,-51.845,-23.3258,0.07313708498977826,64026721,BRANA-64575003
BRANA-64546900,-51.7531,-23.0336,0.43919296325766316,64027739,BRANA-64575003
BRANA-64550000,-52.0781,-22.8569,0.4226903803176761,64026632,BRANA-64575003
BRANA-64575003,-53.18,-22.7175,0.03814244111515697,64025836,BRANA-64575003
BRANA-64608000,-55.4386,-22.4117,0.9272077938641852,64028167,BRANA-64614000
BRANA-64609000,-54.7919,-22.3981,0.8111948094104224,64026619,BRANA-64614000
BRANA-64610000,-54.2292,-22.0686,0.2981909395574177,64026564,BRANA-64614000
BRANA-64613000,-54.4219,-21.6414,0.7065100664757319,64019318,BRANA-64614000
BRANA-64614000,-53.7675,-21.9564,0.03663655161393594,64017967,BRANA-64614000
BRANA-64618000,-54.025,-22.5456,0.09696889605424659,64028033,BRANA-64618000
BRANA-64619000,-50.9608,-25.2372,0.9543802076654292,64042119,BRANA-64693000
BRANA-64619950,-50.9525,-25.2328,0.0860918639170824,64042034,BRANA-64693000
BRANA-64620000,-50.9428,-25.2053,0.5427304662036677,64042034,BRANA-64693000
BRANA-64625000,-51.1422,-24.83,0.059103066231400526,64033950,BRANA-64693000
BRANA-64645000,-51.4244,-24.3419,0.12596422178296024,64033930,BRANA-64693000
BRANA-64652000,-51.4822,-24.1058,0.4159655350767096,64034664,BRANA-64693000
BRANA-64655000,-51.6228,-24.0417,0.9815331199192899,64033922,BRANA-64693000
BRANA-64659000,-51.9461,-24.0164,0.7503610920425593,64034635,BRANA-64693000
BRANA-64660500,-51.9511,-23.9,0.36774168605925267,64033911,BRANA-64693000
BRANA-64671950,-52.4164,-24.0653,0.4057071459029635,64036868,BRANA-64693000
BRANA-64673000,-52.1953,-23.8236,0.026107899620895048,64034789,BRANA-64693000
BRANA-64675002,-52.1172,-23.6747,0.04975424417652737,64033901,BRANA-64693000
BRANA-64682000,-52.6047,-23.4414,0.6319470535218812,64026925,BRANA-64693000
BRANA-64685000,-52.6653,-23.3244,0.9591179855635957,64026197,BRANA-64693000
BRANA-64693000,-53.3156,-23.1994,0.5491133810563869,64026174,BRANA-64693000
BRANA-64700000,-55.2211,-22.9428,0.12926806264197366,64027789,BRANA-64717000
BRANA-64702000,-55.0433,-22.9203,0.7281922309838539,64027524,BRANA-64717000
BRANA-64717000,-54.195,-23.1322,0.08958806774714738,64027144,BRANA-64717000
BRANA-64723000,-55.3894,-23.6486,0.7226236586281644,64034148,BRANA-64723000
BRANA-64764000,-52.2831,-24.9831,0.2953881147188974,64033560,BRANA-64830000
BRANA-64767000,-52.5964,-24.9467,0.7963608440734207,64033518,BRANA-64830000
BRANA-64771500,-52.7628,-24.8661,0.05912934332700788,64033512,BRANA-64830000
BRANA-64773000,-52.3094,-24.7272,0.8801051763957066,64035050,BRANA-64830000
BRANA-64775000,-52.7028,-24.7486,0.01,64034621,BRANA-64830000
BRANA-64776100,-52.8767,-24.7519,0.27766919420019137,64033510,BRANA-64830000
BRANA-64785000,-52.9014,-24.5544,0.01,64034819,BRANA-64830000
BRANA-64790000,-53.1,-24.6278,0.8680003057756591,64034340,BRANA-64830000
BRANA-64795000,-53.1289,-24.5583,0.8900709535781363,64033502,BRANA-64830000
BRANA-64799500,-53.1619,-24.3781,0.7099421623067409,64033498,BRANA-64830000
BRANA-64810000,-53.1331,-23.9167,0.5070780827116983,64034898,BRANA-64830000
BRANA-64815000,-53.3167,-24.1331,0.830640383102697,64034697,BRANA-64830000
BRANA-64820000,-53.3331,-24.2,0.20710678118646958,64033488,BRANA-64830000
BRANA-64830000,-53.7461,-24.1881,0.99,64033481,BRANA-64830000
BRANA-64833000,-53.7525,-23.9714,0.28401962716114454,64035338,BRANA-64833000
BRANA-65004995,-49.1211,-25.4506,0.9635681209760498,64045720,BRANA-65025000
BRANA-65010000,-49.1456,-25.5192,0.7922656537753631,64045567,BRANA-65025000
BRANA-65015400,-49.2281,-25.5892,0.721882953213101,64042834,BRANA-65025000
BRANA-65017035,-49.2608,-25.6461,0.7025695072501752,64045252,BRANA-65025000
BRANA-65025000,-49.5133,-25.6003,0.18838101224154435,64041803,BRANA-65025000
BRANA-65027000,-49.5831,-25.5797,0.7786187096527302,64042900,BRANA-65027000
BRANA-65093000,-49.4833,-26.2819,0.05270379646043016,64043144,BRANA-65093000
BRANA-65135000,-49.3931,-25.9344,0.7578440735740765,64042189,BRANA-65136550
BRANA-65136550,-49.5258,-25.855,0.5014994854100321,64041879,BRANA-65136550
BRANA-65180000,-50.2881,-26.3722,0.1823534114933287,64040937,BRANA-65180000
BRANA-65240000,-50.495,-26.2472,0.563934955156153,64042999,BRANA-65240000
BRANA-65365000,-51.22,-26.1775,0.8851983753298536,64043333,BRANA-65365000
BRANA-65809000,-51.4358,-25.3978,0.15384293969028462,64042443,BRANA-65809000
BRANA-65925000,-52.2956,-26.2781,0.6920731831076046,64040919,BRANA-65960000
BRANA-65925800,-52.5894,-26.2844,0.31830099620124236,64043230,BRANA-65960000
BRANA-65945000,-52.8008,-26.0506,0.9894998221331763,64042355,BRANA-65960000
BRANA-65948000,-53.02,-26.1525,0.99,64042684,BRANA-65960000
BRANA-65950200,-53.0739,-26.0817,0.982872053034595,64042612,BRANA-65960000
BRANA-65955000,-52.8494,-25.915,0.6328962710262597,64041585,BRANA-65960000
BRANA-65960000,-52.9267,-25.7692,0.9457932552407303,64040878,BRANA-65960000
BRANA-65974500,-53.5156,-25.7694,0.12764889838408874,64043281,BRANA-65974500
BRANA-65979000,-53.5178,-25.4339,0.1712190713170437,64041030,BRANA-65979000
BRANA-65990550,-53.8406,-25.7461,0.47201660643984406,64041996,BRANA-65990550
BRANA-65996000,-54.5183,-25.5692,0.672848196267322,64045727,BRANA-65996000
BRANA-66006000,-56.8142,-14.4517,0.505881673292872,64000037,BRANA-67100000
BRANA-66008000,-57.0839,-15.1669,0.6395550544065487,64000408,BRANA-67100000
BRANA-66010000,-57.1819,-15.0761,0.017664307587088528,64000222,BRANA-67100000
BRANA-66050000,-57.7689,-14.8508,0.9300709139814967,64000185,BRANA-67100000
BRANA-66055000,-57.6803,-15.0922,0.3438329416987261,64000183,BRANA-67100000
BRANA-66065000,-57.8936,-15.4686,0.6917684872804521,64000384,BRANA-67100000
BRANA-66070004,-57.7022,-16.0761,0.17295046414962043,64001851,BRANA-67100000
BRANA-66071400,-58.5997,-15.4997,0.8745037668729014,64000383,BRANA-67100000
BRANA-66072000,-58.4628,-15.8517,0.41740849077147824,64000363,BRANA-67100000
BRANA-66090000,-57.7489,-16.7328,0.07147218315053876,64001838,BRANA-67100000
BRANA-66110000,-56.5422,-16.315,0.08973527100456809,64002235,BRANA-67100000
BRANA-66120000,-57.3594,-17.1433,0.22981851119910846,64001832,BRANA-67100000
BRANA-66140000,-55.8489,-14.5417,0.99,64000291,BRANA-67100000
BRANA-66231000,-55.8556,-14.845,0.1937751255343764,64000364,BRANA-67100000
BRANA-66270000,-56.0761,-15.8697,0.4911525112678092,64000243,BRANA-67100000
BRANA-66280000,-55.9669,-16.1928,0.8745391865034345,64001994,BRANA-67100000
BRANA-66340000,-56.3756,-16.5119,0.08479683326604087,64001968,BRANA-67100000
BRANA-66360000,-56.6328,-16.9444,0.30116006636849474,64001956,BRANA-67100000
BRANA-66370000,-56.5806,-17.0564,0.5627245118701227,64001954,BRANA-67100000
BRANA-66400000,-54.9228,-16.3108,0.40753236584003316,64001879,BRANA-67100000
BRANA-66430000,-54.3003,-16.1969,0.4305182257925418,64002191,BRANA-67100000
BRANA-66440000,-54.4586,-16.6067,0.99,64002615,BRANA-67100000
BRANA-66450001,-54.6506,-16.4789,0.43011790403431843,64002177,BRANA-67100000
BRANA-66460000,-55.2064,-16.6081,0.8895951778642665,64001873,BRANA-67100000
BRANA-66470000,-56.2236,-16.9253,0.8463224293276536,64001866,BRANA-67100000
BRANA-66520000,-54.1511,-17.2078,0.9625674805888688,64002610,BRANA-67100000
BRANA-66600000,-56.0086,-17.2017,0.43625733453336085,64001932,BRANA-67100000
BRANA-66650000,-56.3872,-17.2917,0.6105587381078691,64001915,BRANA-67100000
BRANA-66710000,-56.7747,-17.3656,0.10217538689861941,64001855,BRANA-67100000
BRANA-66750000,-56.965,-17.6233,0.03814641924320165,64005737,BRANA-67100000
BRANA-66800000,-57.4886,-18.0386,0.546782047600806,64005660,BRANA-67100000
BRANA-66810000,-57.3911,-18.3939,0.086487769492646,64005651,BRANA-67100000
BRANA-66845000,-54.4708,-18.1672,0.8372246881368248,64006208,BRANA-67100000
BRANA-66849000,-54.5786,-18.7303,0.6613973318062716,64005984,BRANA-67100000
BRANA-66850000,-54.5297,-18.7244,0.7504018459726327,64006633,BRANA-67100000
BRANA-66855000,-54.5672,-18.7136,0.9630618669029919,64006633,BRANA-67100000
BRANA-66865000,-54.8094,-18.8992,0.35637510083908364,64006444,BRANA-67100000
BRANA-66870000,-54.7619,-18.5078,0.018957078065133113,64005961,BRANA-67100000
BRANA-66895000,-57.2353,-19.2583,0.3503257193471052,64010722,BRANA-67100000
BRANA-66900000,-56.0911,-20.7619,0.3412407258879439,64018505,BRANA-67100000
BRANA-66910000,-56.3992,-20.2408,0.8035971945084704,64011397,BRANA-67100000
BRANA-66923000,-54.4378,-19.8742,0.7588978910712751,64015593,BRANA-67100000
BRANA-66926000,-55.09,-20.1558,0.802343145750486,64012011,BRANA-67100000
BRANA-66941000,-55.4281,-20.4481,0.17213203435594313,64010833,BRANA-67100000
BRANA-66945000,-55.8014,-20.4783,0.8730901967564583,64010767,BRANA-67100000
BRANA-66950000,-56.2811,-19.6986,0.6137810311505535,64010757,BRANA-67100000
BRANA-67100000,-57.8911,-21.7003,0.04122889483253154,64017504,BRANA-67100000
BRANA-67170000,-57.3039,-22.2236,0.6504494002934863,64026419,BRANA-67170000
BRANA-67176000,-57.3772,-21.9697,0.14368201610813836,64026408,BRANA-67176000
BRANA-70100000,-49.8025,-28.3694,0.13680187503051194,64055577,BRANA-77150000
BRANA-70200000,-50.3019,-28.4394,0.06696671953662152,64054937,BRANA-77150000
BRANA-70300000,-50.0611,-28.09,0.05451826964721045,64054528,BRANA-77150000
BRANA-70500000,-50.4428,-28.1614,0.07150221104802539,64054516,BRANA-77150000
BRANA-71200000,-49.7786,-27.8028,0.5970304513739754,64047586,BRANA-77150000
BRANA-71250000,-49.6269,-27.8297,0.5728845811144089,64049358,BRANA-77150000
BRANA-71300000,-49.84,-27.7022,0.5876886256385268,64047574,BRANA-77150000
BRANA-71350001,-50.1128,-27.5078,0.01,64047545,BRANA-77150000
BRANA-71383000,-50.3917,-27.4858,0.9241579316624767,64047535,BRANA-77150000
BRANA-71498000,-50.7539,-27.3339,0.8696855431944838,64048291,BRANA-77150000
BRANA-72430000,-51.7547,-27.8786,0.57418026137524,64047443,BRANA-77150000
BRANA-72630000,-51.8853,-27.7067,0.3822481500688174,64047203,BRANA-77150000
BRANA-72680000,-51.8578,-27.5619,0.2804908510211581,64047198,BRANA-77150000
BRANA-72715000,-51.0756,-26.8958,0.9093243544287456,64048675,BRANA-77150000
BRANA-72810000,-51.2581,-27.0881,0.58606054094288,64048292,BRANA-77150000
BRANA-72849000,-51.4811,-27.1594,0.5124229500361906,64048210,BRANA-77150000
BRANA-72870000,-51.5267,-27.3156,0.13770686030834908,64048654,BRANA-77150000
BRANA-73300000,-52.1825,-26.9486,0.957511055241112,64048596,BRANA-77150000
BRANA-73350000,-52.5228,-27.1656,0.8811091708574417,64048225,BRANA-77150000
BRANA-73600000,-52.3258,-26.5606,0.7334699588386772,64048207,BRANA-77150000
BRANA-73690001,-52.0253,-26.7733,0.3072661491643503,64048547,BRANA-77150000
BRANA-73765000,-52.7503,-26.76,0.6439021625285497,64049733,BRANA-77150000
BRANA-73770000,-52.7344,-26.8175,0.9862177928137278,64047717,BRANA-77150000
BRANA-73780000,-52.9017,-26.7369,0.560009215533609,64047424,BRANA-77150000
BRANA-73820000,-52.9047,-26.8594,0.5856044212582143,64047398,BRANA-77150000
BRANA-73900000,-53.0089,-26.9244,0.6901249433285901,64048952,BRANA-77150000
BRANA-73960000,-52.9544,-27.0419,0.06901027589889044,64047337,BRANA-77150000
BRANA-74100000,-53.2297,-27.1756,0.9217658693403059,64047013,BRANA-77150000
BRANA-74205000,-53.0294,-27.8131,0.24912683561463791,64049104,BRANA-77150000
BRANA-74270000,-53.3203,-27.2786,0.2682577975661744,64047235,BRANA-77150000
BRANA-74295000,-53.2953,-27.0133,0.7946239432837623,64048935,BRANA-77150000
BRANA-74300000,-53.4536,-26.5881,0.04963853178130221,64047862,BRANA-77150000
BRANA-74320000,-53.2861,-26.6822,0.33009927303807396,64047875,BRANA-77150000
BRANA-74329000,-53.7097,-27.1717,0.7428722632243544,64047000,BRANA-77150000
BRANA-74370000,-53.6444,-27.3328,0.8148718235692279,64047669,BRANA-77150000
BRANA-74422000,-53.6675,-26.7753,0.39718756171200936,64047822,BRANA-77150000
BRANA-74424500,-53.7061,-26.9333,0.3963524239683435,64047366,BRANA-77150000
BRANA-74460000,-53.7303,-27.8247,0.5064320221312508,64047436,BRANA-77150000
BRANA-74470000,-53.8808,-27.3922,0.6253079441295365,64047335,BRANA-77150000
BRANA-74500000,-54.1397,-27.3019,0.2752834090474479,64046990,BRANA-77150000
BRANA-74610000,-54.2333,-27.5225,0.3707223695028253,64047690,BRANA-77150000
BRANA-74700000,-54.4644,-27.6728,0.8961584804295438,64047762,BRANA-77150000
BRANA-74720000,-54.6831,-27.5781,0.36292287631479414,64046974,BRANA-77150000
BRANA-74750000,-54.5561,-27.845,0.1316011192963902,64049168,BRANA-77150000
BRANA-74800000,-55.0256,-27.8525,0.7796800584317073,64046963,BRANA-77150000
BRANA-74880000,-54.7558,-28.0631,0.5771628749668162,64055210,BRANA-77150000
BRANA-74900000,-54.9392,-27.9308,0.33116870928524744,64047216,BRANA-77150000
BRANA-75155000,-53.7808,-28.2869,0.25716188516265925,64055152,BRANA-77150000
BRANA-75186000,-53.8792,-28.3708,0.3605682937693569,64055588,BRANA-77150000
BRANA-75200000,-53.9731,-28.4544,0.43284897696891844,64055536,BRANA-77150000
BRANA-75205000,-54.0314,-28.3847,0.4467283200805747,64055301,BRANA-77150000
BRANA-75230000,-54.2675,-28.3553,0.6196977533566597,64054892,BRANA-77150000
BRANA-75295000,-54.3308,-28.3897,0.4935342235557912,64054968,BRANA-77150000
BRANA-75400000,-54.4589,-28.6569,0.11155109784634422,64055516,BRANA-77150000
BRANA-75450000,-54.9144,-28.5783,0.4808585204224447,64054991,BRANA-77150000
BRANA-75500000,-55.3197,-28.2119,0.39186017733682194,64054857,BRANA-77150000
BRANA-75550000,-55.6433,-28.1822,0.13805757695568477,64053799,BRANA-77150000
BRANA-75600000,-54.855,-28.8372,0.5424281399747518,64056072,BRANA-77150000
BRANA-75650000,-55.1619,-28.7425,0.7173124241027328,64055305,BRANA-77150000
BRANA-75700000,-55.5794,-28.6828,0.4927926285580634,64054998,BRANA-77150000
BRANA-75780000,-56.0369,-28.6244,0.010393583877170308,64053782,BRANA-77150000
BRANA-75900000,-56.5544,-29.1175,0.21087016876807815,64053770,BRANA-77150000
BRANA-76085000,-54.0542,-29.4289,0.22415275208887742,64055363,BRANA-77150000
BRANA-76100000,-54.3422,-29.5561,0.05920922961426168,64060971,BRANA-77150000
BRANA-76251000,-54.6933,-30.9703,0.4433473916254644,64061647,BRANA-77150000
BRANA-76300000,-54.9031,-30.2808,0.8205106588919601,64061275,BRANA-77150000
BRANA-76310000,-54.9169,-30.2428,0.29682482400988724,64061243,BRANA-77150000
BRANA-76370000,-54.6375,-30.1056,0.09663640388960813,64062414,BRANA-77150000
BRANA-76440000,-54.6892,-29.4989,0.21118258835406162,64061112,BRANA-77150000
BRANA-76460000,-54.7353,-29.3625,0.7595619011407981,64055558,BRANA-77150000
BRANA-76500000,-55.1961,-29.6869,0.029239445072943435,64060919,BRANA-77150000
BRANA-76560000,-55.4814,-29.5958,0.6842808522321816,64060912,BRANA-77150000
BRANA-76650000,-55.7069,-29.3086,0.9578616215286578,64055078,BRANA-77150000
BRANA-76742000,-55.6003,-29.9511,0.21755876738415714,64062209,BRANA-77150000
BRANA-76750000,-55.7875,-29.7683,0.6755634918612331,64061849,BRANA-77150000
BRANA-76800000,-56.0553,-29.3092,0.3536830730007894,64054086,BRANA-77150000
BRANA-77150000,-57.0886,-29.7486,0.21581832475192927,64060519,BRANA-77150000
BRANA-77500000,-56.4656,-30.3844,0.2615901750726548,64061280,BRANA-77585000
BRANA-77585000,-57.3161,-30.2583,0.19722823759298785,64061186,BRANA-77585000
BRANA-79200000,-54.13,-31.4533,0.6870896873595785,64068221,BRANA-79400000
BRANA-79400000,-54.2944,-31.5339,0.866043262577448,64067955,BRANA-79400000
BRANA-80200000,-46.0106,-23.6569,0.23625114432037994,64040061,BRANA-80200000
BRANA-81019350,-49.5964,-25.2344,0.669282101081535,64042351,BRANA-81683000
BRANA-81102000,-49.4831,-24.9303,0.7933084000626578,64034437,BRANA-81683000
BRANA-81107000,-49.4417,-24.9028,0.9520498238200438,64034132,BRANA-81683000
BRANA-81120000,-49.3386,-25.01,0.7110472915578987,64042586,BRANA-81683000
BRANA-81125000,-49.3403,-24.7561,0.5667356980998017,64035720,BRANA-81683000
BRANA-81135000,-49.2725,-24.7964,0.9722897645457694,64034111,BRANA-81683000
BRANA-81139500,-49.2733,-24.8433,0.47783962193401547,64034369,BRANA-81683000
BRANA-81160000,-49.3019,-24.6728,0.957952965533076,64035737,BRANA-81683000
BRANA-81200000,-48.9997,-24.6556,0.644888704951857,64034086,BRANA-81683000
BRANA-81335000,-48.5086,-24.7586,0.99,64033798,BRANA-81683000
BRANA-81350000,-48.5922,-24.5864,0.862307853087983,64033787,BRANA-81683000
BRANA-81380000,-48.1056,-24.5197,0.25614984102935445,64033771,BRANA-81683000
BRANA-81420000,-47.925,-24.3925,0.4426060672612998,64033761,BRANA-81683000
BRANA-81450000,-47.07,-23.9339,0.8409824850563714,64036466,BRANA-81683000
BRANA-81519000,-47.6536,-24.1742,0.5183495027107623,64035444,BRANA-81683000
BRANA-81530000,-47.6133,-24.2064,0.2372870608177418,64034785,BRANA-81683000
BRANA-81545000,-47.6172,-24.2886,0.4727969617064531,64034738,BRANA-81683000
BRANA-81580000,-47.1772,-24.2889,0.6353956177650223,64036925,BRANA-81683000
BRANA-81595000,-47.2608,-24.2461,0.2727279776313247,64035906,BRANA-81683000
BRANA-81600000,-47.3744,-24.2489,0.24187715450950678,64035143,BRANA-81683000
BRANA-81630000,-47.4606,-24.2811,0.3141201985143006,64035049,BRANA-81683000
BRANA-81679000,-47.625,-24.3206,0.12479130886300309,64034700,BRANA-81683000
BRANA-81683000,-47.8367,-24.49,0.46778383797166473,64033758,BRANA-81683000
BRANA-81700000,-48.0914,-24.8622,0.7758595810000445,64036682,BRANA-81790000
BRANA-81710000,-48.0014,-24.6897,0.9434155480987299,64035579,BRANA-81790000
BRANA-81790000,-47.8789,-24.5933,0.41768005135627145,64035157,BRANA-81790000
BRANA-82009800,-48.4886,-25.2128,0.9672445226727211,64042854,BRANA-82009800
BRANA-82170000,-48.8333,-25.4667,0.7505956414862895,64043072,BRANA-82170000
BRANA-82270050,-48.9394,-26.18,0.060250934259433335,64042318,BRANA-82270050
BRANA-82320000,-49.2925,-26.4239,0.6512056603604238,64043060,BRANA-82350000
BRANA-82350000,-49.0808,-26.48,0.8827330456878616,64042293,BRANA-82350000
BRANA-82549000,-49.0628,-26.4392,0.32189395393222087,64042592,BRANA-82549000
BRANA-82769800,-48.9783,-26.2489,0.082975499357416,64044090,BRANA-82770000
BRANA-82770000,-48.8311,-26.4481,0.7780318974813846,64042650,BRANA-82770000
BRANA-83029900,-50.1242,-27.0397,0.33125286372825524,64049321,BRANA-83690000
BRANA-83030000,-50.0386,-27.0972,0.581614458382776,64048981,BRANA-83690000
BRANA-83035000,-50.0017,-26.9689,0.21498517908488746,64052846,BRANA-83690000
BRANA-83040000,-50.0708,-27.2006,0.01,64049081,BRANA-83690000
BRANA-83050000,-49.9953,-27.1139,0.04991451299539835,64048781,BRANA-83690000
BRANA-83069900,-49.7964,-27.3119,0.8784710564342574,64049402,BRANA-83690000
BRANA-83101000,-49.3344,-27.705,0.9584148371704216,64050120,BRANA-83690000
BRANA-83105000,-49.3631,-27.6839,0.350310138860668,64049581,BRANA-83690000
BRANA-83130000,-49.5061,-27.6,0.016194313973974726,64049846,BRANA-83690000
BRANA-83250000,-49.6058,-27.3986,0.6127245586804504,64048597,BRANA-83690000
BRANA-83300200,-49.6292,-27.2078,0.32703703785557603,64048319,BRANA-83690000
BRANA-83345000,-49.8311,-26.6983,0.8722604191026159,64047838,BRANA-83690000
BRANA-83360000,-49.6331,-26.9556,0.40387188937736235,64047757,BRANA-83690000
BRANA-83440000,-49.5167,-27.0539,0.40442117015639845,64047708,BRANA-83690000
BRANA-83500000,-49.3919,-27.0375,0.9746727420264906,64047693,BRANA-83690000
BRANA-83520000,-49.2897,-26.9417,0.12461550078237191,64047667,BRANA-83690000
BRANA-83660000,-49.3642,-26.7875,0.6729978541523742,64049034,BRANA-83690000
BRANA-83675000,-49.2711,-26.7414,0.3460504233502719,64049077,BRANA-83690000
BRANA-83677000,-49.2719,-26.8297,0.04193934541908955,64048765,BRANA-83690000
BRANA-83690000,-49.235,-26.8911,0.04112906100067525,64047663,BRANA-83690000
BRANA-83880000,-48.9311,-26.7239,0.9793330388630446,64050208,BRANA-83880000
BRANA-83892990,-49.33,-27.33,0.4515208326811558,64049658,BRANA-83900000
BRANA-83892998,-49.0878,-27.1972,0.767216647539472,64048733,BRANA-83900000
BRANA-83900000,-48.9167,-27.1006,0.255627717910387,64048411,BRANA-83900000
BRANA-84071000,-48.9528,-27.4142,0.0858373440310641,64048878,BRANA-84095500
BRANA-84095000,-48.9336,-27.2861,0.9775922500726606,64048595,BRANA-84095500
BRANA-84095500,-48.85,-27.275,0.10626717936075947,64048460,BRANA-84095500
BRANA-84100000,-48.8033,-27.7044,0.0360065333061116,64049343,BRANA-84150100
BRANA-84150100,-48.7097,-27.6925,0.756275871018276,64049151,BRANA-84150100
BRANA-84249998,-49.295,-28.3586,0.19743034210159602,64055986,BRANA-84580000
BRANA-84300000,-49.1831,-28.4347,0.99,64055630,BRANA-84580000
BRANA-84520000,-49.1161,-27.9956,0.49172473999193256,64054738,BRANA-84580000
BRANA-84520010,-49.1186,-28.0331,0.19842692612066903,64054652,BRANA-84580000
BRANA-84551000,-49.195,-28.2094,0.33162932279166435,64056181,BRANA-84580000
BRANA-84559800,-49.1631,-28.2389,0.05512376959037635,64054512,BRANA-84580000
BRANA-84560000,-49.1792,-28.3258,0.06136742270192367,64054492,BRANA-84580000
BRANA-84580000,-49.1064,-28.4206,0.39903351543987564,64054474,BRANA-84580000
BRANA-84598002,-48.9717,-28.1656,0.4879953387218371,64054524,BRANA-84600000
BRANA-84600000,-49.0147,-28.2606,0.99,64054514,BRANA-84600000
BRANA-84800000,-49.5514,-28.6125,0.09424096579470005,64056910,BRANA-84820000
BRANA-84820000,-49.4744,-28.7492,0.19595582698654904,64055700,BRANA-84820000
BRANA-84853000,-49.5897,-28.8536,0.4426949415045477,64056109,BRANA-84853000
BRANA-84949000,-49.7022,-28.9422,0.7935980707110516,64056357,BRANA-84949800
BRANA-84949800,-49.6372,-28.9725,0.4749310142431675,64055758,BRANA-84949800
BRANA-84990000,-49.8264,-29.1547,0.49769032027432186,64056861,BRANA-84990000
BRANA-85400000,-53.3528,-29.6269,0.9206543320554919,64060809,BRANA-85900000
BRANA-85438000,-53.3689,-29.8011,0.1318996178202623,64062201,BRANA-85900000
BRANA-85470000,-54.3133,-30.3597,0.14565013779067884,64062204,BRANA-85900000
BRANA-85480000,-53.9853,-30.2314,0.42480014490129225,64061926,BRANA-85900000
BRANA-85600000,-53.4167,-29.9258,0.26137862597390704,64061828,BRANA-85900000
BRANA-85610000,-53.7139,-30.4356,0.555236305132792,64064843,BRANA-85900000
BRANA-85623000,-53.5633,-30.1942,0.18855855947296937,64062151,BRANA-85900000
BRANA-85642000,-53.0156,-30.0078,0.5994288970408614,64060766,BRANA-85900000
BRANA-85735000,-52.7867,-29.6578,0.032883025096251246,64061516,BRANA-85900000
BRANA-85830000,-52.4681,-29.7061,0.99,64061092,BRANA-85900000
BRANA-85900000,-52.3756,-29.995,0.15299991610569952,64060738,BRANA-85900000
BRANA-86100000,-50.495,-28.8056,0.01,64055151,BRANA-86879300
BRANA-86160000,-50.4561,-28.8681,0.5358163748737792,64055384,BRANA-86879300
BRANA-86401000,-51.3975,-28.5428,0.99,64055647,BRANA-86879300
BRANA-86410000,-51.425,-28.7392,0.01,64055080,BRANA-86879300
BRANA-86420000,-51.6081,-28.6775,0.0582848447127352,64055854,BRANA-86879300
BRANA-86472000,-51.6997,-29.0978,0.8550170657565013,64054837,BRANA-86879300
BRANA-86480000,-51.8558,-28.6189,0.9619245207763665,64055414,BRANA-86879300
BRANA-86500000,-51.8325,-28.8489,0.9277162501253083,64055149,BRANA-86879300
BRANA-86510000,-51.8686,-29.1672,0.6160328818274208,64054829,BRANA-86879300
BRANA-86560000,-51.9531,-28.9122,0.8973911467087815,64055050,BRANA-86879300
BRANA-86580000,-51.9119,-29.1197,0.41932351241334603,64054945,BRANA-86879300
BRANA-86720000,-51.855,-29.2344,0.6271482410613929,64054825,BRANA-86879300
BRANA-86745000,-52.1622,-29.2161,0.9510557854918819,64055428,BRANA-86879300
BRANA-86879300,-51.9622,-29.4733,0.45300176727611885,64054811,BRANA-86879300
BRANA-87150000,-50.9958,-29.3075,0.38748638994718926,64055233,BRANA-87170000
BRANA-87160000,-51.1889,-29.3356,0.29878977077309193,64055117,BRANA-87170000
BRANA-87168000,-51.3689,-29.3828,0.9447050326748382,64056679,BRANA-87170000
BRANA-87170000,-51.3833,-29.59,0.6185777801255363,64061566,BRANA-87170000
BRANA-87230000,-51.3136,-29.5906,0.4857651712442194,64060609,BRANA-87230000
BRANA-87309000,-50.0908,-29.5094,0.5680120293031294,64061768,BRANA-87309000
BRANA-87317030,-50.2092,-29.6519,0.2776395299080936,64061512,BRANA-87317030
BRANA-87374000,-50.7342,-29.72,0.5820835960355065,64061403,BRANA-87382000
BRANA-87380000,-51.0461,-29.6917,0.21608788476348842,64061302,BRANA-87382000
BRANA-87382000,-51.1483,-29.7589,0.5177697483571252,64061281,BRANA-87382000
BRANA-87398800,-50.7369,-29.8728,0.38612013917926574,64063706,BRANA-87399000
BRANA-87399000,-50.9778,-29.9644,0.9067710114474438,64062401,BRANA-87399000
BRANA-87401600,-50.9547,-29.9236,0.6926016396285887,64063642,BRANA-87401600
BRANA-87450100,-51.1964,-30.0483,0.5786126811094336,64065695,BRANA-87450100
BRANA-87670000,-53.0461,-30.9733,0.1158061588055939,64060566,BRANA-87905000
BRANA-87905000,-52.0525,-31.0119,0.8380067584057719,64066965,BRANA-87905000
BRANA-88020000,-53.4392,-33.6897,0.3548900138849354,64073441,BRANA-88020000
BRANA-88260000,-53.4558,-32.5194,0.32988920261039895,64072596,BRANA-88260000
BRANA-88575000,-53.2683,-31.8647,0.02142788815890986,64068088,BRANA-88641000
BRANA-88641000,-52.8161,-31.8633,0.2891361171744478,64067719,BRANA-88641000
BRANA-88750000,-52.4767,-31.7139,0.08830553318471816,64069237,BRANA-88750000
BRANA-88850000,-52.4625,-31.5736,0.8957694112070401,64068462,BRANA-88850000
ECCC-01AD003,-68.95555114746094,47.206581115722656,0.8470324681865267,72040181,ECCC-01AF002
ECCC-01AF002,-67.7397232055664,47.03889083862305,0.4032231012196343,72040005,ECCC-01AF002
ECCC-01AF007,-67.92127990722656,47.24697113037109,0.8736707592543047,72041746,ECCC-01AF002
ECCC-01AF009,-68.35682678222656,47.45782852172852,0.202303523947113,72040491,ECCC-01AF002
ECCC-01AG003,-67.75196838378906,46.81636047363281,0.8289967598820865,72040253,ECCC-01AG003
ECCC-01AH002,-67.21080780029297,47.17303085327149,0.048847428998997154,72041002,ECCC-01AH002
ECCC-01AJ003,-67.72794342041016,46.21622085571289,0.10951567259678259,72046739,ECCC-01AJ003
ECCC-01AJ004,-67.73844146728516,46.438358306884766,0.429211740704594,72041555,ECCC-01AJ004
ECCC-01AJ010,-67.4651107788086,46.34088897705078,0.9821528103657862,72040216,ECCC-01AJ010
ECCC-01AK001,-67.32035827636719,45.94353103637695,0.7376815205752351,72047734,ECCC-01AK001
ECCC-01AK007,-67.23960876464844,46.04877853393555,0.6697858119051378,72047702,ECCC-01AK007
ECCC-01AL002,-66.61131286621094,46.125919342041016,0.15936094363794237,72046658,ECCC-01AL002
ECCC-01AM001,-66.68289184570312,45.67377853393555,0.2887239961361942,72047261,ECCC-01AM001
ECCC-01AN002,-65.72274780273438,46.29072189331055,0.07489514453367949,72046809,ECCC-01AN002
ECCC-01AP002,-65.36638641357422,46.07236099243164,0.50998337030246,72046253,ECCC-01AP002
ECCC-01AP004,-65.60169219970703,45.70138931274414,0.02490636806513817,72047146,ECCC-01AP004
ECCC-01AQ001,-66.46827697753906,45.16978073120117,0.1329872290869066,73000830,ECCC-01AQ001
ECCC-01AQ002,-66.8086929321289,45.27357864379883,0.5863223455682124,73000507,ECCC-01AQ002
ECCC-01AR006,-67.26215362548828,45.20903015136719,0.8800062900347679,73001562,ECCC-01AR006
ECCC-01AR011,-67.73355865478516,45.66416931152344,0.5690002358900259,73000121,USGS-01021000
ECCC-01BC001,-67.48307800292969,47.66707992553711,0.6487324488108094,72034728,ECCC-01BJ007
ECCC-01BE001,-66.88707733154297,47.83246994018555,0.01,72034794,ECCC-01BJ007
ECCC-01BJ003,-66.02522277832031,47.8938102722168,0.23502930449054368,72035842,ECCC-01BJ003
ECCC-01BJ007,-66.94805908203125,47.908668518066406,0.2159612015439565,72034703,ECCC-01BJ007
ECCC-01BJ010,-65.72180938720703,47.60839080810547,0.10872598312633779,72035781,ECCC-01BJ010
ECCC-01BL002,-65.15538787841797,47.70560836791992,0.8642730058863811,72036358,ECCC-01BL002
ECCC-01BL003,-65.1060562133789,47.4357795715332,0.33517829116803416,72040458,ECCC-01BL003
ECCC-01BO001,-65.82560729980469,46.73600006103516,0.9060094637647708,72040296,ECCC-01BO001
ECCC-01BP001,-65.90738677978516,46.93597030639648,0.6878108672026743,72040947,ECCC-01BP001
ECCC-01BQ001,-65.83650207519531,47.0947494506836,0.99,72040957,ECCC-01BQ001
ECCC-01BS001,-65.06494140625,46.443939208984375,0.49397472106234946,72042331,ECCC-01BS001
ECCC-01BU002,-65.1681900024414,45.946388244628906,0.2181863772206996,72047379,ECCC-01BU002
ECCC-01BV004,-65.8492202758789,45.30657958984375,0.7572942143304863,72048858,ECCC-01BV004
ECCC-01BV006,-65.0159683227539,45.55855941772461,0.08550607603422083,72049422,ECCC-01BV006
ECCC-01CB002,-63.633331298828125,46.34585952758789,0.37837660476286594,72042940,ECCC-01CB002
ECCC-01CC005,-63.35108184814453,46.23139190673828,0.37526814882508874,72046864,ECCC-01CC005
ECCC-01DC005,-65.02938842773438,44.94918823242188,0.38762244968383486,72051031,ECCC-01DC007
ECCC-01DC007,-65.15792083740234,44.88082885742188,0.5761922880906569,72051024,ECCC-01DC007
ECCC-01DD002,-64.63533020019531,45.06478118896485,0.9420409450058966,72048426,ECCC-01DD002
ECCC-01DG003,-63.66389083862305,44.85110855102539,0.6379146497926824,72054611,ECCC-01DG003
ECCC-01DG043,-63.34278106689453,45.12055969238281,0.6451482938502603,72048517,ECCC-01DG043
ECCC-01DH002,-63.21543884277344,45.369171142578125,0.2101017193275487,72047538,ECCC-01DH002
ECCC-01DH004,-63.25471878051758,45.425559997558594,0.1640673637457148,72047994,ECCC-01DH004
ECCC-01DJ005,-63.59799957275391,45.4382209777832,0.5794709581430368,72048321,ECCC-01DJ005
ECCC-01DL001,-64.45069122314453,45.58681106567383,0.4932711340999154,72049269,ECCC-01DL001
ECCC-01DP004,-62.78018951416016,45.49739074707031,0.892409944345329,72049050,ECCC-01DP004
ECCC-01DR001,-61.90364074707031,45.55971908569336,0.6340430762600386,72047867,ECCC-01DR001
ECCC-01EA003,-65.86843872070312,43.924560546875,0.5221837370013304,72051771,ECCC-01EA003
ECCC-01EC001,-65.36911010742188,43.83736038208008,0.8983566776084099,72051729,ECCC-01EC001
ECCC-01ED005,-65.205078125,44.3331413269043,0.6664395967808416,72051832,ECCC-01ED005
ECCC-01ED013,-65.24141693115234,44.21541976928711,0.19776918995332457,72051938,ECCC-01ED013
ECCC-01EF001,-64.5911865234375,44.44744110107422,0.8653618164193873,72051848,ECCC-01EF001
ECCC-01EJ001,-63.660438537597656,44.73152923583984,0.9286115815978752,72054595,ECCC-01EJ001
ECCC-01EO001,-61.97991943359375,45.17438888549805,0.0481531488926623,72047019,ECCC-01EO001
ECCC-01FA001,-61.286109924316406,45.72024917602539,0.4317417898865066,72047986,ECCC-01FA001
ECCC-01FB001,-60.97528076171875,46.36896896362305,0.08600790860538475,72041533,ECCC-01FB001
ECCC-01FB003,-61.13692092895508,46.22311019897461,0.4832345234320356,72047652,ECCC-01FB003
ECCC-01FC002,-60.94610977172852,46.641578674316406,0.9773702825535376,72041773,ECCC-01FC002
ECCC-01FE002,-60.53369140625,46.37171936035156,0.101301073618541,72041908,ECCC-01FE002
ECCC-01FF001,-60.94181060791016,46.18999862670898,0.8286466159618143,72046460,ECCC-01FF001
ECCC-02AB006,-89.59500122070312,48.53231048583984,0.4251421760122528,72034426,ECCC-02OA016
ECCC-02AB008,-89.30655670166016,48.38338851928711,0.5013668817264529,72036265,ECCC-02OA016
ECCC-02AB014,-89.17503356933594,48.519561767578125,0.787469327744858,72039443,ECCC-02OA016
ECCC-02AB017,-89.80986022949219,48.292110443115234,0.7997172823368596,72036611,ECCC-02OA016
ECCC-02AB021,-89.24066925048828,48.56243896484375,0.933412383323053,72034667,ECCC-02OA016
ECCC-02AB023,-89.40421295166016,48.32575988769531,0.5922098093339924,72036038,ECCC-02OA016
ECCC-02AC001,-88.53460693359375,48.82168960571289,0.5582603202642396,72030936,ECCC-02OA016
ECCC-02AC002,-88.37686157226562,48.90422058105469,0.5616969668141447,72030584,ECCC-02OA016
ECCC-02AD010,-87.96543884277344,49.59761047363281,0.9607386588611075,72030851,ECCC-02OA016
ECCC-02AD012,-88.35787200927734,49.12269973754883,0.99,72029763,ECCC-02OA016
ECCC-02AE001,-87.69019317626953,48.92599868774414,0.5911923520692789,72030961,ECCC-02OA016
ECCC-02BA003,-86.60722351074219,48.8491096496582,0.21155940334561488,72035055,ECCC-02OA016
ECCC-02BA006,-86.85933685302734,48.8137092590332,0.4524149928354296,72035056,ECCC-02OA016
ECCC-02BB003,-86.2966079711914,48.77407836914063,0.34310283529044405,72035053,ECCC-02OA016
ECCC-02BB004,-85.90794372558594,48.70542144775391,0.8332743296575171,72034969,ECCC-02OA016
ECCC-02BC006,-85.73091888427734,48.1603889465332,0.17578250238075407,72035683,ECCC-02OA016
ECCC-02BC008,-85.89128112792969,48.58782958984375,0.6634048075431254,72034544,ECCC-02OA016
ECCC-02BF001,-84.51555633544922,47.0035285949707,0.4163738946660423,72040848,ECCC-02OA016
ECCC-02BF002,-83.97180938720703,46.860939025878906,0.17783618016289537,72041007,ECCC-02OA016
ECCC-02BF004,-84.46517944335938,46.51588821411133,0.23154232254822424,72043410,ECCC-02OA016
ECCC-02BF014,-84.28478240966797,46.71738815307617,0.878807191995003,72040827,ECCC-02OA016
ECCC-02CA002,-84.28169250488281,46.56285858154297,0.516930383522866,72042549,ECCC-02OA016
ECCC-02CA007,-83.70960998535156,46.53047180175781,0.18906662458614262,72041558,ECCC-02OA016
ECCC-02CB003,-83.41686248779297,46.96841812133789,0.08091944103760729,72040329,ECCC-02OA016
ECCC-02CC005,-83.2829818725586,46.393951416015625,0.8191234912838268,72040837,ECCC-02OA016
ECCC-02CC008,-83.025390625,46.201358795166016,0.7519343212173464,72046281,ECCC-02OA016
ECCC-02CC010,-82.96800231933594,46.58113861083984,0.4637264802992207,72041012,ECCC-02OA016
ECCC-02CD001,-82.51242065429688,46.21078109741211,0.019496816526491795,72046622,ECCC-02OA016
ECCC-02CD006,-82.60028076171875,46.51158142089844,0.99,72043431,ECCC-02OA016
ECCC-02CE002,-82.07080841064453,46.21493911743164,0.9524779545884352,72046805,ECCC-02OA016
ECCC-02CF007,-81.19911193847656,46.58335876464844,0.6675798385095623,72041562,ECCC-02OA016
ECCC-02CF008,-81.03296661376953,46.61016845703125,0.3292402092201697,72042068,ECCC-02OA016
ECCC-02CF010,-81.38197326660156,46.5994987487793,0.9331830077944707,72041139,ECCC-02OA016
ECCC-02CF011,-81.00924682617188,46.68544006347656,0.9264878240276168,72041240,ECCC-02OA016
ECCC-02CF012,-81.09844207763672,46.42731094360352,0.5413166433594708,72041948,ECCC-02OA016
ECCC-02CF014,-80.95713806152344,46.81943893432617,0.03888220432774069,72041240,ECCC-02OA016
ECCC-02DB005,-80.83956146240234,46.34566879272461,0.8513234643236172,72040672,ECCC-02OA016
ECCC-02DB008,-80.92320251464844,46.159969329833984,0.5901180304346196,72046673,ECCC-02OA016
ECCC-02DC004,-80.26325225830078,46.637168884277344,0.7383382418636386,72040780,ECCC-02OA016
ECCC-02DC012,-80.45877838134766,46.97024917602539,0.1577754921490659,72040927,ECCC-02OA016
ECCC-02DC013,-79.66203308105469,46.42760848999024,0.21834866291300922,72041917,ECCC-02OA016
ECCC-02DD010,-80.61164093017578,46.068580627441406,0.8672694781203422,72046858,ECCC-02OA016
ECCC-02DD012,-80.12281036376953,46.4081916809082,0.5412526712045037,72041155,ECCC-02OA016
ECCC-02DD015,-79.60658264160156,45.94918823242188,0.5697356793275389,72049870,ECCC-02OA016
ECCC-02DD026,-80.2652816772461,46.10572052001953,0.6014644326220782,72047491,ECCC-02OA016
ECCC-02DD029,-80.60362243652344,46.01660919189453,0.5353455476985778,72046185,ECCC-02OA016
ECCC-02EA005,-79.37918853759766,45.669471740722656,0.590264259327905,72047573,ECCC-02OA016
ECCC-02EA010,-79.30879211425781,45.70376968383789,0.9400893581305982,72048209,ECCC-02OA016
ECCC-02EA011,-80.48233032226562,45.7730598449707,0.1522550723508091,72047672,ECCC-02OA016
ECCC-02EA018,-79.28797912597656,45.55670166015625,0.15894399712339638,72047283,ECCC-02OA016
ECCC-02EA021,-80.03797149658203,45.55894088745117,0.39671473057505074,72049377,ECCC-02OA016
ECCC-02EB004,-79.27528381347656,45.21286010742188,0.6238051532075695,72047034,ECCC-02OA016
ECCC-02EB008,-79.1135025024414,45.14796829223633,0.38967948664529634,72047079,ECCC-02OA016
ECCC-02EB012,-79.77680969238281,45.02252960205078,0.4541756890894154,72051157,ECCC-02OA016
ECCC-02EB013,-79.15994262695312,45.39271926879883,0.293525933100995,72047288,ECCC-02OA016
ECCC-02EB014,-78.98938751220703,45.31196975708008,0.717511260649634,72047226,ECCC-02OA016
ECCC-02EC002,-79.28160858154297,44.71366882324219,0.4943726994736439,72051294,ECCC-02OA016
ECCC-02EC008,-79.34388732910156,44.26063919067383,0.09731419642750133,72052142,ECCC-02OA016
ECCC-02EC009,-79.48956298828125,44.09492111206055,0.5380279656719137,72052396,ECCC-02OA016
ECCC-02EC011,-79.07083129882812,44.39707946777344,0.05069328425603629,72051928,ECCC-02OA016
ECCC-02EC018,-79.19461059570312,44.26752853393555,0.0729548558979201,72052064,ECCC-02OA016
ECCC-02EC019,-79.049560546875,44.99256134033203,0.3297319377192289,72051426,ECCC-02OA016
ECCC-02EC022,-79.07044219970703,44.7256088256836,0.5472678428875858,72052046,ECCC-02OA016
ECCC-02ED003,-79.82141876220703,44.24980926513672,0.02331265030592969,72051740,ECCC-02OA016
ECCC-02ED007,-79.64375305175781,44.70719146728516,0.7427206794581898,72052534,ECCC-02OA016
ECCC-02ED013,-79.90374755859375,44.6497802734375,0.5587400309394496,72052492,ECCC-02OA016
ECCC-02ED015,-80.07202911376953,44.3073616027832,0.5416565032631633,72052095,ECCC-02OA016
ECCC-02ED024,-79.57827758789062,44.767669677734375,0.37401241190579987,72052119,ECCC-02OA016
ECCC-02ED026,-79.96988677978516,44.024749755859375,0.39820907405536854,72052405,ECCC-02OA016
ECCC-02ED027,-79.96600341796875,44.48500061035156,0.5763990664794406,72051614,ECCC-02OA016
ECCC-02ED029,-79.78096771240234,44.13122177124024,0.3737506980782144,72052115,ECCC-02OA016
ECCC-02ED031,-80.19872283935547,44.50006103515625,0.585442092990227,72053887,ECCC-02OA016
ECCC-02ED032,-79.79949951171875,44.442501068115234,0.4569211250609988,72052132,ECCC-02OA016
ECCC-02ED101,-79.8902816772461,44.11058044433594,0.05657542201276237,72051937,ECCC-02OA016
ECCC-02ED102,-79.89663696289062,44.15250015258789,0.1075640179672301,72051968,ECCC-02OA016
ECCC-02FA001,-81.25605773925781,44.677528381347656,0.035415593111168236,72051711,ECCC-02OA016
ECCC-02FA002,-81.33635711669922,45.03696823120117,0.07195059270823509,72051442,ECCC-02OA016
ECCC-02FA004,-81.17768859863281,44.53553009033203,0.826752978097821,72052065,ECCC-02OA016
ECCC-02FB007,-80.93019104003906,44.52225112915039,0.28647116202313433,72052462,ECCC-02OA016
ECCC-02FB009,-80.46778106689453,44.51985931396485,0.4094978392153605,72051857,ECCC-02OA016
ECCC-02FB010,-80.64849853515625,44.57017135620117,0.6145571291974883,72052372,ECCC-02OA016
ECCC-02FB012,-80.48576354980469,44.46422958374024,0.8823232439895796,72053872,ECCC-02OA016
ECCC-02FB013,-80.53997039794922,44.34614181518555,0.7997271920806682,72052121,ECCC-02OA016
ECCC-02FB014,-80.77652740478516,44.471778869628906,0.430275459790654,72053924,ECCC-02OA016
ECCC-02FC001,-81.3264389038086,44.45647048950195,0.1970237948769697,72051506,ECCC-02OA016
ECCC-02FC002,-81.1153335571289,44.12046813964844,0.7261178905674446,72051598,ECCC-02OA016
ECCC-02FC011,-81.01924896240234,44.1133918762207,0.24815716890044878,72052314,ECCC-02OA016
ECCC-02FC012,-80.98455810546875,44.09869003295898,0.8531747160044109,72051801,ECCC-02OA016
ECCC-02FC015,-81.2691879272461,44.268310546875,0.5217516185816935,72051736,ECCC-02OA016
ECCC-02FC016,-80.78746795654297,44.18542098999024,0.981452987226829,72052131,ECCC-02OA016
ECCC-02FC020,-81.2838134765625,44.0006103515625,0.10061511653776174,72052489,ECCC-02OA016
ECCC-02FC021,-80.92910766601562,44.16106033325195,0.8464597057572251,72053377,ECCC-02OA016
ECCC-02FD002,-81.51344299316406,43.96527862548828,0.919232672863387,72053164,ECCC-02OA016
ECCC-02FD003,-81.63105773925781,44.17280960083008,0.8464476016589368,72052361,ECCC-02OA016
ECCC-02FE002,-81.3264389038086,43.886749267578125,0.016828153528746878,72051324,ECCC-02OA016
ECCC-02FE005,-81.26438903808594,43.91508102416992,0.5129447785290971,72051783,ECCC-02OA016
ECCC-02FE007,-81.25050354003906,43.85438919067383,0.7412142305055924,72051941,ECCC-02OA016
ECCC-02FE008,-81.30689239501953,43.81288909912109,0.7056038515114581,72051402,ECCC-02OA016
ECCC-02FE009,-81.54116821289062,43.68436050415039,0.7198288019740725,72055814,ECCC-02OA016
ECCC-02FE011,-80.89260864257812,43.90380859375,0.26295058105512414,72052364,ECCC-02OA016
ECCC-02FE013,-81.12464141845703,43.71839141845703,0.2679826789462535,72055915,ECCC-02OA016
ECCC-02FE014,-81.46318817138672,43.76033020019531,0.4377898873158689,72055242,ECCC-02OA016
ECCC-02FE015,-81.62619018554688,43.717559814453125,0.99,72055206,ECCC-02OA016
ECCC-02FE016,-81.40131378173828,43.57925033569336,0.18651041508797214,72056194,ECCC-02OA016
ECCC-02FE017,-81.06327819824219,43.89292144775391,0.7122479900198323,72053030,ECCC-02OA016
ECCC-02FF002,-81.65975189208984,43.07191848754883,0.6016764991440616,72055583,ECCC-02OA016
ECCC-02FF007,-81.58953094482422,43.55125045776367,0.01,72055690,ECCC-02OA016
ECCC-02FF008,-81.63150787353516,43.16413116455078,0.5474787016859195,72057171,ECCC-02OA016
ECCC-02FF009,-81.50943756103516,43.36196899414063,0.8007063117536829,72057322,ECCC-02OA016
ECCC-02FF013,-81.44766998291016,43.18056106567383,0.6393050770901333,72056321,ECCC-02OA016
ECCC-02GA003,-80.31575012207031,43.35311126708984,0.01690624057660537,72055097,ECCC-02OA016
ECCC-02GA006,-80.55332946777344,43.54111099243164,0.7613867992572187,72055282,ECCC-02OA016
ECCC-02GA010,-80.45503234863281,43.189720153808594,0.9007150730571583,72055476,ECCC-02OA016
ECCC-02GA014,-80.272216796875,43.86172103881836,0.4313313808771919,72051868,ECCC-02OA016
ECCC-02GA015,-80.2522201538086,43.53371810913086,0.2317851183576504,72055277,ECCC-02OA016
ECCC-02GA016,-80.3409423828125,43.73094177246094,0.5054838846628207,72055346,ECCC-02OA016
ECCC-02GA018,-80.71080780029297,43.377220153808594,0.3946681647483567,72055698,ECCC-02OA016
ECCC-02GA023,-80.50919342041016,43.57992172241211,0.834799540761377,72056241,ECCC-02OA016
ECCC-02GA028,-80.7021713256836,43.65483093261719,0.37135122917291724,72055305,ECCC-02OA016
ECCC-02GA029,-80.1820297241211,43.54777908325195,0.413964557159482,72055944,ECCC-02OA016
ECCC-02GA034,-80.4814682006836,43.58502960205078,0.8631329568507758,72055136,ECCC-02OA016
ECCC-02GA038,-80.83499908447266,43.48389053344727,0.42602530742549416,72055897,ECCC-02OA016
ECCC-02GA040,-80.2699966430664,43.63861083984375,0.07709215694268541,72055295,ECCC-02OA016
ECCC-02GA041,-80.36270141601562,44.14002990722656,0.12443668032363833,72052797,ECCC-02OA016
ECCC-02GA047,-80.33274841308594,43.42185974121094,0.1610414901940505,72055267,ECCC-02OA016
ECCC-02GA048,-80.41703033447266,43.41281127929688,0.7106818851478939,72055112,ECCC-02OA016
ECCC-02GB001,-80.2673110961914,43.132720947265625,0.37693423383651703,72055090,ECCC-02OA016
ECCC-02GB008,-80.38372039794922,43.126251220703125,0.7194544791855864,72055760,ECCC-02OA016
ECCC-02GB010,-79.9498062133789,43.033939361572266,0.8612590796286297,72055982,ECCC-02OA016
ECCC-02GC002,-81.21399688720703,42.77769088745117,0.01,72058086,ECCC-02OA016
ECCC-02GC006,-80.5098876953125,42.83771896362305,0.3662633628895522,72055693,ECCC-02OA016
ECCC-02GC007,-80.53846740722656,42.68561172485352,0.8093083965517236,72055677,ECCC-02OA016
ECCC-02GC008,-80.28943634033203,42.82332992553711,0.2062619103719474,72056106,ECCC-02OA016
ECCC-02GC010,-80.72357940673828,42.8573112487793,0.9880920908301563,72055914,ECCC-02OA016
ECCC-02GC011,-80.44468688964844,42.98680877685547,0.5897413526132244,72056848,ECCC-02OA016
ECCC-02GC018,-81.05693817138672,42.74607849121094,0.6818259611822738,72055908,ECCC-02OA016
ECCC-02GC021,-80.5484390258789,42.653358459472656,0.9579913225674769,72056570,ECCC-02OA016
ECCC-02GC022,-80.076171875,42.80992126464844,0.8450333041245908,72056793,ECCC-02OA016
ECCC-02GC026,-80.84081268310547,42.710670471191406,0.2522385837437506,72055591,ECCC-02OA016
ECCC-02GC029,-81.13471984863281,42.83518981933594,0.03900047000552358,72056000,ECCC-02OA016
ECCC-02GC030,-80.98267364501953,42.77375030517578,0.42633541598938224,72056292,ECCC-02OA016
ECCC-02GC031,-81.26750183105469,42.787391662597656,0.4980744042787717,72056632,ECCC-02OA016
ECCC-02GD001,-81.20858001708984,42.97356033325195,0.36029993472135163,72055542,ECCC-02OA016
ECCC-02GD003,-81.18283081054688,43.04077911376953,0.19177697655461276,72055558,ECCC-02OA016
ECCC-02GD004,-80.99485778808594,43.05910873413086,0.3741465725637633,72055898,ECCC-02OA016
ECCC-02GD005,-81.14562225341797,43.2557487487793,0.046795621365406076,72055687,ECCC-02OA016
ECCC-02GD008,-81.28044128417969,43.013671875,0.8942558192027735,72056019,ECCC-02OA016
ECCC-02GD009,-81.10321807861328,43.27322006225586,0.7800860601388768,72056227,ECCC-02OA016
ECCC-02GD010,-81.23680877685547,43.2204704284668,0.9149054812250537,72057225,ECCC-02OA016
ECCC-02GD014,-81.20677947998047,43.45042037963867,0.14632360507472264,72055921,ECCC-02OA016
ECCC-02GD015,-81.192138671875,43.14931106567383,0.17467186862984108,72055604,ECCC-02OA016
ECCC-02GD016,-80.88616943359375,43.04127883911133,0.02102254631393415,72055670,ECCC-02OA016
ECCC-02GD018,-81.11641693115234,43.34471893310547,0.6891547342428977,72056210,ECCC-02OA016
ECCC-02GD021,-80.69185638427734,43.215309143066406,0.46330205303738176,72055990,ECCC-02OA016
ECCC-02GD027,-80.9546127319336,42.98155975341797,0.9129023198863727,72056781,ECCC-02OA016
ECCC-02GE002,-81.33177947998047,42.962501525878906,0.49543812833473283,72055509,ECCC-02OA016
ECCC-02GE003,-81.96726989746094,42.54486083984375,0.99,72055400,ECCC-02OA016
ECCC-02GE005,-81.35131072998047,42.93410873413086,0.6913994887148319,72056760,ECCC-02OA016
ECCC-02GE006,-81.57746887207031,42.730690002441406,0.6342848764061424,72055407,ECCC-02OA016
ECCC-02GE007,-82.09506225585938,42.38349914550781,0.5227382736544477,72058563,ECCC-02OA016
ECCC-02GE008,-81.41802978515625,42.96599960327149,0.8759467899332072,72056908,ECCC-02OA016
ECCC-02GG002,-81.85172271728516,42.830810546875,0.05355754811495246,72055599,ECCC-02OA016
ECCC-02GG003,-82.00839233398438,42.650611877441406,0.01,72055486,ECCC-02OA016
ECCC-02GG005,-81.62713623046875,42.95885848999024,0.7845895934454246,72056032,ECCC-02OA016
ECCC-02GG006,-82.11911010742188,42.90583038330078,0.8184401187212405,72056882,ECCC-02OA016
ECCC-02GG009,-82.29842376708984,42.81203079223633,0.050448975990730754,72055588,ECCC-02OA016
ECCC-02GH002,-82.62914276123047,42.21149826049805,0.058995304143916495,72058531,ECCC-02OA016
ECCC-02HA006,-79.38324737548828,43.13346862792969,0.2723049459884424,72055624,ECCC-02OA016
ECCC-02HA007,-79.6180191040039,43.02177810668945,0.6658464563341986,72055945,ECCC-02OA016
ECCC-02HA013,-78.91416931152344,42.93027877807617,0.9468680518026273,72054890,ECCC-02OA016
ECCC-02HB001,-80.02288818359375,43.83586120605469,0.01,72052328,ECCC-02OA016
ECCC-02HB004,-79.77677917480469,43.499168395996094,0.6113823475127166,72056014,ECCC-02OA016
ECCC-02HB005,-79.87972259521484,43.51388931274414,0.5868748596682798,72057450,ECCC-02OA016
ECCC-02HB007,-79.96427917480469,43.265419006347656,0.7795694916072353,72055947,ECCC-02OA016
ECCC-02HB008,-79.86627960205078,43.64656066894531,0.9575501330185122,72056058,ECCC-02OA016
ECCC-02HB011,-79.86432647705078,43.4368896484375,0.34148621539708435,72055826,ECCC-02OA016
ECCC-02HB018,-79.92682647705078,43.77357864379883,0.19231141294912557,72055353,ECCC-02OA016
ECCC-02HB022,-79.98811340332031,43.388858795166016,0.7211100358548221,72057383,ECCC-02OA016
ECCC-02HB023,-80.05281066894531,43.28292083740234,0.18000266860922273,72055947,ECCC-02OA016
ECCC-02HB025,-79.85600280761719,43.647579193115234,0.05290739405830697,72055291,ECCC-02OA016
ECCC-02HB029,-79.70874786376953,43.582279205322266,0.46026987610225695,72055271,ECCC-02OA016
ECCC-02HC003,-79.52039337158203,43.69894027709961,0.5702965997840542,72055137,ECCC-02OA016
ECCC-02HC005,-79.40313720703125,43.74024963378906,0.5809655902353819,72055154,ECCC-02OA016
ECCC-02HC009,-79.58441925048828,43.79008102416992,0.9136474705286298,72052069,ECCC-02OA016
ECCC-02HC013,-79.19146728515625,43.77819061279297,0.08066390600972077,72052687,ECCC-02OA016
ECCC-02HC019,-79.05928039550781,43.89128112792969,0.6218063467186494,72052775,ECCC-02OA016
ECCC-02HC022,-79.23355865478516,43.858360290527344,0.3625838964741095,72052519,ECCC-02OA016
ECCC-02HC024,-79.36150360107422,43.68585968017578,0.1129223503195913,72055140,ECCC-02OA016
ECCC-02HC025,-79.62757873535156,43.811309814453125,0.7740677212614151,72051951,ECCC-02OA016
ECCC-02HC028,-79.21627807617188,43.90789031982422,0.34291508024773054,72052807,ECCC-02OA016
ECCC-02HC030,-79.55632781982422,43.601749420166016,0.6704500725044162,72055190,ECCC-02OA016
ECCC-02HC031,-79.67893981933594,43.75836181640625,0.03245439576881513,72055156,ECCC-02OA016
ECCC-02HC033,-79.51969146728516,43.64736175537109,0.6449274401417718,72057680,ECCC-02OA016
ECCC-02HC047,-79.822998046875,43.92850112915039,0.014850004839046412,72052299,ECCC-02OA016
ECCC-02HC049,-79.05610656738281,43.8488883972168,0.05532600443191243,72055351,ECCC-02OA016
ECCC-02HD006,-78.7020034790039,43.92147064208984,0.543879392063671,72052681,ECCC-02OA016
ECCC-02HD008,-78.89153289794922,43.9303092956543,0.030768931903483142,72052697,ECCC-02OA016
ECCC-02HD012,-78.32819366455078,43.99094009399414,0.12417134701292633,72052141,ECCC-02OA016
ECCC-02HD019,-78.18480682373047,43.96487045288086,0.012445108295717327,72055358,ECCC-02OA016
ECCC-02HE002,-77.366943359375,44.027469635009766,0.3585630898325589,72053216,ECCC-02OA016
ECCC-02HF002,-78.81806182861328,44.73183059692383,0.3654486926052808,72051339,ECCC-02OA016
ECCC-02HF003,-78.67752838134766,44.70986175537109,0.6712272920439818,72051121,ECCC-02OA016
ECCC-02HF005,-78.6362075805664,44.81322860717773,0.16470386885959268,72051124,ECCC-02OA016
ECCC-02HJ001,-78.3213882446289,44.30278015136719,0.9380593192168751,72052577,ECCC-02OA016
ECCC-02HJ003,-78.04493713378906,44.29806137084961,0.6237646228622865,72052136,ECCC-02OA016
ECCC-02HJ006,-78.37071990966797,44.30982971191406,0.3162956519345759,72052577,ECCC-02OA016
ECCC-02HK003,-77.68479919433594,44.481571197509766,0.13456955180534733,72051254,ECCC-02OA016
ECCC-02HK005,-77.929443359375,44.8450813293457,0.7523071485297894,72051323,ECCC-02OA016
ECCC-02HK006,-77.69661712646484,44.53522109985352,0.7797545460820124,72051864,ECCC-02OA016
ECCC-02HK007,-77.78703308105469,44.13475036621094,0.2765562089150317,72052635,ECCC-02OA016
ECCC-02HL001,-77.41883087158203,44.25373077392578,0.7445690980491938,72051564,ECCC-02OA016
ECCC-02HL003,-77.3696517944336,44.53960037231445,0.8619618986854757,72051901,ECCC-02OA016
ECCC-02HL004,-77.32813262939453,44.54956817626953,0.5491899730009127,72051656,ECCC-02OA016
ECCC-02HL005,-77.61836242675781,44.49972915649414,0.7195543805476586,72051969,ECCC-02OA016
ECCC-02HL007,-77.31973266601562,44.48846054077149,0.5191169198259024,72051623,ECCC-02OA016
ECCC-02HL008,-77.22749328613281,44.49681091308594,0.01,72052156,ECCC-02OA016
ECCC-02HM002,-76.76235961914062,44.47192001342773,0.9517455959530349,72054207,ECCC-02OA016
ECCC-02HM003,-77.20938110351562,44.2074089050293,0.4435654843360252,72051581,ECCC-02OA016
ECCC-02HM004,-76.8492202758789,44.23942947387695,0.7149012638370119,72053821,ECCC-02OA016
ECCC-02HM005,-76.61255645751953,44.25656127929688,0.10690203384408394,72052278,ECCC-02OA016
ECCC-02HM006,-76.75908660888672,44.22639846801758,0.7757179960604046,72053998,ECCC-02OA016
ECCC-02HM007,-76.8388900756836,44.33467864990234,0.3297934816682785,72051974,ECCC-02OA016
ECCC-02HM010,-76.99295806884766,44.48622894287109,0.8694086026054605,72051763,ECCC-02OA016
ECCC-02KA015,-78.47875213623047,46.27613830566406,0.730539984898477,72040522,ECCC-02OA016
ECCC-02KB001,-77.31288146972656,45.88658142089844,0.7679309545647838,72046898,ECCC-02OA016
ECCC-02KC009,-76.56461334228516,45.4964714050293,0.7959646246618586,72046911,ECCC-02OA016
ECCC-02KC015,-77.10797119140625,45.797889709472656,0.7902653177615188,72047362,ECCC-02OA016
ECCC-02KC018,-77.12510681152344,45.81827926635742,0.85789479792288,72047289,ECCC-02OA016
ECCC-02KD002,-77.84603118896484,45.05213928222656,0.497974893085362,72047166,ECCC-02OA016
ECCC-02KD004,-77.5155029296875,45.32807922363281,0.4353440341404432,72046376,ECCC-02OA016
ECCC-02KF001,-76.28607940673828,45.05327987670898,0.01,72046509,ECCC-02OA016
ECCC-02KF006,-76.12346649169922,45.17633056640625,0.21823998170297884,72046488,ECCC-02OA016
ECCC-02KF010,-76.40088653564453,45.04582977294922,0.47751115469067124,72051418,ECCC-02OA016
ECCC-02KF011,-76.19866943359375,45.417579650878906,0.5419995030298981,72047608,ECCC-02OA016
ECCC-02KF012,-76.26033020019531,45.24544143676758,0.5474877621943541,72047556,ECCC-02OA016
ECCC-02KF013,-76.62993621826172,45.13399887084961,0.021823564990114116,72047775,ECCC-02OA016
ECCC-02KF016,-77.12006378173828,44.843170166015625,0.9513221465524718,72051361,ECCC-02OA016
ECCC-02KF017,-76.9663314819336,44.96844100952149,0.752625196543964,72051385,ECCC-02OA016
ECCC-02KF018,-76.41082763671875,44.94781112670898,0.8566044025846029,72051997,ECCC-02OA016
ECCC-02KF019,-76.53874969482422,44.97193908691406,0.40508186189868933,72051265,ECCC-02OA016
ECCC-02LA004,-75.69696807861328,45.38150024414063,0.4118099048900566,72046481,ECCC-02OA016
ECCC-02LA006,-75.66227722167969,44.9942512512207,0.591518362278939,72046761,ECCC-02OA016
ECCC-02LA007,-75.79061126708984,45.249420166015625,0.15219617524166532,72047191,ECCC-02OA016
ECCC-02LA011,-75.81912231445312,44.949951171875,0.8604256926086511,72051319,ECCC-02OA016
ECCC-02LA024,-76.25250244140625,44.89691925048828,0.28139509216399744,72051693,ECCC-02OA016
ECCC-02LB005,-74.97821807861328,45.51705932617188,0.307969323388247,72046222,ECCC-02OA016
ECCC-02LB006,-75.34378051757812,45.26250076293945,0.5227635414827667,72047474,ECCC-02OA016
ECCC-02LB007,-75.54441833496094,44.84225082397461,0.13542227922036373,72051053,ECCC-02OA016
ECCC-02LB008,-75.1532211303711,45.42599868774414,0.19590529794021103,72047278,ECCC-02OA016
ECCC-02LB020,-75.4127197265625,45.228328704833984,0.9188770448724701,72048064,ECCC-02OA016
ECCC-02LB022,-75.1046371459961,45.19160842895508,0.7796290781698044,72048619,ECCC-02OA016
ECCC-02LB032,-74.44181060791016,45.49142074584961,0.1519568407303769,72047275,ECCC-02OA016
ECCC-02MA001,-76.12322998046875,44.54542922973633,0.26618959848820123,72052475,ECCC-02OA016
ECCC-02MB006,-75.80528259277344,44.525001525878906,0.6351662515379429,72052703,ECCC-02OA016
ECCC-02MC001,-74.63813781738281,45.15547180175781,0.878820493585994,72047350,ECCC-02OA016
ECCC-02MC026,-74.49385833740234,45.27328109741211,0.5518521496841087,72048686,ECCC-02OA016
ECCC-02MC027,-74.86805725097656,45.08060836791992,0.4905521008167105,72048342,ECCC-02OA016
ECCC-02MC028,-74.64385986328125,45.32707977294922,0.924113419375041,72048739,ECCC-02OA016
ECCC-02MC036,-74.601806640625,45.31710815429688,0.09533316730882667,72047616,ECCC-02OA016
ECCC-02OA003,-73.75215911865234,45.66294097900391,0.11719560733828209,72047905,ECCC-02OA003
ECCC-02OA016,-73.62316131591797,45.41500854492188,0.18573441284625689,72045847,ECCC-02OA016
ECCC-02OA033,-73.94792175292969,45.40224838256836,0.21912386922270433,72045942,ECCC-02OA016
ECCC-02OJ007,-73.25843811035156,45.39847183227539,0.40219156372536863,72046250,ECCC-02OJ007
ECCC-02XA003,-61.31694030761719,52.22980880737305,0.5491982246793151,72021217,ECCC-02XA003
ECCC-02YC001,-57.151611328125,50.60747146606445,0.2149917633210491,72026561,ECCC-02YC001
ECCC-02YD002,-56.11169052124024,50.92441940307617,0.978080187054971,72027373,ECCC-02YD002
ECCC-02YE001,-57.57752990722656,50.16231155395508,0.8286155182186316,72027626,ECCC-02YE001
ECCC-02YG001,-57.15942001342773,49.8106689453125,0.032148798590811656,72031106,ECCC-02YG001
ECCC-02YJ001,-58.362640380859375,48.575828552246094,0.3492889802857926,72034863,ECCC-02YJ001
ECCC-02YK002,-57.93310928344727,48.62202835083008,0.2850872955910063,72035799,ECCC-02YL003
ECCC-02YK005,-56.66788864135742,49.33827972412109,0.3008808295785415,72031222,ECCC-02YL003
ECCC-02YL001,-57.36024856567383,49.242919921875,0.32805177602504587,72030611,ECCC-02YL003
ECCC-02YL003,-57.76057815551758,48.98286056518555,0.6459351180504712,72029805,ECCC-02YL003
ECCC-02YL004,-57.611419677734375,49.01227951049805,0.6987878045016279,72032343,ECCC-02YL003
ECCC-02YL008,-57.29449844360352,49.61825180053711,0.6691086001281681,72031125,ECCC-02YL003
ECCC-02YL012,-57.82775115966797,48.95318984985352,0.94560209697883,72032295,ECCC-02YL012
ECCC-02YM003,-56.22214126586914,49.893531799316406,0.7259735578295151,72034028,ECCC-02YM003
ECCC-02YN002,-57.82814025878906,48.23981094360352,0.43572305520795296,72035654,ECCC-02YO018
ECCC-02YN004,-57.31135940551758,48.62731170654297,0.768020560976198,72039673,ECCC-02YO018
ECCC-02YO006,-55.39669036865234,49.10382843017578,0.1945960162096785,72031513,ECCC-02YO006
ECCC-02YO008,-55.528690338134766,48.8266716003418,0.7374958306460353,72030415,ECCC-02YO008
ECCC-02YO011,-56.26966857910156,48.84439086914063,0.16215533602221,72030115,ECCC-02YO018
ECCC-02YO012,-55.05199813842773,49.21607971191406,0.02111502088915713,72032697,ECCC-02YO012
ECCC-02YO013,-56.03435897827149,48.97494125366211,0.9471341634093945,72030106,ECCC-02YO018
ECCC-02YO016,-56.58242034912109,48.76007843017578,0.1389162284042679,72030135,ECCC-02YO018
ECCC-02YO018,-55.7923583984375,48.94321823120117,0.5976672370200871,72030097,ECCC-02YO018
ECCC-02YQ001,-54.85066986083984,49.01628112792969,0.11052156881319915,72030124,ECCC-02YQ001
ECCC-02YQ005,-54.91688919067383,49.01128005981445,0.9387026083131307,72032368,ECCC-02YQ001
ECCC-02YR001,-54.22256088256836,48.80738830566406,0.033729114170539684,72032058,ECCC-02YR001
ECCC-02YR003,-53.88566970825195,49.04217147827149,0.4415347721565953,72030930,ECCC-02YR003
ECCC-02YR004,-54.5860595703125,48.60391998291016,0.8386901777788743,72036545,ECCC-02YR004
ECCC-02YS005,-54.01525115966797,48.66275024414063,0.30789581661917803,72035170,ECCC-02YS005
ECCC-02YS006,-54.20042037963867,48.39699935913086,0.024822350329013212,72035536,ECCC-02YS006
ECCC-02ZA002,-58.7835807800293,48.10839080810547,0.8762317304793377,72038162,ECCC-02ZA002
ECCC-02ZB001,-59.00978088378906,47.61333084106445,0.5325138135947818,72036257,ECCC-02ZB001
ECCC-02ZC002,-57.73318862915039,47.8560791015625,0.4967029175334829,72036322,ECCC-02ZC002
ECCC-02ZC003,-57.2760009765625,47.800968170166016,0.8864608745940561,72035284,ECCC-02ZC003
ECCC-02ZD002,-56.93399810791016,47.743309020996094,0.08841786358638101,72035259,ECCC-02ZD002
ECCC-02ZE004,-55.48281097412109,48.16875076293945,0.2605844177557529,72036733,ECCC-02ZE004
ECCC-02ZF001,-55.44021987915039,47.746829986572266,0.32878008715875595,72035479,ECCC-02ZF001
ECCC-02ZG003,-55.77619171142578,46.877811431884766,0.28402582062866866,72042181,ECCC-02ZG003
ECCC-02ZG004,-54.85303115844727,47.45003128051758,0.9775120071343625,72045751,ECCC-02ZG004
ECCC-02ZH001,-54.28432846069336,47.94667053222656,0.9731112005470482,72035620,ECCC-02ZH001
ECCC-02ZH002,-53.94866943359375,47.91875076293945,0.7578557282439872,72037921,ECCC-02ZH002
ECCC-02ZJ001,-53.6739387512207,48.38066864013672,0.21567315154085392,72038815,ECCC-02ZJ001
ECCC-02ZJ002,-53.30160903930664,48.39591979980469,0.06331511553118949,72039094,ECCC-02ZJ002
ECCC-02ZJ003,-54.04964065551758,48.22016906738281,0.38955998959266047,72038500,ECCC-02ZJ003
ECCC-02ZK001,-53.56861114501953,47.22711181640625,0.08441976892010512,72041714,ECCC-02ZK001
ECCC-02ZK002,-53.83871841430664,47.27397155761719,0.4119290417159498,72045518,ECCC-02ZK002
ECCC-02ZK004,-53.731781005859375,47.121829986572266,0.614005929883218,72042081,ECCC-02ZK004
ECCC-02ZM008,-52.745059967041016,47.52906036376953,0.6678359491194302,72036943,ECCC-02ZM008
ECCC-02ZM009,-52.97257995605469,46.84627914428711,0.39013964015343183,72044349,ECCC-02ZM009
ECCC-03NE001,-62.16144180297852,56.373138427734375,0.484416602052843,72007598,ECCC-03NE001
ECCC-03NF001,-61.30168914794922,55.23413848876953,0.07605400733116241,72009146,ECCC-03NF001
ECCC-03OA005,-66.78543853759766,53.151668548583984,0.787695914440949,72017105,ECCC-03OE014
ECCC-03OA015,-66.83672332763672,52.96335983276367,0.6933479228985453,72018128,ECCC-03OE014
ECCC-03OD008,-64.11502838134766,53.52463912963867,0.3797669625606627,72016786,ECCC-03OE014
ECCC-03OD009,-63.28491973876953,53.239559173583984,0.8536567865143175,72016303,ECCC-03OE014
ECCC-03OD010,-63.94541931152344,53.50410842895508,0.38939522666553555,72016310,ECCC-03OE014
ECCC-03OE014,-60.67525100708008,53.237579345703125,0.8585076692798744,72016271,ECCC-03OE014
ECCC-03QC001,-57.49385833740234,53.534278869628906,0.8340379541395995,72016722,ECCC-03QC001
ECCC-03QC002,-56.871219635009766,52.64860916137695,0.5999867565872382,72016400,ECCC-03QC002
ECCC-04AA004,-95.12000274658205,54.85639190673828,0.4273269010110008,71011592,ECCC-04AB001
ECCC-04AB001,-92.80917358398438,56.41667175292969,0.5578839120063929,71004424,ECCC-04AB001
ECCC-04AD002,-92.09485626220705,55.85036087036133,0.04773875144072947,71007626,ECCC-04AB001
ECCC-04CA002,-91.51022338867188,53.48947143554688,0.10989612663598639,71016528,ECCC-04CA002
ECCC-04CA003,-92.51351928710938,52.65536117553711,0.41154266124181654,71023019,ECCC-04CA002
ECCC-04CB001,-91.79161071777344,53.350189208984375,0.46855532698114005,71016544,ECCC-04CA002
ECCC-04DA001,-90.18669128417967,52.58058166503906,0.04957602103909908,71021952,ECCC-04DC001
ECCC-04DA002,-87.68946075439453,52.9597282409668,0.20963810380600395,71016379,ECCC-04DC001
ECCC-04DB001,-87.9533920288086,53.71175003051758,0.5633236021325089,71017230,ECCC-04DC001
ECCC-04DC001,-87.22769165039062,54.499610900878906,0.2382978605066438,71011387,ECCC-04DC001
ECCC-04DC002,-85.65152740478516,54.28974914550781,0.9251676437259118,71011810,ECCC-04DC002
ECCC-04EA001,-84.91808319091797,53.80611038208008,0.4583088167244644,71016791,ECCC-04EA001
ECCC-04FA001,-89.60214233398438,51.82324981689453,0.08980202097026392,71027647,ECCC-04FC001
ECCC-04FA002,-89.88691711425781,51.64831161499024,0.7519470706558813,71028573,ECCC-04FC001
ECCC-04FB001,-87.05638885498047,52.08578109741211,0.337678559178655,71021864,ECCC-04FC001
ECCC-04FC001,-85.07225036621094,53.09130859375,0.902753635500172,71016535,ECCC-04FC001
ECCC-04FC003,-86.24056243896484,52.86666870117188,0.4609464093369006,71022612,ECCC-04FC001
ECCC-04GA002,-91.5945816040039,51.17377853393555,0.7720455102163433,71027932,ECCC-04HA002
ECCC-04GA003,-90.19795989990234,51.03739929199219,0.1328758302814177,71027773,ECCC-04HA002
ECCC-04GB004,-88.93161010742188,50.8684196472168,0.5823559719312813,71034244,ECCC-04HA002
ECCC-04GB005,-90.580810546875,49.61130905151367,0.1926458669681229,71040396,ECCC-04GB005
ECCC-04GC002,-89.42227935791016,51.366580963134766,0.9743238935923902,71027610,ECCC-04HA002
ECCC-04GD001,-86.39099884033203,51.64152908325195,0.04927833548518595,71027552,ECCC-04HA002
ECCC-04HA001,-83.83332824707031,51.33055877685547,0.17490799625332024,71027403,ECCC-04HA002
ECCC-04HA002,-82.97541809082031,51.85380935668945,0.024572166277833974,71027391,ECCC-04HA002
ECCC-04JC002,-84.53694152832031,49.77288818359375,0.3277492742750257,71040168,ECCC-04HA002
ECCC-04JD005,-85.22618865966797,49.764190673828125,0.013162604514851208,71040195,ECCC-04HA002
ECCC-04JF001,-86.53624725341797,50.66119003295898,0.24599105183903314,71033879,ECCC-04HA002
ECCC-04JG001,-84.38153076171875,50.42285919189453,0.5954204799215929,71033723,ECCC-04HA002
ECCC-04KA001,-80.86393737792969,51.160831451416016,0.8728586697000275,71027938,ECCC-04KA001
ECCC-04LA002,-81.44835662841797,48.4043083190918,0.26582990857204397,71043999,ECCC-04LG004
ECCC-04LA003,-81.58016967773438,48.32971954345703,0.26374969688207495,71044281,ECCC-04LG004
ECCC-04LA004,-81.3326416015625,48.34505844116211,0.7360659435763902,71045012,ECCC-04LG004
ECCC-04LA006,-81.8487777709961,47.49610900878906,0.39616352620598155,71047871,ECCC-04LG004
ECCC-04LB002,-81.63033294677734,48.62664031982422,0.812655800319251,71043987,ECCC-04LG004
ECCC-04LC003,-82.44380950927734,48.25020980834961,0.8127279199319278,71043880,ECCC-04LG004
ECCC-04LD001,-82.04142761230469,49.31084060668945,0.7800358644946124,71039452,ECCC-04LG004
ECCC-04LE002,-83.0606918334961,47.93817138671875,0.7103410219971997,71047401,ECCC-04LG004
ECCC-04LF001,-82.43994140625,49.41442108154297,0.9115908631379395,71039532,ECCC-04LG004
ECCC-04LG004,-81.4513931274414,50.75157928466797,0.0866909886620982,71033624,ECCC-04LG004
ECCC-04LJ001,-83.26777648925781,49.61108016967773,0.8102174706981217,71039779,ECCC-04LG004
ECCC-04LK001,-83.65679931640625,49.68281173706055,0.1405854641817914,71040244,ECCC-04LG004
ECCC-04LM001,-82.09100341796875,50.58544158935547,0.1525583912164095,71034041,ECCC-04LG004
ECCC-04ME003,-81.41464233398438,50.60292053222656,0.64570456749882,71033962,ECCC-04ME003
ECCC-04MF001,-80.76407623291016,51.07672119140625,0.7698889094029031,71027904,ECCC-04MF001
ECCC-05AA008,-114.41063690185548,49.59732055664063,0.834957748370166,71040972,ECCC-05KJ001
ECCC-05AA011,-114.13423919677734,49.46950912475586,0.7470669931908756,71041176,ECCC-05KJ001
ECCC-05AA022,-114.14437866210938,49.4886589050293,0.9694615579266154,71040646,ECCC-05KJ001
ECCC-05AA024,-113.82272338867188,49.55781173706055,0.6149227556380646,71039850,ECCC-05KJ001
ECCC-05AA027,-114.42059326171876,49.83779144287109,0.5248662058982098,71041142,ECCC-05KJ001
ECCC-05AA028,-114.33989715576172,49.3974494934082,0.07033067027541832,71040771,ECCC-05KJ001
ECCC-05AA035,-114.08648681640624,49.72769165039063,0.010311203343170585,71039885,ECCC-05KJ001
ECCC-05AB021,-113.71484375,50.01852035522461,0.8745903180449415,71035039,ECCC-05KJ001
ECCC-05AB041,-113.84662628173828,50.12910079956055,0.7214758023952932,71035197,ECCC-05KJ001
ECCC-05AB045,-113.75108337402344,50.12017822265625,0.9394221691190004,71037107,ECCC-05KJ001
ECCC-05AC003,-113.1181869506836,50.12765121459961,0.5796645576544556,71034930,ECCC-05KJ001
ECCC-05AC012,-112.72277069091795,50.171199798583984,0.12278976615088803,71033588,ECCC-05KJ001
ECCC-05AC023,-112.50553131103516,49.89987182617188,0.8004565976002118,71039387,ECCC-05KJ001
ECCC-05AC031,-113.55413818359376,50.25185012817383,0.6294629395497588,71035227,ECCC-05KJ001
ECCC-05AD003,-113.8394012451172,49.1136589050293,0.9162918779688936,71039979,ECCC-05KJ001
ECCC-05AD005,-113.69772338867188,49.09960174560547,0.284072897754243,71039992,ECCC-05KJ001
ECCC-05AD007,-112.86287689208984,49.70941925048828,0.1942995554050175,71039671,ECCC-05KJ001
ECCC-05AD010,-113.79424285888672,49.294410705566406,0.17383563759836385,71040910,ECCC-05KJ001
ECCC-05AD028,-113.48477935791016,49.4333610534668,0.6733747203895183,71039864,ECCC-05KJ001
ECCC-05AD041,-113.48043823242188,49.35211944580078,0.5065248622047905,71039882,ECCC-05KJ001
ECCC-05AE006,-112.84671020507812,49.57345962524414,0.26982278411850436,71039680,ECCC-05KJ001
ECCC-05AG006,-111.8000030517578,49.91889190673828,0.811457210787905,71039375,ECCC-05KJ001
ECCC-05AJ001,-110.67754364013672,50.042091369628906,0.8430837382895032,71033569,ECCC-05KJ001
ECCC-05BA001,-116.1889419555664,51.4286003112793,0.7497854118285111,71029071,ECCC-05KJ001
ECCC-05BA002,-116.1749496459961,51.43310928344727,0.9393296117976813,71029992,ECCC-05KJ001
ECCC-05BB001,-115.57176971435548,51.1722297668457,0.5471227912189028,71028585,ECCC-05KJ001
ECCC-05BC001,-115.5544662475586,51.1601791381836,0.07989648822124124,71028221,ECCC-05KJ001
ECCC-05BG006,-114.83840942382812,51.28281021118164,0.99,71029391,ECCC-05KJ001
ECCC-05BG010,-114.92552947998048,51.2700309753418,0.32571436085811983,71028968,ECCC-05KJ001
ECCC-05BH004,-114.05146026611328,51.050270080566406,0.9663272660012673,71027942,ECCC-05KJ001
ECCC-05BH005,-114.4664306640625,51.17374038696289,0.08941610225267847,71027957,ECCC-05KJ001
ECCC-05BH015,-114.56749725341795,51.12831115722656,0.701621662835224,71028097,ECCC-05KJ001
ECCC-05BJ001,-114.09320068359376,51.01279067993164,0.722356693289124,71027787,ECCC-05KJ001
ECCC-05BJ004,-114.56986236572266,50.948509216308594,0.99,71035317,ECCC-05KJ001
ECCC-05BJ010,-114.16989135742188,50.993499755859375,0.3686387429185624,71027787,ECCC-05KJ001
ECCC-05BK001,-114.32684326171876,50.88547134399414,0.01637923859595641,71035521,ECCC-05KJ001
ECCC-05BL004,-113.8693618774414,50.58562850952149,0.6538462300079111,71034975,ECCC-05KJ001
ECCC-05BL012,-113.97347259521484,50.7238883972168,0.40190460938263245,71035012,ECCC-05KJ001
ECCC-05BL013,-114.27873992919922,50.7711296081543,0.8377005521445504,71035375,ECCC-05KJ001
ECCC-05BL014,-114.24491119384766,50.68854904174805,0.5788638555268897,71035188,ECCC-05KJ001
ECCC-05BL019,-114.50071716308594,50.405059814453125,0.4097163194314416,71035362,ECCC-05KJ001
ECCC-05BL022,-114.58870697021484,50.28525924682617,0.4785408532267919,71036132,ECCC-05KJ001
ECCC-05BL023,-114.2072982788086,50.47409057617188,0.734437073496769,71035810,ECCC-05KJ001
ECCC-05BL024,-113.82266998291016,50.782501220703125,0.5763608705329162,71034914,ECCC-05KJ001
ECCC-05BL027,-114.42236328125,50.47761154174805,0.9860739759466445,71037856,ECCC-05KJ001
ECCC-05BM002,-113.44483184814452,50.82281875610352,0.05603524211898047,71033951,ECCC-05KJ001
ECCC-05BM004,-112.54225158691406,50.75017929077149,0.6688957867227772,71033882,ECCC-05KJ001
ECCC-05BM008,-112.76304626464844,50.83462142944336,0.7381436291427893,71033974,ECCC-05KJ001
ECCC-05BN002,-111.6654281616211,50.14937973022461,0.815383861636109,71034951,ECCC-05KJ001
ECCC-05BN012,-111.5909194946289,50.04727935791016,0.6538839077057506,71039558,ECCC-05KJ001
ECCC-05CA002,-114.66619110107422,51.92483139038086,0.4635746421438956,71028727,ECCC-05KJ001
ECCC-05CA004,-115.41056060791016,51.6605110168457,0.6903363193674763,71028847,ECCC-05KJ001
ECCC-05CA009,-115.01924896240234,51.6462516784668,0.4562837358236971,71028598,ECCC-05KJ001
ECCC-05CA012,-114.65450286865234,51.73670959472656,0.7905691026758632,71028734,ECCC-05KJ001
ECCC-05CB001,-114.14028930664062,52.02824020385742,0.1715137523245401,71022302,ECCC-05KJ001
ECCC-05CB002,-114.67096710205078,51.51147079467773,0.9714562041769482,71029434,ECCC-05KJ001
ECCC-05CB004,-114.47747802734376,52.08927917480469,0.22280247601635306,71022220,ECCC-05KJ001
ECCC-05CB007,-114.21858215332033,52.058349609375,0.6107607222741372,71022198,ECCC-05KJ001
ECCC-05CC002,-113.82311248779295,52.2705307006836,0.805782892427032,71022153,ECCC-05KJ001
ECCC-05CC007,-114.34416961669922,52.31956100463867,0.5997091243604767,71022780,ECCC-05KJ001
ECCC-05CE001,-112.71148681640624,51.46726989746094,0.08539319084194606,71027742,ECCC-05KJ001
ECCC-05CE005,-113.01129913330078,51.29354095458984,0.10522049817873041,71028016,ECCC-05KJ001
ECCC-05CK004,-110.29949951171876,50.90269088745117,0.940626153071886,71033887,ECCC-05KJ001
ECCC-05DA007,-116.68919372558594,51.88426971435547,0.5305961319308193,71029794,ECCC-05KJ001
ECCC-05DA009,-116.47093200683594,52.00119018554688,0.41223302614097057,71021680,ECCC-05KJ001
ECCC-05DB002,-114.9291763305664,52.27386093139648,0.7558248555625842,71023021,ECCC-05KJ001
ECCC-05DB005,-115.28791809082033,52.25457000732422,0.09415006787043041,71023704,ECCC-05KJ001
ECCC-05DB006,-114.85581970214844,52.25210189819336,0.5812386116861783,71021905,ECCC-05KJ001
ECCC-05DC001,-114.94132232666016,52.37670135498047,0.14226573584485544,71021640,ECCC-05KJ001
ECCC-05DC011,-115.9992904663086,52.282958984375,0.06009390883925465,71023273,ECCC-05KJ001
ECCC-05DD004,-116.36080932617188,52.76396179199219,0.7474729655670771,71026598,ECCC-05KJ001
ECCC-05DD007,-116.5562515258789,52.8815803527832,0.277081031060387,71022663,ECCC-05KJ001
ECCC-05DD009,-115.520263671875,52.819969177246094,0.7805037471109317,71022852,ECCC-05KJ001
ECCC-05DE007,-115.01101684570312,52.929908752441406,0.20834643038431627,71017098,ECCC-05KJ001
ECCC-05DE010,-114.7579574584961,53.31547927856445,0.19744054214018586,71016430,ECCC-05KJ001
ECCC-05DF001,-113.4854965209961,53.537208557128906,0.8787930893000787,71016411,ECCC-05KJ001
ECCC-05EA001,-113.28235626220705,53.83275985717773,0.42703175364034524,71017288,ECCC-05KJ001
ECCC-05EE007,-110.3988037109375,53.49161911010742,0.9786874896125946,71017242,ECCC-05KJ001
ECCC-05EF001,-109.61788940429688,53.52318954467773,0.9275854930271932,71016325,ECCC-05KJ001
ECCC-05FC001,-112.3416519165039,52.57405853271485,0.5856403732039694,71021703,ECCC-05KJ001
ECCC-05FC008,-111.4114227294922,52.40182113647461,0.30381323711270514,71021691,ECCC-05KJ001
ECCC-05FE004,-110.01934051513672,52.856441497802734,0.049311260767123964,71021585,ECCC-05KJ001
ECCC-05GD001,-107.14800262451172,52.37221908569336,0.8830056447870285,71021495,ECCC-05KJ001
ECCC-05GG001,-105.77249908447266,53.203460693359375,0.5191271096770737,71016300,ECCC-05KJ001
ECCC-05HD039,-107.65860748291016,50.49388885498047,0.3540222555655502,71034043,ECCC-05KJ001
ECCC-05HG001,-106.6443099975586,52.14067077636719,0.48807538728145305,71021602,ECCC-05KJ001
ECCC-05JF001,-104.86678314208984,50.65047073364258,0.6270412152590911,71033888,ECCC-05OJ005
ECCC-05JF005,-104.90978240966795,50.63555908203125,0.8397229594478044,71033890,ECCC-05OJ005
ECCC-05JG004,-105.84014129638672,50.783329010009766,0.8895502823217851,71034088,ECCC-05OJ005
ECCC-05JJ003,-105.23811340332033,51.64986038208008,0.6651810208741523,71027518,ECCC-05OJ005
ECCC-05JK002,-104.79792022705078,50.7065315246582,0.01,71033764,ECCC-05OJ005
ECCC-05JK007,-104.28272247314452,50.78781127929688,0.01,71033571,ECCC-05OJ005
ECCC-05JM001,-101.55856323242188,50.49127960205078,0.5268383991552593,71033499,ECCC-05OJ005
ECCC-05KD003,-103.29872131347656,53.7071418762207,0.7911527516134872,71016283,ECCC-05KJ001
ECCC-05KD007,-105.06832885742188,53.24610900878906,0.3885893112819662,71016296,ECCC-05KJ001
ECCC-05KE010,-104.61963653564452,53.86497116088867,0.12141058593142054,71016932,ECCC-05KJ001
ECCC-05KH007,-102.1037826538086,53.61368942260742,0.11932556049066201,71016613,ECCC-05KJ001
ECCC-05KJ001,-101.2087173461914,53.83805847167969,0.5201343828004207,71016259,ECCC-05KJ001
ECCC-05LC001,-102.19506072998048,52.85947036743164,0.12848613181756968,71022172,ECCC-05LM006
ECCC-05LC004,-101.04939270019533,52.87628173828125,0.34781094453409034,71021822,ECCC-05LM006
ECCC-05LD001,-101.10250091552734,53.14294052124024,0.7187323855704616,71017373,ECCC-05LM006
ECCC-05LE004,-101.14160919189452,52.25968933105469,0.744902290214787,71022190,ECCC-05LM006
ECCC-05LE005,-101.06085968017578,52.15098190307617,0.6690220392544889,71022254,ECCC-05LM006
ECCC-05LE006,-101.06082916259766,52.19599914550781,0.3038483400159108,71021994,ECCC-05LM006
ECCC-05LG004,-100.64994049072266,52.03133010864258,0.085574661676479,71027420,ECCC-05LM006
ECCC-05LH005,-99.54617309570312,51.8484992980957,0.45904581351793106,71027360,ECCC-05LM006
ECCC-05LJ005,-99.78807830810548,51.05149841308594,0.11618861207594505,71028264,ECCC-05LM006
ECCC-05LJ007,-99.52674865722656,50.94881057739258,0.5138993467069466,71035391,ECCC-05LM006
ECCC-05LJ010,-100.01653289794922,51.282470703125,0.3476960092626271,71028482,ECCC-05LM006
ECCC-05LJ012,-100.01611328125,51.18746948242188,0.20307223360924237,71028153,ECCC-05LM006
ECCC-05LJ025,-99.97107696533205,51.4503288269043,0.6795628708783822,71027967,ECCC-05LM006
ECCC-05LJ045,-100.3324966430664,51.1561393737793,0.7289240662763196,71028150,ECCC-05LM006
ECCC-05LL002,-98.58406066894533,50.13494110107422,0.7545772787349753,71033684,ECCC-05LM006
ECCC-05LL005,-99.10997009277344,50.185279846191406,0.5378868752499131,71033693,ECCC-05LM006
ECCC-05LM001,-98.71180725097656,51.58732986450195,0.976525807491098,71027316,ECCC-05LM006
ECCC-05LM006,-98.32978057861328,52.001949310302734,0.5315036700799418,71027302,ECCC-05LM006
ECCC-05MA012,-104.49983215332033,52.05683135986328,0.3860110098369863,71023118,ECCC-05MA012
ECCC-05MA025,-104.78925323486328,52.4055290222168,0.9046809052625724,71025380,ECCC-05MA025
ECCC-05MB001,-102.50472259521484,51.38050079345703,0.6908661327064672,71027652,ECCC-05OJ005
ECCC-05MB003,-102.36981201171876,51.6362190246582,0.05937133210218725,71027628,ECCC-05OJ005
ECCC-05MC001,-102.54694366455078,51.939720153808594,0.022502675570934584,71027875,ECCC-05OJ005
ECCC-05MD004,-101.91655731201172,51.56489181518555,0.3811332590058641,71027606,ECCC-05OJ005
ECCC-05MD005,-101.31877136230467,50.963340759277344,0.0316746631714263,71034318,ECCC-05OJ005
ECCC-05MD007,-101.25621795654295,51.36191940307617,0.7611854643713267,71028632,ECCC-05OJ005
ECCC-05ME001,-101.43536376953124,50.81005096435547,0.01,71033804,ECCC-05OJ005
ECCC-05ME003,-100.9524917602539,50.53472900390625,0.19335335913258886,71035103,ECCC-05OJ005
ECCC-05ME006,-101.0379409790039,50.11061096191406,0.7267692385757514,71033487,ECCC-05OJ005
ECCC-05ME007,-101.57875061035156,50.83282852172852,0.39363579775133695,71034538,ECCC-05OJ005
ECCC-05ME010,-101.25641632080078,50.62294006347656,0.4141907233645745,71035452,ECCC-05OJ005
ECCC-05MF001,-99.90753173828124,50.35881042480469,0.0313913388906317,71034931,ECCC-05OJ005
ECCC-05MF018,-100.20774841308594,50.02360916137695,0.13563660562967259,71040070,ECCC-05OJ005
ECCC-05MF024,-100.24893951416016,50.68999862670898,0.10971346396072847,71035250,ECCC-05OJ005
ECCC-05MH001,-99.96157836914062,49.8614387512207,0.5709931011244684,71039353,ECCC-05OJ005
ECCC-05MH005,-98.88955688476562,49.698638916015625,0.09441537055167526,71039333,ECCC-05OJ005
ECCC-05MJ001,-97.40528106689452,49.86827850341797,0.45638800884901454,71039304,ECCC-05OJ005
ECCC-05MJ003,-98.27371978759766,49.93777847290039,0.05418683919428271,71039328,ECCC-05OJ005
ECCC-05NB036,-103.0831069946289,49.14339065551758,0.9215220978121977,71039586,ECCC-05OJ005
ECCC-05NB040,-103.67749786376952,49.53121948242188,0.3788299819635079,71039619,ECCC-05OJ005
ECCC-05ND010,-102.17194366455078,49.52278137207031,0.10185767740953039,71039826,ECCC-05OJ005
ECCC-05ND013,-102.22930908203124,49.24803161621094,0.19351228969113374,71039817,ECCC-05OJ005
ECCC-05NF001,-100.97708129882812,49.26667022705078,0.49249234484788285,71039449,ECCC-05OJ005
ECCC-05NF002,-101.04891967773438,49.05727005004883,0.9407061171808421,71039798,ECCC-05OJ005
ECCC-05NG001,-99.67864227294922,49.59693908691406,0.8541637399187042,71039391,ECCC-05OJ005
ECCC-05NG003,-100.96286010742188,49.59603118896485,0.8491471091656007,71039666,ECCC-05OJ005
ECCC-05NG007,-100.3034210205078,49.62583160400391,0.8002314619046316,71039577,ECCC-05OJ005
ECCC-05NG021,-100.24594116210938,49.61968994140625,0.99,71039405,ECCC-05OJ005
ECCC-05NG024,-101.39778137207033,49.84175109863281,0.2656661202147373,71039666,ECCC-05OJ005
ECCC-05OB001,-98.67938995361328,49.232059478759766,0.9707861525650858,71039697,ECCC-05OJ005
ECCC-05OB007,-98.27742767333984,49.03142166137695,0.10846305038630238,71043977,ECCC-05OJ005
ECCC-05OB016,-98.60350036621094,49.02030944824219,0.01,71039989,ECCC-05OJ005
ECCC-05OB019,-98.8401870727539,49.36381149291992,0.8538646144755697,71039710,ECCC-05OJ005
ECCC-05OB023,-99.0344696044922,49.22161102294922,0.05389302331360237,71039721,ECCC-05OJ005
ECCC-05OC001,-97.2238311767578,49.00374984741211,0.5128091185730026,71039327,ECCC-05OJ005
ECCC-05OC008,-97.13522338867188,49.78472137451172,0.18737742098248683,71039311,ECCC-05OJ005
ECCC-05OC012,-97.18174743652344,49.56700134277344,0.6419082933374881,71039317,ECCC-05OJ005
ECCC-05OC019,-97.40339660644533,49.19126892089844,0.6709864514073623,71039528,ECCC-05OJ005
ECCC-05OD001,-96.98445129394533,49.19124984741211,0.8810777394878083,71039443,ECCC-05OJ005
ECCC-05OD004,-96.68453216552734,49.08942031860352,0.11124870989086857,71039455,ECCC-05OJ005
ECCC-05OE001,-97.00921630859376,49.46192169189453,0.2931067360241902,71040212,ECCC-05OJ005
ECCC-05OE004,-96.28713989257812,49.209808349609375,0.07658659250664518,71040867,ECCC-05OJ005
ECCC-05OE006,-96.90628051757812,49.635440826416016,0.19483801628566702,71040666,ECCC-05OJ005
ECCC-05OE010,-97.15593719482422,49.50239181518555,0.1965332508971389,71040669,ECCC-05OJ005
ECCC-05OE011,-96.98764038085938,49.69493865966797,0.05972939279781438,71040332,ECCC-05OJ005
ECCC-05OF003,-97.94461059570312,49.51747131347656,0.864528236207139,71040258,ECCC-05OJ005
ECCC-05OF011,-98.41443634033205,49.54528045654297,0.663038337558333,71040532,ECCC-05OJ005
ECCC-05OF014,-97.42247009277344,49.35483932495117,0.8414250795784003,71040347,ECCC-05OJ005
ECCC-05OF020,-97.4816665649414,49.490081787109375,0.1735495906565757,71040142,ECCC-05OJ005
ECCC-05OF024,-97.47686004638672,49.45743942260742,0.34817267984180617,71040283,ECCC-05OJ005
ECCC-05OF026,-97.8001708984375,49.57596969604492,0.011476469195458945,71040183,ECCC-05OJ005
ECCC-05OG001,-97.43205261230467,49.68000030517578,0.8698720407349844,71043279,ECCC-05OJ005
ECCC-05OH007,-96.60877227783205,49.6436882019043,0.01,71040557,ECCC-05OJ005
ECCC-05OH009,-96.95807647705078,49.77241897583008,0.6794368467824857,71040425,ECCC-05OJ005
ECCC-05OJ005,-96.8661880493164,50.1456413269043,0.845568387406196,71033437,ECCC-05OJ005
ECCC-05PB014,-92.7238311767578,48.8502197265625,0.4500393240178963,71043885,ECCC-05PE028
ECCC-05PB018,-91.5840835571289,48.75196838378906,0.48040943215213094,71044635,ECCC-05PE028
ECCC-05PC023,-94.18480682373048,48.797950744628906,0.42888607854906347,71045124,ECCC-05PE028
ECCC-05PE028,-94.52410888671876,49.77708053588867,0.11511271738616767,71039406,ECCC-05PE028
ECCC-05PG001,-95.50666809082033,50.03491973876953,0.05521113904084912,71034502,ECCC-05PG001
ECCC-05PH003,-95.9568328857422,49.93878173828125,0.5403680335451817,71040188,ECCC-05PH003
ECCC-05PH007,-95.78916931152344,49.67972183227539,0.4418363576514203,71040496,ECCC-05PH003
ECCC-05PJ001,-95.41425323486328,50.46281051635742,0.7169607047974257,71034980,ECCC-05PJ001
ECCC-05QA004,-91.5407485961914,50.16727828979492,0.042563301325433914,71034266,ECCC-05QA004
ECCC-05QC001,-93.48477935791016,50.873809814453125,0.7144460069589048,71034291,ECCC-05QC001
ECCC-05QC007,-93.09455108642578,50.93893814086914,0.1985437363549499,71034308,ECCC-05QC007
ECCC-05QD006,-93.40052795410156,49.95782852172852,0.8136051644457302,71039782,ECCC-05QD006
ECCC-05QE008,-93.25858306884766,50.50756072998047,0.4309048391932827,71035058,ECCC-05QE008
ECCC-05QE009,-94.4664077758789,50.35224914550781,0.0950496680504143,71035102,ECCC-05QE009
ECCC-05QE012,-93.9701919555664,50.67699813842773,0.49001024896169326,71035242,ECCC-05QE012
ECCC-05RA001,-96.28302764892578,51.10128021240234,0.3229053079412806,71028122,ECCC-05RA001
ECCC-05RB003,-96.60453033447266,51.70341873168945,0.018157928550416758,71028468,ECCC-05RB003
ECCC-05RC001,-93.5212173461914,51.80982971191406,0.37204119134833924,71027467,ECCC-05RC001
ECCC-05RE001,-96.7590789794922,52.77268981933594,0.5127435445471746,71021997,ECCC-05RE001
ECCC-05SA002,-96.42832946777344,50.09014129638672,0.8171542795751812,71034646,ECCC-05SA002
ECCC-05SC002,-97.03746795654295,50.9647216796875,0.2880287681375883,71027713,ECCC-05SC002
ECCC-05SD004,-97.5338134765625,51.2152214050293,0.3220981977657993,71028143,ECCC-05SD006
ECCC-05SD005,-97.70142364501952,51.18592071533203,0.6868714848055903,71028157,ECCC-05SD006
ECCC-05SD006,-97.47028350830078,51.41030883789063,0.6055438078823493,71028029,ECCC-05SD006
ECCC-05TD001,-97.0051727294922,55.74061965942383,0.3125975949671897,71007602,ECCC-05TD001
ECCC-05TE002,-99.22088623046876,55.496620178222656,0.11436384990541111,71007741,ECCC-05TG001
ECCC-05TF002,-98.88886260986328,55.931190490722656,0.7715272152188664,71008012,ECCC-05TG001
ECCC-05TG001,-97.89566802978516,55.74216842651367,0.30997410994692315,71007396,ECCC-05TG001
ECCC-05TG002,-98.1919403076172,55.48974990844727,0.1672249081880208,71008513,ECCC-05TG001
ECCC-05TG003,-97.3576202392578,55.99525833129883,0.6971865273413799,71007675,ECCC-05TG003
ECCC-05TG006,-98.4919204711914,55.90850067138672,0.6948978328671963,71008741,ECCC-05TG003
ECCC-05UF004,-94.6969985961914,56.34156036376953,0.4370028871071653,71004899,ECCC-05UF004
ECCC-05UG001,-94.21617126464844,56.51258087158203,0.9622058905929427,71004808,ECCC-05UG001
ECCC-05UH001,-93.64111328125,56.67694091796875,0.01,71004835,ECCC-05UH001
ECCC-05UH002,-93.45305633544922,57.0230598449707,0.2261926757881798,71004408,ECCC-05UH002
ECCC-06AB001,-111.18759155273438,54.46749114990234,0.35454560645400324,71011800,ECCC-05TG001
ECCC-06AD006,-110.21727752685548,54.35515975952149,0.9669662584106178,71011766,ECCC-05TG001
ECCC-06AF001,-109.8424301147461,54.56602096557617,0.8582809736493917,71011583,ECCC-05TG001
ECCC-06AG002,-107.74405670166016,54.93069076538086,0.9431796599192172,71012485,ECCC-05TG001
ECCC-06BA002,-109.39681243896484,55.71443939208984,0.8565387768280003,71008378,ECCC-05TG001
ECCC-06BB003,-107.72572326660156,55.92316818237305,0.4605081409312122,71007637,ECCC-05TG001
ECCC-06BB005,-108.01882934570312,55.39683151245117,0.2543808956705794,71007952,ECCC-05TG001
ECCC-06BD001,-106.56336212158205,56.24522018432617,0.5737541362351565,71004624,ECCC-05TG001
ECCC-06CB002,-104.50177764892578,55.35226058959961,0.5335116449495205,71007762,ECCC-05TG001
ECCC-06CD002,-104.73600006103516,55.64768981933594,0.49164212890054154,71007532,ECCC-05TG001
ECCC-06DA002,-101.39550018310548,58.00431060791016,0.06824040918330784,71002326,ECCC-05TG001
ECCC-06DA005,-104.9876937866211,57.47856140136719,0.16116245473304674,71002659,ECCC-05TG001
ECCC-06DC001,-103.70950317382812,57.08932876586914,0.02772704802062188,71002376,ECCC-05TG001
ECCC-06DD002,-103.15892791748048,56.19414138793945,0.20526066821689237,71004375,ECCC-05TG001
ECCC-06DD003,-103.32653045654295,56.00672149658203,0.6258599059672146,71004399,ECCC-05TG001
ECCC-06EA002,-102.3237075805664,55.53628921508789,0.32005120397627285,71007444,ECCC-05TG001
ECCC-06EA006,-100.4593276977539,56.14765930175781,0.11032586541458514,71004370,ECCC-05TG001
ECCC-06EA011,-102.82997131347656,55.57527923583984,0.2870057685088786,71007453,ECCC-05TG001
ECCC-06EC002,-99.04425048828124,56.67350006103516,0.3893700581104787,71004336,ECCC-05TG001
ECCC-06FA001,-97.52494049072266,57.302059173583984,0.8934309320143655,71002400,ECCC-06FD001
ECCC-06FB001,-96.83245086669922,57.2388801574707,0.7752194494051278,71002378,ECCC-06FD001
ECCC-06FB002,-95.66385650634766,57.65327835083008,0.539490165643207,71002639,ECCC-06FD001
ECCC-06FC001,-95.73925018310548,56.952919006347656,0.11236299349915829,71002512,ECCC-06FD001
ECCC-06FD001,-94.62245178222656,58.11862182617188,0.9480006562434338,71000822,ECCC-06FD001
ECCC-06FD002,-94.19805908203124,58.01353073120117,0.47133525932921766,71001080,ECCC-06FD002
ECCC-06GD001,-96.27668762207033,58.89128875732422,0.22421516688953266,71000721,ECCC-06GD001
ECCC-06HB002,-98.77693939208984,60.786529541015625,0.3427069851484067,83021722,ECCC-06HB002
ECCC-06JA001,-104.83953094482422,62.56758117675781,0.17635409149338732,83018189,ECCC-06MA006
ECCC-06JB001,-105.1544418334961,63.59111022949219,0.7910187036275002,83016083,ECCC-06MA006
ECCC-06JC002,-101.3623275756836,64.53038787841797,0.24799458343102554,83012581,ECCC-06MA006
ECCC-06KB003,-102.23892211914062,62.859859466552734,0.5868943038419573,83018094,ECCC-06MA006
ECCC-06KC003,-99.47608184814452,64.232421875,0.6473133270076825,83012633,ECCC-06MA006
ECCC-06LC001,-95.85211181640624,63.65258026123047,0.6254412910397638,83015709,ECCC-06LC001
ECCC-06MA006,-97.05386352539062,64.77828216552734,0.39441868009003656,83012529,ECCC-06MA006
ECCC-06OA007,-91.06655883789062,65.93457794189453,0.3532208135438591,83009670,ECCC-06OA007
ECCC-07AA001,-118.10717010498048,52.86412048339844,0.7674923472241172,82042610,ECCC-10LC014
ECCC-07AA002,-118.05870056152344,52.91019058227539,0.8584760477312576,82042468,ECCC-10LC014
ECCC-07AC001,-117.94671630859376,53.5235595703125,0.46901642495116574,82042557,ECCC-10LC014
ECCC-07AC007,-116.96337890625,54.01327133178711,0.4050690869912468,82040891,ECCC-10LC014
ECCC-07AC008,-118.24115753173828,53.67866134643555,0.7541811685568691,82042994,ECCC-10LC014
ECCC-07AD002,-117.56941986083984,53.42428970336914,0.8005802211624183,82042453,ECCC-10LC014
ECCC-07AF002,-116.6314926147461,53.47018051147461,0.6478409867689537,82042531,ECCC-10LC014
ECCC-07AF013,-117.19805908203124,53.07942962646485,0.8395029416285388,82042662,ECCC-10LC014
ECCC-07AF014,-116.8061981201172,53.375919342041016,0.05712139635896693,82042591,ECCC-10LC014
ECCC-07AF015,-117.35885620117188,53.25128173828125,0.26604475513682385,82042639,ECCC-10LC014
ECCC-07AG003,-116.27184295654295,53.59835052490234,0.386458054380398,82042567,ECCC-10LC014
ECCC-07AG004,-115.83963775634766,54.01247024536133,0.9394942364116315,82040863,ECCC-10LC014
ECCC-07AG007,-116.16201782226562,53.69704818725586,0.9184812760499771,82042465,ECCC-10LC014
ECCC-07AH001,-114.90482330322266,54.36492919921875,0.36926473089562084,82041032,ECCC-10LC014
ECCC-07AH003,-115.77893829345705,54.201438903808594,0.3185008131015678,82041129,ECCC-10LC014
ECCC-07BA001,-115.32660675048828,53.12820053100586,0.477251374562357,82042521,ECCC-10LC014
ECCC-07BA002,-115.48890686035156,53.138301849365234,0.779770276058973,82042560,ECCC-10LC014
ECCC-07BA003,-116.65601348876952,52.999881744384766,0.9081880072876881,82042810,ECCC-10LC014
ECCC-07BB002,-115.00435638427734,53.60025024414063,0.9435781220483159,82042507,ECCC-10LC014
ECCC-07BB006,-114.40035247802734,54.11262130737305,0.07541973454357316,82041023,ECCC-10LC014
ECCC-07BC002,-113.99331665039062,54.45029067993164,0.07496906721088352,82040839,ECCC-10LC014
ECCC-07BE001,-113.28795623779295,54.72203063964844,0.5091661578105428,82040774,ECCC-10LC014
ECCC-07BF001,-116.34015655517578,55.417701721191406,0.5453944558902897,82038176,ECCC-10LC014
ECCC-07BF010,-116.38971710205078,55.81917190551758,0.24252830377713322,82038488,ECCC-10LC014
ECCC-07BH003,-115.79656219482422,55.34664916992188,0.3769590898498968,82038193,ECCC-10LC014
ECCC-07BJ003,-115.47000885009766,54.80263137817383,0.848570910418359,82042216,ECCC-10LC014
ECCC-07BK001,-114.75621032714844,55.30487060546875,0.44665414846037854,82037886,ECCC-10LC014
ECCC-07BK005,-114.23909759521484,55.15747833251953,0.99,82038086,ECCC-10LC014
ECCC-07BK007,-114.23078918457033,55.255470275878906,0.9282426047481385,82038453,ECCC-10LC014
ECCC-07BK009,-114.77522277832033,55.270790100097656,0.7435821114247505,82039097,ECCC-10LC014
ECCC-07CA006,-112.4665985107422,55.19929885864258,0.6859739590836749,82038494,ECCC-10LC014
ECCC-07CA012,-111.72470092773438,55.17238998413086,0.9303927346452866,82038832,ECCC-10LC014
ECCC-07CA013,-111.8563995361328,55.01087188720703,0.16385730962433048,82040883,ECCC-10LC014
ECCC-07CB002,-112.1528091430664,55.64247131347656,0.8249967877797213,82038485,ECCC-10LC014
ECCC-07CD001,-111.25521850585938,56.68524932861328,0.12105583470884256,82034392,ECCC-10LC014
ECCC-07CD004,-111.3563003540039,56.70893096923828,0.99,82034622,ECCC-10LC014
ECCC-07CD005,-110.92870330810548,56.66349029541016,0.935224401342739,82034407,ECCC-10LC014
ECCC-07CD009,-110.4610595703125,56.76369094848633,0.3012450179145453,82034991,ECCC-10LC014
ECCC-07CE002,-110.86910247802734,55.83710861206055,0.9709046282030445,82038385,ECCC-10LC014
ECCC-07CE005,-111.09940338134766,55.67292022705078,0.725700345076273,82038567,ECCC-10LC014
ECCC-07CE007,-110.91780090332033,56.59297180175781,0.698629210531921,82034396,ECCC-10LC014
ECCC-07CE008,-110.83511352539062,56.48443984985352,0.22301470516082914,82034640,ECCC-10LC014
ECCC-07CE013,-111.54010009765624,55.88895034790039,0.2578159965906476,82038538,ECCC-10LC014
ECCC-07DA001,-111.40258026123048,56.78089141845703,0.9740132932556657,82034265,ECCC-10LC014
ECCC-07DA006,-111.40699768066406,56.99934005737305,0.8585499207838238,82035029,ECCC-10LC014
ECCC-07DA007,-111.4626693725586,56.910888671875,0.4209724501869827,82035312,ECCC-10LC014
ECCC-07DA008,-111.56999969482422,57.19128036499024,0.5405224650081829,82035056,ECCC-10LC014
ECCC-07DA028,-111.3363037109375,57.35319137573242,0.99,82035472,ECCC-10LC014
ECCC-07DA032,-111.7332000732422,57.24552917480469,0.5393227230670674,82034496,ECCC-10LC014
ECCC-07DA039,-111.98799896240234,57.22092819213867,0.13182642853956064,82034507,ECCC-10LC014
ECCC-07DA044,-111.1397476196289,56.86737823486328,0.11651912340664491,82035029,ECCC-10LC014
ECCC-07DB001,-111.69499969482422,57.21041870117188,0.5074040044777105,82034802,ECCC-10LC014
ECCC-07DB002,-111.80290222167967,57.17380142211914,0.8964368232198449,82034949,ECCC-10LC014
ECCC-07DB003,-112.70831298828124,56.85074996948242,0.5828061197120693,82035031,ECCC-10LC014
ECCC-07DB006,-111.90550231933594,56.967559814453125,0.7591614870377026,82034817,ECCC-10LC014
ECCC-07DC001,-111.20252990722656,57.65116882324219,0.16192381704750697,82030087,ECCC-10LC014
ECCC-07DC003,-110.47364044189452,57.33496856689453,0.2948674371526368,82034514,ECCC-10LC014
ECCC-07DD001,-111.51509857177734,58.31264114379883,0.43203287829411197,82029839,ECCC-10LC014
ECCC-07DD002,-111.2405014038086,58.36043167114258,0.8800153374032851,82030212,ECCC-10LC014
ECCC-07EA004,-125.1050033569336,56.73060989379883,0.9817667757068474,82034873,ECCC-10LC014
ECCC-07EA005,-125.24992370605467,57.126220703125,0.8318759132867422,82034521,ECCC-10LC014
ECCC-07EA007,-124.90110778808594,57.19110870361328,0.9832875998266473,82034982,ECCC-10LC014
ECCC-07EB002,-123.93602752685548,56.52410888671875,0.9417771812148067,82034948,ECCC-10LC014
ECCC-07EC002,-124.5675811767578,55.9168586730957,0.8819662882770404,82038109,ECCC-10LC014
ECCC-07EC003,-124.64466857910156,56.244998931884766,0.9362811444277247,82038100,ECCC-10LC014
ECCC-07EC004,-124.80191802978516,56.1269416809082,0.012716237988692342,82038195,ECCC-10LC014
ECCC-07ED001,-124.23336791992188,55.20252990722656,0.7605056413461113,82038372,ECCC-10LC014
ECCC-07ED003,-123.63336181640624,55.42721939086914,0.4110875929775081,82038189,ECCC-10LC014
ECCC-07EE007,-122.9130630493164,55.081939697265625,0.3620082646897933,82038087,ECCC-10LC014
ECCC-07EE009,-122.61222076416016,54.52972030639648,0.7154465118579367,82041259,ECCC-10LC014
ECCC-07EE010,-123.03656005859376,54.99850082397461,0.038257443613780855,82038099,ECCC-10LC014
ECCC-07EF004,-122.6588897705078,55.94610977172852,0.18202903243524524,82038653,ECCC-10LC014
ECCC-07FA003,-122.24321746826172,56.50894165039063,0.9371505018368108,82034814,ECCC-10LC014
ECCC-07FA004,-120.8144989013672,56.1993293762207,0.629712363581145,82037841,ECCC-10LC014
ECCC-07FA005,-122.35453033447266,56.45986175537109,0.909165370475128,82034840,ECCC-10LC014
ECCC-07FA006,-121.62853240966795,56.25075149536133,0.4134850584833457,82037952,ECCC-10LC014
ECCC-07FB001,-121.21156311035156,55.71844100952149,0.11363091999837903,82038011,ECCC-10LC014
ECCC-07FB002,-121.20349884033205,55.55247116088867,0.7759898367359539,82038020,ECCC-10LC014
ECCC-07FB003,-121.6275634765625,55.54217147827149,0.9259136931342079,82038166,ECCC-10LC014
ECCC-07FB006,-121.01377868652344,55.06135940551758,0.2842418430558938,82038281,ECCC-10LC014
ECCC-07FB008,-121.36678314208984,56.09249877929688,0.885241952096229,82038379,ECCC-10LC014
ECCC-07FB009,-120.94183349609376,55.09017181396485,0.5861229238373915,82038047,ECCC-10LC014
ECCC-07FC001,-120.69985961914062,56.278438568115234,0.2590687053984509,82034772,ECCC-10LC014
ECCC-07FC003,-121.22232818603516,56.67763900756836,0.03819851975994059,82034965,ECCC-10LC014
ECCC-07FD001,-120.56436157226562,55.95735931396485,0.3410553870073148,82038349,ECCC-10LC014
ECCC-07FD002,-120.67241668701172,56.13938903808594,0.7277511858152321,82037839,ECCC-10LC014
ECCC-07FD003,-118.6066436767578,55.9190788269043,0.22491623398619645,82037808,ECCC-10LC014
ECCC-07FD009,-119.68049621582033,56.30783081054688,0.979124932291162,82034905,ECCC-10LC014
ECCC-07FD010,-120.0574722290039,56.12691879272461,0.9463278911092945,82037829,ECCC-10LC014
ECCC-07GA001,-119.16111755371094,53.946510314941406,0.14475895020321164,82040909,ECCC-10LC014
ECCC-07GA002,-118.8163604736328,53.92620086669922,0.9062394754459886,82040938,ECCC-10LC014
ECCC-07GB001,-118.96311950683594,54.51568984985352,0.963526254263092,82041133,ECCC-10LC014
ECCC-07GB003,-118.55403900146484,54.4215202331543,0.8027548745909419,82041000,ECCC-10LC014
ECCC-07GD004,-119.70157623291016,55.07881927490234,0.7649672683112839,82038041,ECCC-10LC014
ECCC-07GE001,-118.70983123779295,55.07006072998047,0.8229078043834537,82038014,ECCC-10LC014
ECCC-07GF001,-118.1823272705078,55.14030075073242,0.06817864362117772,82037914,ECCC-10LC014
ECCC-07GF008,-117.7213134765625,54.43046188354492,0.7164713787992142,82041190,ECCC-10LC014
ECCC-07GG001,-117.20570373535156,54.75201034545898,0.9538956632939967,82041076,ECCC-10LC014
ECCC-07GG002,-117.17955780029295,54.73986053466797,0.9595552749711014,82040994,ECCC-10LC014
ECCC-07GG003,-117.15216064453124,54.74517822265625,0.867331651803495,82041084,ECCC-10LC014
ECCC-07GH002,-117.16190338134766,55.45623016357422,0.5072492017179311,82038131,ECCC-10LC014
ECCC-07GJ001,-117.62307739257812,55.714599609375,0.46099602295874903,82037870,ECCC-10LC014
ECCC-07HA001,-117.3143310546875,56.24494171142578,0.3172988905033508,82034321,ECCC-10LC014
ECCC-07HA003,-117.12989044189452,56.055641174316406,0.3961991784011151,82037984,ECCC-10LC014
ECCC-07HA005,-117.66095733642578,56.51094055175781,0.6234996964126852,82034837,ECCC-10LC014
ECCC-07HC001,-117.61842346191406,56.920040130615234,0.8329393694205147,82034794,ECCC-10LC014
ECCC-07HF001,-116.02864837646484,58.38777923583984,0.8208714781522441,82029905,ECCC-10LC014
ECCC-07JC003,-115.07613372802734,57.07781982421875,0.07241674680870938,82034589,ECCC-10LC014
ECCC-07JD003,-115.74880981445312,58.1928596496582,0.6981072406278338,82031084,ECCC-10LC014
ECCC-07JF003,-116.25614166259766,58.46426010131836,0.17199147899783557,82030290,ECCC-10LC014
ECCC-07KC001,-112.43694305419922,59.11806106567383,0.13620223570963708,82025247,ECCC-10LC014
ECCC-07KE001,-113.06510925292967,58.32492065429688,0.08583822775119497,82030188,ECCC-10LC014
ECCC-07LB002,-104.60643768310548,58.387969970703125,0.6897742349199569,82030614,ECCC-10LC014
ECCC-07LE002,-105.54308319091795,59.150028228759766,0.23505067487732229,82025161,ECCC-10LC014
ECCC-07MA003,-109.78946685791016,58.31900024414063,0.01,82030740,ECCC-10LC014
ECCC-07MB001,-108.1733627319336,58.96746826171875,0.4940038861893003,82025654,ECCC-10LC014
ECCC-07NB001,-111.59156036376952,59.86346054077149,0.19140220716532005,82025017,ECCC-10LC014
ECCC-07OB001,-115.8596420288086,60.74300003051758,0.45526473092228736,82020814,ECCC-10LC014
ECCC-07OB003,-117.6363296508789,59.14945983886719,0.19311680698957878,82025073,ECCC-10LC014
ECCC-07OB008,-116.97207641601562,60.00386047363281,0.028677899217677872,82020830,ECCC-10LC014
ECCC-07OC001,-118.33409881591795,58.59708023071289,0.04220598728652644,82029954,ECCC-10LC014
ECCC-07PA001,-114.90389251708984,60.71366882324219,0.3854268074479939,82021126,ECCC-10LC014
ECCC-07QC005,-108.77407836914062,59.99943923950195,0.33217003678265816,82025101,ECCC-10LC014
ECCC-07QC006,-108.3179702758789,59.794189453125,0.33718369334457093,82025634,ECCC-10LC014
ECCC-07QC007,-110.66448211669922,60.40850067138672,0.8687860434032327,82020780,ECCC-10LC014
ECCC-07QD007,-111.5124969482422,60.466941833496094,0.9049739729639571,82020768,ECCC-10LC014
ECCC-07RB001,-109.63236236572266,64.05677795410156,0.6267420208316574,82009836,ECCC-10LC014
ECCC-07RD001,-108.46602630615234,62.89413833618164,0.2804561468088715,82013503,ECCC-10LC014
ECCC-07SA002,-115.43331146240234,63.9741096496582,0.06023942802982376,82009988,ECCC-10LC014
ECCC-07SA004,-115.0217514038086,64.38774871826172,0.0640631200480276,82010397,ECCC-10LC014
ECCC-07SA008,-114.969970703125,64.21746826171875,0.8457786166393152,82010004,ECCC-10LC014
ECCC-07SB002,-114.22006225585938,62.55894088745117,0.29140091480488456,82013444,ECCC-10LC014
ECCC-07SB003,-114.26122283935548,62.672000885009766,0.20497767401291822,82013446,ECCC-10LC014
ECCC-07SB010,-113.52307891845705,62.49085998535156,0.8192064474564144,82017578,ECCC-10LC014
ECCC-07SB020,-114.27394104003906,62.82752990722656,0.7885941666593161,82013450,ECCC-10LC014
ECCC-07SC002,-110.4875030517578,63.04806137084961,0.20527523025208969,82014117,ECCC-10LC014
ECCC-07TA001,-116.97463989257812,63.107688903808594,0.27780093730027067,82013740,ECCC-10LC014
ECCC-07UC001,-117.42166900634766,60.94028091430664,0.09433346134874092,82020966,ECCC-10LC014
ECCC-08AA003,-137.50833129882812,60.7480583190918,0.24857837315602557,81029302,USGS-15129120
ECCC-08AA008,-137.53738403320312,61.56044006347656,0.046108542018459944,81024208,USGS-15129120
ECCC-08AA010,-136.9915771484375,61.18521881103516,0.24868711746193267,81029344,USGS-15129120
ECCC-08AA011,-137.16552734375,61.0502815246582,0.37456947564364723,81029436,USGS-15129120
ECCC-08AB001,-137.97775268554688,60.118309020996094,0.911900753465273,81029270,USGS-15129120
ECCC-08AC001,-136.92764282226562,60.11344146728516,0.6464621219968228,81030977,USGS-15129120
ECCC-08AC002,-137.0846405029297,60.11896896362305,0.05037664276343515,81029331,USGS-15129120
ECCC-08CD001,-130.82644653320312,58.07225036621094,0.5674144057914791,78000377,USGS-15024800
ECCC-08CE001,-131.1597137451172,57.9002685546875,0.9628479758991331,78001183,USGS-15024800
ECCC-08CE005,-130.97756958007812,58.01327133178711,0.9441315285664056,78000296,USGS-15024800
ECCC-08CG001,-131.6689910888672,56.73443984985352,0.2312167819252422,78002147,USGS-15024800
ECCC-08DA005,-129.47740173339844,56.10934066772461,0.666082449679958,78002409,ECCC-08DB001
ECCC-08DB001,-129.0850372314453,55.26224899291992,0.4811215900283535,78003056,ECCC-08DB001
ECCC-08EB004,-127.7161636352539,55.4338493347168,0.043554292134181216,78003149,ECCC-08EF001
ECCC-08EB005,-127.6867218017578,55.717079162597656,0.8847012733159911,78003085,ECCC-08EF001
ECCC-08EB007,-128.05392456054688,55.11640167236328,0.5215095193454804,78003263,ECCC-08EF001
ECCC-08EC004,-125.42981719970705,54.40544128417969,0.6147520092056513,78004271,ECCC-08EF001
ECCC-08EC013,-126.6976318359375,55.42654037475586,0.7665106096716816,78003113,ECCC-08EF001
ECCC-08ED001,-127.45169067382812,53.93032836914063,0.15708329725067177,78005579,ECCC-08EF001
ECCC-08ED002,-127.42658233642578,54.11682891845703,0.3366264138391178,78004123,ECCC-08EF001
ECCC-08EE003,-126.71941375732422,54.39937973022461,0.6198065627884437,78004211,ECCC-08EF001
ECCC-08EE004,-126.89997100830078,54.61861038208008,0.6912568697031856,78004092,ECCC-08EF001
ECCC-08EE005,-127.13333129882812,54.769718170166016,0.5147659015824662,78004087,ECCC-08EF001
ECCC-08EE008,-127.12332916259766,54.64860916137695,0.8972776684734113,78004511,ECCC-08EF001
ECCC-08EE013,-126.65023803710938,54.39608001708984,0.8652803822125334,78004244,ECCC-08EF001
ECCC-08EE020,-127.49720001220705,54.60736083984375,0.363986791720782,78004360,ECCC-08EF001
ECCC-08EF001,-128.40826416015625,54.63726043701172,0.36775215463524097,78003963,ECCC-08EF001
ECCC-08EF005,-128.3246612548828,54.493629455566406,0.6747525949883008,78004200,ECCC-08EF005
ECCC-08EG012,-129.31283569335938,54.36219024658203,0.9595716242005842,78004377,ECCC-08EG012
ECCC-08EG019,-128.74395751953125,54.679298400878906,0.14977492786751317,78004053,ECCC-08EG019
ECCC-08FA002,-127.17916870117188,51.67916870117188,0.893201962427236,78008613,ECCC-08FA002
ECCC-08FB004,-126.52108001708984,52.424560546875,0.8369729180538529,78007915,ECCC-08FB004
ECCC-08FB006,-126.005859375,52.36008071899414,0.3874354598818246,78006832,ECCC-08FB011
ECCC-08FB011,-126.3524398803711,52.4392204284668,0.49860792146595145,78006822,ECCC-08FB011
ECCC-08FC003,-125.77117156982422,52.88946914672852,0.04435709929893181,78006958,ECCC-08FC003
ECCC-08FE003,-127.95236206054688,53.56354904174805,0.8137090266525029,78005611,ECCC-08FE003
ECCC-08FF001,-128.6905059814453,54.04872131347656,0.5600472912423807,78004231,ECCC-08FF001
ECCC-08FF002,-128.6026153564453,54.06404876708984,0.7633637996540783,78004395,ECCC-08FF001
ECCC-08FF003,-128.68324279785156,54.13582992553711,0.3242582984292753,78004399,ECCC-08FF001
ECCC-08GA010,-123.14584350585938,49.396240234375,0.6004223967526263,78012626,ECCC-08GA031
ECCC-08GA022,-123.20316314697266,49.795021057128906,0.7802609815371072,78012182,ECCC-08GA022
ECCC-08GA026,-123.11041259765624,49.45458984375,0.9189362942227198,78013222,ECCC-08GA031
ECCC-08GA030,-123.00212097167967,49.34197998046875,0.14454748067093823,78013257,ECCC-08GA030
ECCC-08GA031,-123.11094665527344,49.357948303222656,0.29567896288731976,78012626,ECCC-08GA031
ECCC-08GA043,-123.15007781982422,49.8160285949707,0.7661047317391455,78012126,ECCC-08GA043
ECCC-08GA071,-123.42839813232422,50.11402893066406,0.9192242104544264,78010437,ECCC-08GA022
ECCC-08GA072,-123.0356216430664,50.07991027832031,0.9508624829179965,78010321,ECCC-08GA043
ECCC-08GA075,-123.1020965576172,49.72594833374024,0.9880674031324844,78012497,ECCC-08GA075
ECCC-08GA076,-123.14647674560548,49.6898193359375,0.1771599225229157,78013365,ECCC-08GA076
ECCC-08GA077,-123.00404357910156,49.520301818847656,0.836426979522466,78013257,ECCC-08GA030
ECCC-08GA079,-122.9691162109375,49.497169494628906,0.6947001385743021,78013257,ECCC-08GA030
ECCC-08GB013,-123.42041778564452,49.78718948364258,0.9555905546214332,78013533,ECCC-08GB013
ECCC-08GB014,-124.27835845947266,49.878028869628906,0.7573081006171091,78013668,ECCC-08GB014
ECCC-08GC008,-124.6161117553711,50.09749984741211,0.41648823854545275,78011070,ECCC-08GC008
ECCC-08GD004,-124.91864013671876,50.986358642578125,0.743312785987606,78010221,ECCC-08GD004
ECCC-08GD008,-124.40721893310548,51.673221588134766,0.30408408447564894,78008860,ECCC-08GD004
ECCC-08GD010,-124.64389038085938,50.86167144775391,0.7311997635333672,78010246,ECCC-08GD010
ECCC-08GE002,-125.5943603515625,51.144779205322266,0.4340817449653992,78008334,ECCC-08GE002
ECCC-08GF007,-126.4749984741211,51.10277938842773,0.9729483204287007,78008721,ECCC-08GF007
ECCC-08HA001,-123.70464324951172,48.878360748291016,0.4276620270006115,78014177,ECCC-08HA001
ECCC-08HA002,-124.05304718017578,48.82590866088867,0.42957048721128366,78014220,ECCC-08HA011
ECCC-08HA003,-123.67080688476562,48.72782897949219,0.90514785980717,78014522,ECCC-08HA003
ECCC-08HA010,-124.3113784790039,48.57622909545898,0.6516054361578507,78014219,ECCC-08HA010
ECCC-08HA011,-123.71446990966795,48.77307891845703,0.5135949107820358,78014115,ECCC-08HA011
ECCC-08HA070,-124.2260513305664,48.71937942504883,0.033838379424297606,78015203,ECCC-08HA010
ECCC-08HB002,-124.28527069091795,49.31610870361328,0.22733583272583335,78012472,ECCC-08HB002
ECCC-08HB006,-125.03418731689452,49.68803024291992,0.2661296211056759,78012373,ECCC-08HB006
ECCC-08HB008,-124.9102783203125,49.28971862792969,0.6721902132844683,78012358,ECCC-08HB017
ECCC-08HB011,-125.01146697998048,49.70586013793945,0.46385633470956233,78012431,ECCC-08HB011
ECCC-08HB014,-124.9694366455078,48.89250183105469,0.7074764975142506,78014364,ECCC-08HB014
ECCC-08HB017,-124.8550033569336,49.2763900756836,0.4799474113634235,78012315,ECCC-08HB017
ECCC-08HB023,-124.9841079711914,49.36991882324219,0.7214627861617974,78012343,ECCC-08HB017
ECCC-08HB025,-125.06925201416016,49.69282913208008,0.9202800922377684,78013408,ECCC-08HB006
ECCC-08HB029,-124.4833984375,49.35459899902344,0.24437138056043292,78012400,ECCC-08HB029
ECCC-08HB032,-123.96903228759766,49.177391052246094,0.1758075453323988,78012918,ECCC-08HB032
ECCC-08HB034,-123.8869400024414,49.06861114501953,0.8557841424526701,78012210,ECCC-08HB034
ECCC-08HB041,-124.1868133544922,49.02497100830078,0.7416844639386828,78012766,ECCC-08HB034
ECCC-08HB074,-125.21402740478516,49.57878112792969,0.39268802396625274,78012544,ECCC-08HB006
ECCC-08HB075,-125.0857162475586,49.73657989501953,0.8784177127264728,78013425,ECCC-08HB011
ECCC-08HB084,-125.08721923828124,49.66833114624024,0.5545005345884573,78012404,ECCC-08HB006
ECCC-08HB086,-125.58332824707033,49.25083160400391,0.6345342943095796,78012986,ECCC-08HB086
ECCC-08HB092,-124.12628936767578,49.06016159057617,0.47229425893766497,78012236,ECCC-08HB034
ECCC-08HC001,-126.11141204833984,49.70230865478516,0.6872679540417903,78012361,ECCC-08HC001
ECCC-08HD005,-125.3000030517578,50.02920913696289,0.9620744189380074,78010318,ECCC-08HD027
ECCC-08HD006,-125.90750122070312,50.31246948242188,0.8476689112251858,78010243,ECCC-08HD006
ECCC-08HD007,-125.74481201171876,50.19728088378906,0.01878322140222433,78010254,ECCC-08HD006
ECCC-08HD011,-125.24175262451172,49.89458084106445,0.8416938487915923,78012434,ECCC-08HD011
ECCC-08HD018,-125.81268310546876,49.85723114013672,0.7982135428045536,78013480,ECCC-08HD035
ECCC-08HD021,-125.5096435546875,49.92984008789063,0.47273603615835064,78013560,ECCC-08HD027
ECCC-08HD027,-125.3389663696289,49.92964172363281,0.2890511180148329,78010318,ECCC-08HD027
ECCC-08HD035,-125.28691864013672,50.03736114501953,0.99,78010287,ECCC-08HD035
ECCC-08HE001,-127.43083190917967,50.52389144897461,0.42502728555223507,78010555,ECCC-08HE001
ECCC-08HE006,-126.84339904785156,50.012489318847656,0.3242766979556844,78012275,ECCC-08HE006
ECCC-08HE009,-127.6978988647461,50.290130615234375,0.4872793359397622,78011191,ECCC-08HE009
ECCC-08HF004,-126.57850646972656,50.44036102294922,0.7970692573471212,78010574,ECCC-08HF004
ECCC-08HF005,-126.61080932617188,50.21482849121094,0.40005505968037225,78010151,ECCC-08HF005
ECCC-08HF006,-128.16839599609375,50.66933059692383,0.628100514073991,78011538,ECCC-08HF006
ECCC-08HF012,-127.88224792480467,50.734500885009766,0.7691518341357975,78011619,ECCC-08HF012
ECCC-08HF015,-126.23242950439452,50.3162841796875,0.059729428236025665,78010755,ECCC-08HF015
ECCC-08JA015,-127.5377197265625,53.65208053588867,0.764595593059699,78006386,ECCC-08MF005
ECCC-08JA017,-124.83927917480467,53.68550109863281,0.7211074235532186,78005301,ECCC-08MF005
ECCC-08JB002,-125.0085220336914,54.00735855102539,0.08905902927795295,78003932,ECCC-08MF005
ECCC-08JB003,-124.6008529663086,54.0850715637207,0.7546873008623216,78003926,ECCC-08MF005
ECCC-08JB008,-126.95471954345705,53.90250015258789,0.34504951920233357,78005671,ECCC-08MF005
ECCC-08JC001,-124.00865173339844,54.02672958374024,0.060099621610649426,78003916,ECCC-08MF005
ECCC-08JC002,-123.23486328125,53.96044158935547,0.6343297509446202,78005180,ECCC-08MF005
ECCC-08JD006,-126.67767333984376,55.97613906860352,0.6346353169743499,78003199,ECCC-08MF005
ECCC-08JE001,-124.27062225341795,54.4168586730957,0.07634658557765714,78004014,ECCC-08MF005
ECCC-08KA001,-120.2490005493164,53.30924987792969,0.5131523223202844,78005682,ECCC-08MF005
ECCC-08KA004,-121.85035705566406,54.07867050170898,0.8991213537169649,78003998,ECCC-08MF005
ECCC-08KA005,-120.14092254638672,53.301719665527344,0.051789634505045895,78005223,ECCC-08MF005
ECCC-08KA007,-119.00666809082033,52.98627853393555,0.44815507874619415,78005288,ECCC-08MF005
ECCC-08KA013,-120.59139251708984,53.681671142578125,0.05866324090374681,78005489,ECCC-08MF005
ECCC-08KB001,-122.62474822998048,54.00366973876953,0.40748363150506334,78005196,ECCC-08MF005
ECCC-08KB003,-121.6687469482422,54.23117065429688,0.6467100246033267,78004049,ECCC-08MF005
ECCC-08KB006,-120.9774169921875,54.29677963256836,0.6311677930953231,78004791,ECCC-08MF005
ECCC-08KC001,-122.67986297607422,54.09642028808594,0.9763272375085215,78004184,ECCC-08MF005
ECCC-08KD007,-122.10285949707033,54.01694107055664,0.4608134992577663,78004077,ECCC-08MF005
ECCC-08KE016,-122.50943756103516,52.9738883972168,0.9360772847846107,78006845,ECCC-08MF005
ECCC-08KE024,-121.76747131347656,52.91490173339844,0.9095912438141043,78008294,ECCC-08MF005
ECCC-08KG001,-122.89180755615234,53.306419372558594,0.503341154006912,78005248,ECCC-08MF005
ECCC-08KH001,-121.57232666015624,52.61582946777344,0.3434185315842424,78006955,ECCC-08MF005
ECCC-08KH006,-122.22528076171876,52.84305953979492,0.9671565491174209,78006823,ECCC-08MF005
ECCC-08KH010,-121.0669403076172,52.29138946533203,0.99,78007081,ECCC-08MF005
ECCC-08KH019,-121.40843963623048,52.31571960449219,0.6509998618123904,78007052,ECCC-08MF005
ECCC-08KH020,-121.00135803222656,52.28083038330078,0.7073623377242041,78007182,ECCC-08MF005
ECCC-08KH030,-120.74971771240234,52.79193878173828,0.5105024569376094,78007326,ECCC-08MF005
ECCC-08KH031,-121.41813659667967,52.44430923461914,0.3691833210033483,78006977,ECCC-08MF005
ECCC-08LA001,-120.06604766845705,51.65571975708008,0.6574579243207301,78008449,ECCC-08MF005
ECCC-08LB020,-120.12654113769533,51.188018798828125,0.43211611490337887,78008666,ECCC-08MF005
ECCC-08LB038,-119.30194091796876,52.11669158935547,0.8321183297387764,78007293,ECCC-08MF005
ECCC-08LB047,-119.9143524169922,51.60186004638672,0.8973943403156669,78008460,ECCC-08MF005
ECCC-08LB064,-120.24046325683594,51.04093170166016,0.3325608136000301,78008432,ECCC-08MF005
ECCC-08LB069,-119.9376983642578,51.24533081054688,0.9656172264400891,78008774,ECCC-08MF005
ECCC-08LB072,-120.1227798461914,51.1349983215332,0.9682388219289605,78008569,ECCC-08MF005
ECCC-08LB076,-119.8816375732422,51.3543815612793,0.4381343867320668,78009016,ECCC-08MF005
ECCC-08LB078,-120.20204162597656,51.42758941650391,0.8797382186009565,78008740,ECCC-08MF005
ECCC-08LC002,-119.01284790039062,50.54365921020508,0.8309631985392951,78010371,ECCC-08MF005
ECCC-08LC003,-118.81861114501952,50.30278015136719,0.9755169569500857,78010419,ECCC-08MF005
ECCC-08LC018,-118.54785919189452,50.34510040283203,0.20785013603093844,78010442,ECCC-08MF005
ECCC-08LC039,-118.85912322998048,50.29790115356445,0.7074375481923938,78010513,ECCC-08MF005
ECCC-08LC042,-118.96124267578124,50.25246810913086,0.15202903563362108,78010528,ECCC-08MF005
ECCC-08LD001,-119.65634155273438,50.937591552734375,0.02329395702846481,78010204,ECCC-08MF005
ECCC-08LE020,-119.55860900878906,50.49856185913086,0.012959966381647002,78010417,ECCC-08MF005
ECCC-08LE021,-119.33052825927734,50.692508697509766,0.7229596693581842,78010393,ECCC-08MF005
ECCC-08LE024,-118.80165100097656,50.93634033203125,0.7838829927751171,78010168,ECCC-08MF005
ECCC-08LE027,-118.94644165039062,51.2622184753418,0.03208051143266701,78008702,ECCC-08MF005
ECCC-08LE031,-119.7431182861328,50.76311111450195,0.7814667169142107,78010111,ECCC-08MF005
ECCC-08LE112,-119.68153381347656,50.81909942626953,0.894766228167706,78010672,ECCC-08MF005
ECCC-08LF002,-121.3233413696289,50.802978515625,0.06737167391351938,78010259,ECCC-08MF005
ECCC-08LF007,-120.9659423828125,50.8838996887207,0.9448371014562718,78010163,ECCC-08MF005
ECCC-08LF027,-120.97598266601562,50.8980712890625,0.7081214660598308,78010292,ECCC-08MF005
ECCC-08LF033,-120.87361145019533,50.752079010009766,0.5946365798164945,78010092,ECCC-08MF005
ECCC-08LF051,-121.39364624023438,50.35462951660156,0.9395007876039874,78010033,ECCC-08MF005
ECCC-08LG008,-121.03002166748048,50.13618087768555,0.5530339780495136,78010285,ECCC-08MF005
ECCC-08LG010,-120.8030014038086,50.10979843139648,0.9112624477137997,78010122,ECCC-08MF005
ECCC-08LG028,-120.28363800048828,50.13988876342773,0.11836112443329849,78010244,ECCC-08MF005
ECCC-08LG048,-120.9094467163086,49.85644912719727,0.33855018583237295,78012423,ECCC-08MF005
ECCC-08LG065,-120.66876220703124,50.162139892578125,0.99,78010048,ECCC-08MF005
ECCC-08LG070,-121.1115493774414,50.24781036376953,0.07662344264981738,78010039,ECCC-08MF005
ECCC-08MA001,-123.53949737548828,52.06975173950195,0.6728751311750965,78006775,ECCC-08MF005
ECCC-08MA002,-124.1433563232422,51.62485885620117,0.5651179982913079,78008526,ECCC-08MF005
ECCC-08MA003,-123.63121795654295,51.37900161743164,0.08436629688150042,78008534,ECCC-08MF005
ECCC-08MB006,-123.11589050292967,51.52368927001953,0.9857202066166987,78008690,ECCC-08MF005
ECCC-08MB007,-123.10449981689452,51.25397109985352,0.36883776951369646,78009003,ECCC-08MF005
ECCC-08MB012,-123.0808334350586,51.92060852050781,0.5069764862292399,78008421,ECCC-08MF005
ECCC-08MC018,-122.44432830810548,52.53028106689453,0.43125897537641844,78006740,ECCC-08MF005
ECCC-08MD013,-122.132080078125,51.18367004394531,0.8229113569071013,78008311,ECCC-08MF005
ECCC-08ME002,-121.96533966064452,50.66931915283203,0.99,78010444,ECCC-08MF005
ECCC-08ME003,-121.9695281982422,50.67110824584961,0.99,78010486,ECCC-08MF005
ECCC-08ME023,-123.45327758789062,50.85622024536133,0.7279952520416204,78011699,ECCC-08MF005
ECCC-08ME025,-122.23931121826172,50.9126091003418,0.8107088940527089,78010198,ECCC-08MF005
ECCC-08ME027,-122.9420166015625,50.73088836669922,0.18466676509139623,78010640,ECCC-08MF005
ECCC-08ME028,-123.2034912109375,50.82093811035156,0.016462749539621627,78010487,ECCC-08MF005
ECCC-08ME029,-122.84940338134766,50.845401763916016,0.987180294560855,78010449,ECCC-08MF005
ECCC-08MF005,-121.45423889160156,49.38595962524414,0.43923867673516426,78011887,ECCC-08MF005
ECCC-08MF040,-121.85343933105467,50.61367034912109,0.6182246758117595,78010019,ECCC-08MF005
ECCC-08MF062,-121.1199722290039,49.54188919067383,0.49441184134298877,78013314,ECCC-08MF005
ECCC-08MF065,-121.86286926269533,49.953861236572266,0.17584409928686093,78012179,ECCC-08MF005
ECCC-08MF068,-121.38449096679688,49.36846160888672,0.22339490815695245,78012369,ECCC-08MF005
ECCC-08MG001,-121.9377670288086,49.30002975463867,0.5933227212567058,78012478,ECCC-08MG001
ECCC-08MG005,-122.8002471923828,50.33602142333984,0.26611665955229363,78010402,ECCC-08MG013
ECCC-08MG013,-121.82964324951172,49.300418853759766,0.5014361605272997,78012098,ECCC-08MG013
ECCC-08MG025,-122.80464935302734,50.3155403137207,0.5706221167846768,78011216,ECCC-08MG013
ECCC-08MG026,-122.94880676269533,50.1202507019043,0.7797283306703432,78010949,ECCC-08MG013
ECCC-08MG027,-122.53656005859376,50.09159851074219,0.3290212223360458,78010374,ECCC-08MG013
ECCC-08MG028,-122.89582824707033,50.39933013916016,0.6597674778828821,78010511,ECCC-08MG013
ECCC-08MH001,-121.9674835205078,49.09738159179688,0.05892781680075124,78012048,ECCC-08MH001
ECCC-08MH002,-122.78150177001952,49.26523971557617,0.62273494501048,78012503,ECCC-08MH002
ECCC-08MH005,-122.57975006103516,49.23899841308594,0.6173739259300992,78012552,ECCC-08MH005
ECCC-08MH006,-122.5801773071289,49.24264907836914,0.3023637415087129,78013016,ECCC-08MH006
ECCC-08MH016,-121.45844268798828,49.08364868164063,0.41058031711918247,78012081,ECCC-08MH001
ECCC-08MH029,-122.2322998046875,49.00249099731445,0.23346101575520717,78012243,ECCC-08MH029
ECCC-08MH056,-121.6997528076172,49.071720123291016,0.9245752998290028,78012250,ECCC-08MH001
ECCC-08MH076,-122.53661346435548,49.20708847045898,0.33675513377506217,78012933,ECCC-08MH076
ECCC-08MH090,-122.59642791748048,49.13354110717773,0.44804675862177107,78012832,ECCC-08MH090
ECCC-08MH103,-121.66300201416016,49.10171890258789,0.33087909144563454,78012065,ECCC-08MH001
ECCC-08MH141,-122.79251098632812,49.48794174194336,0.2120173501320777,78013209,ECCC-08MH002
ECCC-08MH147,-122.32306671142578,49.556190490722656,0.1444871235611121,78012422,ECCC-08MH147
ECCC-08MH155,-122.66008758544922,49.095699310302734,0.42201966799766727,78012755,ECCC-08MH155
ECCC-08MH166,-122.77684783935548,49.38098907470703,0.1264143219683822,78013087,ECCC-08MH002
ECCC-08NA002,-116.91293334960938,51.243560791015625,0.18281872781450859,78008413,USGS-14246900
ECCC-08NA006,-116.9720687866211,51.30118179321289,0.8973157610349634,78008653,USGS-14246900
ECCC-08NA011,-116.40682220458984,50.90435028076172,0.21506454709727885,78010120,USGS-14246900
ECCC-08NB005,-117.18038940429688,51.48329925537109,0.8194668177333002,78008403,USGS-14246900
ECCC-08NB012,-116.9693603515625,51.48249816894531,0.8801497218063917,78008760,USGS-14246900
ECCC-08NB014,-117.71849822998048,51.6779899597168,0.9158344531778948,78008835,USGS-14246900
ECCC-08NB016,-116.8989028930664,51.5265007019043,0.99,78009121,USGS-14246900
ECCC-08NB021,-117.49160766601562,51.48780822753906,0.9036605991302215,78008707,USGS-14246900
ECCC-08NC004,-119.38485717773438,52.73152923583984,0.14933845624270606,78007214,USGS-14246900
ECCC-08ND012,-118.59619903564452,51.66878128051758,0.14940366616642295,78008661,USGS-14246900
ECCC-08ND013,-118.08513641357422,51.01263046264648,0.14892074727105573,78010220,USGS-14246900
ECCC-08NE006,-117.73448181152344,50.28290939331055,0.03047293175579507,78010542,USGS-14246900
ECCC-08NE008,-117.7293472290039,50.73445892333984,0.8912040082139078,78010736,USGS-14246900
ECCC-08NE039,-117.94529724121094,49.0146484375,0.01,78014077,USGS-14246900
ECCC-08NE049,-117.7176513671875,49.17784118652344,0.6873984290858589,78011912,USGS-14246900
ECCC-08NE074,-117.2942886352539,49.04713821411133,0.26153093104088065,78012204,USGS-14246900
ECCC-08NE110,-118.1898422241211,49.896949768066406,0.913053222572889,78012225,USGS-14246900
ECCC-08NE114,-117.23916625976562,49.23453903198242,0.9649114046809332,78012940,USGS-14246900
ECCC-08NE123,-118.08072662353516,50.79389190673828,0.18518691640819004,78010839,USGS-14246900
ECCC-08NE130,-118.1253890991211,49.899559020996094,0.06304476182631266,78012211,USGS-14246900
ECCC-08NF001,-116.0460968017578,50.88703155517578,0.27245928117054663,78010269,USGS-14246900
ECCC-08NG002,-115.36583709716795,49.49362182617188,0.9817186966565884,78012167,USGS-14246900
ECCC-08NG065,-115.63533782958984,49.61203002929688,0.5841117227726529,78012053,USGS-14246900
ECCC-08NG076,-115.896728515625,49.713661193847656,0.5974774920730127,78013440,USGS-14246900
ECCC-08NG077,-116.43504333496094,49.73727035522461,0.8786319007764434,78012688,USGS-14246900
ECCC-08NH005,-116.9534912109375,49.90761947631836,0.34336936265048995,78012215,USGS-14246900
ECCC-08NH007,-116.96829223632812,50.26287078857422,0.872567328108249,78010424,USGS-14246900
ECCC-08NH084,-116.4524917602539,49.15911865234375,0.7220314147188647,78012970,USGS-14246900
ECCC-08NH118,-116.95519256591795,50.23286056518555,0.3555188961447595,78010230,USGS-14246900
ECCC-08NH119,-117.04802703857422,50.63750076293945,0.015406725663001435,78010248,USGS-14246900
ECCC-08NH132,-117.12197875976562,49.87255096435547,0.41075025182485425,78013476,USGS-14246900
ECCC-08NH139,-115.9977798461914,49.39950180053711,0.49768240549045123,78012703,USGS-14246900
ECCC-08NJ013,-117.5647964477539,49.460079193115234,0.8578594993820224,78011919,USGS-14246900
ECCC-08NJ026,-117.24234771728516,49.590309143066406,0.666320105982521,78013340,USGS-14246900
ECCC-08NJ160,-117.44596862792967,49.69712066650391,0.7714709609670487,78012737,USGS-14246900
ECCC-08NK002,-115.07012939453124,49.50347137451172,0.7400581328088458,78012165,USGS-14246900
ECCC-08NK016,-114.86868286132812,49.86561965942383,0.5108195015576654,78012205,USGS-14246900
ECCC-08NK018,-114.86666107177734,49.89395904541016,0.4111687121432681,78012213,USGS-14246900
ECCC-08NK022,-114.83335876464844,49.8914909362793,0.7376786375831924,78012679,USGS-14246900
ECCC-08NL004,-119.99352264404295,49.2076301574707,0.6450782836058095,78012172,USGS-14246900
ECCC-08NL007,-120.50353240966795,49.45970153808594,0.9569838928398919,78012166,USGS-14246900
ECCC-08NL024,-120.51880645751952,49.45766830444336,0.05992808552539711,78012310,USGS-14246900
ECCC-08NL038,-120.15216827392578,49.377079010009766,0.99,78012156,USGS-14246900
ECCC-08NL050,-120.0725326538086,49.35894012451172,0.8239390498866842,78012473,USGS-14246900
ECCC-08NL069,-120.57982635498048,49.09880828857422,0.595682336531845,78012228,USGS-14246900
ECCC-08NL070,-120.6733627319336,49.09400177001953,0.6987314230479597,78012217,USGS-14246900
ECCC-08NL071,-120.97891235351562,49.46567916870117,0.415210089030736,78012536,USGS-14246900
ECCC-08NL076,-120.0377197265625,49.13253021240234,0.9493329079673337,78012566,USGS-14246900
ECCC-08NM002,-119.58040618896484,49.34204864501953,0.5337480518300471,78011978,USGS-14246900
ECCC-08NM050,-119.6153564453125,49.49851989746094,0.452322136825835,78011986,USGS-14246900
ECCC-08NM085,-119.566650390625,49.11462020874024,0.19271052457262508,78011966,USGS-14246900
ECCC-08NM116,-119.41346740722656,49.8779296875,0.5663957423927352,78012107,USGS-14246900
ECCC-08NM247,-119.5280303955078,49.25683975219727,0.8635502145711803,78011976,USGS-14246900
ECCC-08NN002,-118.4404296875,49.043270111083984,0.895026394240501,78012303,USGS-14246900
ECCC-08NN003,-118.97505950927734,49.1698112487793,0.939071606194841,78012298,USGS-14246900
ECCC-08NN015,-119.09246826171876,49.702919006347656,0.9443989436865111,78012563,USGS-14246900
ECCC-08NN019,-119.05196380615234,49.56536865234375,0.9433758448712833,78012661,USGS-14246900
ECCC-08NN023,-118.31175231933594,49.589141845703125,0.4730193428562668,78012553,USGS-14246900
ECCC-08NN026,-118.9281234741211,49.23004913330078,0.9688629988289058,78012036,USGS-14246900
ECCC-08NP003,-114.53582763671876,49.09471893310547,0.970674129513304,78012611,USGS-14246900
ECCC-08OA002,-132.209716796875,53.6138916015625,0.3936569721575074,78005565,ECCC-08OA002
ECCC-08OA004,-132.13803100585938,53.25268173217773,0.11052147395137643,78006141,ECCC-08OA004
ECCC-08OB002,-132.05136108398438,53.05730056762695,0.20470428278097486,78005939,ECCC-08OB002
ECCC-08PA012,-121.16686248779295,49.118690490722656,0.9545656057365904,78012440,USGS-12200500
ECCC-09AA006,-133.81442260742188,59.595359802246094,0.37583316082472923,81034013,USGS-15565447
ECCC-09AA012,-134.88360595703125,60.12778091430664,0.7045130143780773,81030128,USGS-15565447
ECCC-09AA013,-134.33250427246094,59.94778060913086,0.3328045192522253,81034197,USGS-15565447
ECCC-09AC001,-135.74110412597656,60.85110855102539,0.807633615320994,81029358,USGS-15565447
ECCC-09AC007,-135.4862518310547,60.72574996948242,0.3739811497450801,81030415,USGS-15565447
ECCC-09AD002,-133.06553649902344,60.78866958618164,0.9467644133871925,81030945,USGS-15565447
ECCC-09AE003,-131.76861572265625,59.93082809448242,0.023932423130564016,81034085,USGS-15565447
ECCC-09AE006,-132.14443969726562,60.00693893432617,0.2547523831446531,81029676,USGS-15565447
ECCC-09AG001,-134.8363037109375,61.87260818481445,0.7384430320481122,81024148,USGS-15565447
ECCC-09AH001,-136.272216796875,62.09444046020508,0.7533647207488262,81023732,USGS-15565447
ECCC-09AH003,-137.00967407226562,62.56782913208008,0.44415302872105866,81018832,USGS-15565447
ECCC-09AH004,-136.2802734375,62.05117034912109,0.07453167602009644,81024059,USGS-15565447
ECCC-09AH005,-134.38792419433594,62.20016860961914,0.10826486590866043,81025055,USGS-15565447
ECCC-09BA001,-132.40716552734375,61.9887809753418,0.6317114970701365,81024048,USGS-15565447
ECCC-09BB001,-130.5379638671875,62.9256706237793,0.1807647329484745,81019656,USGS-15565447
ECCC-09BC001,-136.58250427246094,62.82917022705078,0.24249318095750422,81018496,USGS-15565447
ECCC-09BC002,-132.4475860595703,61.98664093017578,0.11877887155786879,81024024,USGS-15565447
ECCC-09BC004,-133.3778076171875,62.22074890136719,0.03846994656309911,81024014,USGS-15565447
ECCC-09CA002,-139.05169677734375,61.42694091796875,0.4462080436726477,81023970,USGS-15565447
ECCC-09CA004,-139.1679229736328,61.34600067138672,0.2544919911544587,81024318,USGS-15565447
ECCC-09CA006,-139.0426025390625,62.20497131347656,0.6420952507594802,81024473,USGS-15565447
ECCC-09CB001,-140.5586700439453,61.9881706237793,0.26610879291302847,81024537,USGS-15565447
ECCC-09CD001,-139.49693298339844,63.08250045776367,0.6657059086404953,81018427,USGS-15565447
ECCC-09DA001,-131.49090576171875,63.3335189819336,0.502349078984444,81019005,USGS-15565447
ECCC-09DD003,-139.2544403076172,63.28221893310547,0.5332443355791837,81018520,USGS-15565447
ECCC-09DD004,-137.27374267578125,63.61003112792969,0.49394447745796755,81019068,USGS-15565447
ECCC-09EA003,-139.40777587890625,64.04277801513672,0.29733129918034135,81014678,USGS-15565447
ECCC-09EA004,-138.59628295898438,64.00196838378906,0.20987223223927803,81015189,USGS-15565447
ECCC-09EA005,-137.57861328125,63.996578216552734,0.028577569159717785,81015253,USGS-15565447
ECCC-09EB001,-139.42543029785156,64.07054138183594,0.46748967631724214,81014397,USGS-15565447
ECCC-09EB003,-139.62957763671875,63.77000045776367,0.31796903282010597,81014516,USGS-15565447
ECCC-09EB004,-140.15992736816406,63.68938827514648,0.3922229248869647,81019153,USGS-15565447
ECCC-09FA001,-138.40489196777344,66.43035888671875,0.143232765901525,81007021,USGS-15565447
ECCC-09FB002,-136.7092742919922,66.44344329833984,0.38486287721684553,81006891,USGS-15565447
ECCC-09FC001,-139.70924377441406,67.63983917236328,0.4679181974393857,81003610,USGS-15565447
ECCC-09FD002,-140.66200256347656,67.45852661132812,0.044047512018937945,81006646,USGS-15565447
ECCC-10AA001,-128.9068603515625,60.0508918762207,0.061851036715614406,82020881,ECCC-10LC014
ECCC-10AA004,-129.5494384765625,60.20806121826172,0.09637081516335584,82021235,ECCC-10LC014
ECCC-10AA005,-129.70396423339844,60.15803146362305,0.5684231180116877,82021308,ECCC-10LC014
ECCC-10AA006,-130.52102661132812,60.8107795715332,0.15682813375972043,82021227,ECCC-10LC014
ECCC-10AB001,-129.118896484375,60.4738883972168,0.5900925135697366,82020893,ECCC-10LC014
ECCC-10AC005,-129.82554626464844,59.11750030517578,0.9249944314297045,82026385,ECCC-10LC014
ECCC-10AD002,-128.2421112060547,61.48683166503906,0.20949283857576362,82017778,ECCC-10LC014
ECCC-10BD001,-124.88925170898438,60.1307487487793,0.0932886770696495,82021509,ECCC-10LC014
ECCC-10BE001,-126.09722137451172,59.41249847412109,0.07088081367760399,82025218,ECCC-10LC014
ECCC-10BE004,-125.3754425048828,58.85274887084961,0.694078532775988,82025519,ECCC-10LC014
ECCC-10BE007,-125.94024658203124,59.33597183227539,0.2685555598384474,82026297,ECCC-10LC014
ECCC-10BE013,-126.4802474975586,59.55353164672852,0.9049465738422477,82025345,ECCC-10LC014
ECCC-10CA001,-121.46392059326172,58.27119064331055,0.15389532784233753,82030215,ECCC-10LC014
ECCC-10CB001,-122.69146728515624,57.23822021484375,0.6489081125121439,82034857,ECCC-10LC014
ECCC-10CD001,-122.66163635253906,58.7881088256836,0.22481842620518405,82025404,ECCC-10LC014
ECCC-10CD004,-122.7201690673828,58.030250549316406,0.38641210106611695,82031408,ECCC-10LC014
ECCC-10DA001,-122.9609375,59.98855972290039,0.03093277455195586,82020920,ECCC-10LC014
ECCC-10EA003,-125.41075134277344,61.52996826171875,0.34694446492201353,82017297,ECCC-10LC014
ECCC-10EB001,-125.79702758789062,61.6361083984375,0.3994748763366478,82017353,ECCC-10LC014
ECCC-10EC003,-124.8110122680664,61.5561408996582,0.219673582582717,82018258,ECCC-10LC014
ECCC-10ED001,-123.47541809082033,60.24156188964844,0.20033164420532112,82020866,ECCC-10LC014
ECCC-10ED002,-121.22785949707033,61.74266815185547,0.4143530787531475,82017076,ECCC-10LC014
ECCC-10ED007,-122.89543914794922,61.06031036376953,0.9583290675329637,82021780,ECCC-10LC014
ECCC-10FA002,-119.8430633544922,61.13980865478516,0.9527951447364759,82021477,ECCC-10LC014
ECCC-10FB005,-121.23818969726562,61.44552993774414,0.12200223452484239,82017526,ECCC-10LC014
ECCC-10FB006,-120.79192352294922,61.81650161743164,0.3023200135228653,82016976,ECCC-10LC014
ECCC-10GA001,-123.4330596923828,62.47972106933594,0.6974104651798754,82017347,ECCC-10LC014
ECCC-10GB006,-122.89924621582033,62.65005874633789,0.9425643573100213,82013508,ECCC-10LC014
ECCC-10GC001,-121.35888671875,61.868438720703125,0.10653054568681597,82016964,ECCC-10LC014
ECCC-10GC003,-121.61183166503906,61.89393997192383,0.8723226719631466,82017732,ECCC-10LC014
ECCC-10HB005,-125.29656219482422,63.92350006103516,0.17382795659633107,82009774,ECCC-10LC014
ECCC-10HC008,-123.6126708984375,63.48966979980469,0.9607685415431362,82014157,ECCC-10LC014
ECCC-10JA002,-117.758056640625,65.59832763671875,0.1336225961374485,82006730,ECCC-10LC014
ECCC-10JB001,-121.74311065673828,64.56314086914062,0.8158857227409242,82009913,ECCC-10LC014
ECCC-10JC003,-123.55091857910156,65.12841796875,0.3489765273497034,82006627,ECCC-10LC014
ECCC-10JD002,-124.61000061035156,65.73222351074219,0.11836242024542981,82007274,ECCC-10LC014
ECCC-10KA001,-126.8499984741211,65.27197265625,0.8620622090372904,82006555,ECCC-10LC014
ECCC-10KA008,-127.3694305419922,65.44551849365234,0.8864884709125294,82007495,ECCC-10LC014
ECCC-10KB001,-127.68335723876952,65.29532623291016,0.8952144644476775,82006932,ECCC-10LC014
ECCC-10KC001,-128.56332397460938,65.22943878173828,0.46137003931931836,82006953,ECCC-10LC014
ECCC-10LA002,-133.0896453857422,66.78743743896484,0.3112698372209151,82004120,ECCC-10LC014
ECCC-10LB004,-128.80174255371094,66.51419067382812,0.2984547475379096,82004494,ECCC-10LC014
ECCC-10LB005,-131.93069458007812,67.78357696533203,0.7296592364698548,82002284,ECCC-10LC014
ECCC-10LB007,-129.28587341308594,66.69322204589844,0.05367124741624093,82004753,ECCC-10LC014
ECCC-10LC003,-133.86264038085938,67.7535629272461,0.6940712602963321,82002296,ECCC-10LC003
ECCC-10LC007,-133.49232482910156,68.0872802734375,0.6029898219378174,82002281,ECCC-10LC007
ECCC-10LC014,-133.75328063964844,67.45600128173828,0.011124745240897058,82001754,ECCC-10LC014
ECCC-10LD004,-128.2597198486328,66.40083312988281,0.24287744309304699,82004190,ECCC-10LC014
ECCC-10MA001,-136.0378875732422,65.89260864257812,0.8011508478607872,82006594,ECCC-10MC002
ECCC-10MA002,-138.3021240234375,65.36219787597656,0.01,82007001,ECCC-10MC002
ECCC-10MA003,-138.27603149414062,64.90142059326172,0.8533134990698351,82010650,ECCC-10MC002
ECCC-10MA005,-135.40272521972656,65.3211898803711,0.7224810436504235,82006948,ECCC-10MC002
ECCC-10MB003,-134.0382537841797,65.97028350830078,0.6095633593661005,82006702,ECCC-10MC002
ECCC-10MB004,-133.67999267578125,64.74846649169922,0.7749231497912134,82010334,ECCC-10MC002
ECCC-10MC002,-134.88880920410156,67.2588882446289,0.14910445863456775,82004084,ECCC-10MC002
ECCC-10MC007,-135.7180633544922,67.67694091796875,0.8413218677192342,82002251,ECCC-10MC007
ECCC-10MD001,-139.56744384765625,69.32660675048828,0.6840294504085622,82000156,ECCC-10MD001
ECCC-10MD002,-138.6683349609375,68.83917236328125,0.03707234276241079,82000201,ECCC-10MD002
ECCC-10NB001,-124.2229995727539,67.6449966430664,0.6443402795650719,82001872,ECCC-10NC001
ECCC-10NC001,-128.4214324951172,68.63066864013672,0.886822157545978,82001794,ECCC-10NC001
ECCC-10PA001,-111.95464324951172,64.61575317382812,0.42754972940034325,83013149,ECCC-10PB001
ECCC-10PA002,-111.67806243896484,64.80667114257812,0.6802199279306862,83012875,ECCC-10PB001
ECCC-10PB001,-114.00778198242188,65.41583251953125,0.24478767564374992,83009365,ECCC-10PB001
ECCC-10PC005,-113.99138641357422,66.25360870361328,0.9180719580222215,83006171,ECCC-10PC005
ECCC-10QA001,-111.9022216796875,67.63500213623047,0.9696457449935829,83002962,ECCC-10QA001
ECCC-10RA001,-106.08583068847656,65.18721771240234,0.23565111806420821,83009431,ECCC-10RC001
ECCC-10RA002,-104.49056243896484,65.01055908203125,0.21228463692936073,83009473,ECCC-10RC001
ECCC-10RC001,-96.51081085205078,66.08614349365234,0.8857282765489701,83006005,ECCC-10RC001
ECCC-10RC002,-95.88127899169922,65.46582794189453,0.6142329085673979,83009587,ECCC-10RC001
ECCC-10UH001,-68.58061218261719,63.76641845703125,0.32779195713721376,85009406,ECCC-10UH001
ECCC-10UH002,-68.4515609741211,63.73603057861328,0.14967393388210276,85009423,ECCC-10UH002
ECCC-11AA001,-112.97293090820312,49.0219612121582,0.08574312938278446,74000070,USGS-07374000
ECCC-11AA005,-112.08170318603516,49.14360046386719,0.7504092153342381,74000038,USGS-07374000
ECCC-11AA025,-112.54589080810548,49.00753021240234,0.6883420092727563,74000071,USGS-07374000
